x1,y1,z1,x2,y2,z2
-0.8589277629,0.1216078541,-0.0678156933,-0.1003876786,0.1425220111,-0.0850216982
0.7596781018,1.6708493372,0.3895064434,-0.8410983624,0.7452536875,0.0772495602
1.6178351592,0.6716637124,0.6765417544,-0.0869003373,1.1625059973,0.8221009572
1.8783028207,0.9859423023,1.7565790767,-0.418153016,2.4717648913,0.2344930234
0.8098471709,-0.1152430843,-0.9586951127,-0.1971224589,-1.6947623955,1.3248698703
0.2685557603,1.3379867984,0.2259310501,0.0391933774,-0.4899132368,1.358065421
2.3081041624,-0.1799348825,-0.2335722843,-0.7593299676,1.8440942522,-0.7372868167
0.2828880116,0.5401796864,-1.3322205275,-1.2926664099,0.3675265892,-0.5633731797
1.7522576891,0.2160472821,0.1621277154,0.9506245266,-0.3286957189,-0.0551875444
-0.0858584825,-0.0302080519,-0.2106958364,1.5272555356,2.140810573,-0.1047271725
-0.6649268092,0.9191358271,0.0024365368,2.2523190195,2.0306448638,0.6537487567
-0.5482887328,-0.528565328,-0.8010929133,1.849369629,-0.9049177044,1.9999387
0.9352361915,1.839410687,0.0206282398,0.8336187142,-0.736099554,2.1181425229
-1.0242123078,1.0453900945,0.2043660508,2.4299833117,-0.4799451866,1.5259703198
0.6448471525,-1.4449871864,0.5057187975,1.7358332289,1.0507671717,-0.621228886
0.0793568349,0.5610384576,0.3258027116,3.1969496555,2.3104524686,0.4098656976
0.3767198681,0.6508724004,-0.4163400638,-0.9095124784,3.562148601,0.6558445311
0.4622405132,0.2630678967,0.3606519759,0.9839322651,-1.2435609257,2.1151905092
0.9730281032,-0.0170236541,0.1078012939,-0.9924494245,2.8125156911,0.3117759932
-0.1142699854,-1.0809861499,0.5527839535,2.349425425,0.0354567948,1.783211657
-0.0339408301,-1.3584661724,1.8213335473,-1.6055078405,-0.764543463,0.472856802
0.8113770102,0.4486534327,-0.6988381852,2.6821612242,-0.463534095,0.9184087229
0.1732167621,-1.2130157816,-0.2131157978,2.2266516916,0.1219698813,3.3635786789
1.1305037828,0.9416225259,1.4333031338,-0.77570783,3.1037238733,0.2531213239
0.5534846619,1.187521712,-0.344003528,0.5690309219,-3.078032667,2.0049424545
0.4408051819,1.0721490629,1.1156507032,0.3108492826,3.9472215857,0.725818892
0.1489908379,0.2192557273,1.7759350352,2.3993520613,-2.3010720086,-0.7914144277
-0.4932192574,-0.2394537472,0.5586193474,-1.6604570241,0.5224051647,0.3398002509
-0.4004950759,-0.9884462751,0.8621228869,3.7674787806,2.0939911406,1.4363369223
0.624356936,0.1338177272,0.8978106212,3.0533345917,-0.206807957,-0.6447592864
-1.3471427126,1.6544864786,1.4544028137,-3.3593236819,-0.102937553,1.0625201149
-1.3310904712,1.2712089703,-1.0706190343,3.4373048255,1.9374148209,-0.8846043936
0.5804077522,-1.0810268018,1.3169228524,-3.0761100181,2.1393992981,0.5908380978
1.312281898,-0.4197999969,-1.3261700212,-0.8428503435,2.317317112,-1.7751760161
1.1662510448,-0.4471751797,0.9222156872,3.5000855635,2.0426696667,1.0338677503
0.372976659,0.1184514353,2.5094659205,0.1650855967,-2.8304406231,-0.4510817152
0.3359597935,-0.0223066376,-1.9436927649,-0.3395612683,-1.2961722286,2.8990035648
-0.7912638896,-0.425602184,2.6125820089,-1.7474744854,-0.0602624529,1.5048507431
2.9567934652,-0.4114935903,-0.7915261096,3.561488865,-0.2882155343,-0.1999706229
-1.4463585313,-0.7193853292,1.642170005,1.8353330132,3.9347899983,2.7185015741
0.8023717332,0.3624147022,-0.4007607915,-1.904280866,0.1857083693,-2.3789649391
2.6959463972,0.7438305252,-0.5737413158,-0.9126889599,-0.4959446393,-1.0329530247
-1.8057711501,2.8060588424,-0.3236184447,-2.3782536299,-1.3782536299,-0.3782536299
-0.5854437822,-1.5768149172,-0.3153219443,-1.3782536299,-0.3782536299,0.6217463701
1.7414723431,1.9782950492,1.5107396799,-0.3782536299,0.6217463701,1.6217463701
0.0551660442,-0.4857912559,-0.1790718935,0.6217463701,1.6217463701,2.6217463701
0.2189958198,-0.471516165,2.3424491556,1.6217463701,2.6217463701,3.6217463701
1.5694460641,-0.9702005095,0.3738675153,2.6217463701,3.6217463701,4.6217463701
-0.9477134872,0.144654489,1.7482228543,3.6217463701,4.6217463701,5.6217463701
0.2153170497,-1.1554680119,0.6394090139,4.6217463701,5.6217463701,6.6217463701
0.2832746646,-0.7987903215,2.7092355588,5.6217463701,6.6217463701,7.6217463701
-1.0343310105,1.0718545141,-0.6834886072,6.6217463701,7.6217463701,8.6217463701
0.4275675254,-1.6976372442,1.456984461,7.6217463701,8.6217463701,9.6217463701
-0.2965181592,-0.3698290358,2.8391402018,8.6217463701,9.6217463701,10.6217463701
1.7166604706,-2.052036677,1.3360440713,9.6217463701,10.6217463701,11.6217463701
-0.0124001672,-0.4214479192,0.3827584158,10.6217463701,11.6217463701,12.6217463701
1.2531944187,2.4386449692,0.2689278451,11.6217463701,12.6217463701,13.6217463701
-0.9450742833,-0.4589286931,0.0404724393,12.6217463701,13.6217463701,14.6217463701
3.0964768035,0.4650138343,1.1581931147,13.6217463701,14.6217463701,15.6217463701
-0.2872151908,1.7717243766,-0.256698471,14.6217463701,15.6217463701,16.6217463701
1.4511995138,-0.7248724203,-0.2167763944,15.6217463701,16.6217463701,17.6217463701
1.6992221256,2.1764851114,0.5362076063,16.6217463701,17.6217463701,18.6217463701
2.6985067215,-0.3530010375,1.3304227624,17.6217463701,18.6217463701,19.6217463701
-0.0289175063,1.5056927257,2.0702819011,18.6217463701,19.6217463701,20.6217463701
1.2171667627,2.2241795348,-1.3907338399,19.6217463701,20.6217463701,21.6217463701
2.4664681058,0.1607183784,2.9532936338,20.6217463701,21.6217463701,22.6217463701
-0.112577515,2.312967402,-1.9399451602,21.6217463701,22.6217463701,23.6217463701
2.3852063002,-0.4470602219,-0.0039734273,22.6217463701,23.6217463701,24.6217463701
-0.8942263608,-1.6631492377,0.886561343,23.6217463701,24.6217463701,25.6217463701
1.3840003179,0.6684040787,1.1812885291,24.6217463701,25.6217463701,26.6217463701
-0.7690022415,0.0834804524,-1.262085897,25.6217463701,26.6217463701,27.6217463701
1.925618145,0.1340542782,-1.4421244231,26.6217463701,27.6217463701,28.6217463701
-0.2967180195,-1.6404115105,-1.8027500304,27.6217463701,28.6217463701,29.6217463701
-0.7182277691,-0.044665343,1.083032836,28.6217463701,29.6217463701,30.6217463701
0.2087532842,-1.85302061,-0.8566714878,29.6217463701,30.6217463701,31.6217463701
2.5278275737,-0.0552670652,0.4976338113,30.6217463701,31.6217463701,32.6217463701
1.9361555668,0.4330941457,-1.1435822743,31.6217463701,32.6217463701,33.6217463701
-0.7540035598,0.2079788487,-1.7601838495,32.6217463701,33.6217463701,34.6217463701
2.1406309631,-1.1487880381,0.9698357214,33.6217463701,34.6217463701,35.6217463701
0.7798479936,-1.457814943,-0.0611391939,34.6217463701,35.6217463701,36.6217463701
0.5029733811,-0.064439572,-1.5751116183,35.6217463701,36.6217463701,37.6217463701
0.7981841388,-1.0163306583,0.327935337,36.6217463701,37.6217463701,38.6217463701
-0.4012312964,0.7987757924,0.8815620679,37.6217463701,38.6217463701,39.6217463701
-0.75836867,0.0088023246,1.1900765304,38.6217463701,39.6217463701,40.6217463701
0.4476724485,-0.2118134367,-1.3685967466,39.6217463701,40.6217463701,41.6217463701
-0.1884311842,1.8238898383,0.055024574,40.6217463701,41.6217463701,42.6217463701
1.7949769201,-1.1603031081,1.4279058454,41.6217463701,42.6217463701,43.6217463701
-0.6253067194,0.8105218911,1.8354119289,42.6217463701,43.6217463701,44.6217463701
-0.6157242776,-2.162426039,0.3562357631,43.6217463701,44.6217463701,45.6217463701
-2.0673599897,1.1679034155,2.215492038,44.6217463701,45.6217463701,46.6217463701
1.0647459687,1.9541641911,0.0197273411,45.6217463701,46.6217463701,47.6217463701
-0.1288669415,0.6521161072,1.5059657711,46.6217463701,47.6217463701,48.6217463701
-0.4525171798,-0.8347817333,-1.1130708317,47.6217463701,48.6217463701,49.6217463701
0.0200862867,0.4150371094,2.1434045096,48.6217463701,49.6217463701,50.6217463701
0.4213793255,-0.778352628,-2.1513504107,49.6217463701,50.6217463701,51.6217463701
-1.0878312666,2.4413651687,-0.5756294559,50.6217463701,51.6217463701,52.6217463701
3.0902273875,0.6577062776,-0.5802962321,51.6217463701,52.6217463701,53.6217463701
0.0277330763,1.628654753,1.0913945078,52.6217463701,53.6217463701,54.6217463701
-1.5955390771,-0.2385191547,0.9105393447,53.6217463701,54.6217463701,55.6217463701
3.0244739842,0.1511307846,0.8491651909,54.6217463701,55.6217463701,56.6217463701
0.7429388981,-1.6872866999,0.7120245253,55.6217463701,56.6217463701,57.6217463701
-0.0669009525,1.9768849693,1.7445872731,56.6217463701,57.6217463701,58.6217463701
1.1135351069,-1.475858386,-0.3766701438,57.6217463701,58.6217463701,59.6217463701
0.3496913259,0.8605103494,2.1277444105,58.6217463701,59.6217463701,60.6217463701
1.2746456524,0.8960686715,1.2590262844,59.6217463701,60.6217463701,61.6217463701
-0.8496608788,0.9201598898,1.9613721507,60.6217463701,61.6217463701,62.6217463701
-0.7187728363,1.899720947,1.5923273714,61.6217463701,62.6217463701,63.6217463701
1.4081636604,2.5658404184,2.4677638333,62.6217463701,63.6217463701,64.6217463701
-0.7533218944,-0.6881633458,-0.4702679442,63.6217463701,64.6217463701,65.6217463701
2.5179609672,-0.1784161734,-0.0420247515,64.6217463701,65.6217463701,66.6217463701
0.6234612428,0.1775400448,-2.3386002059,65.6217463701,66.6217463701,67.6217463701
2.4783552133,-1.8355091926,1.0489898903,66.6217463701,67.6217463701,68.6217463701
-1.5364296424,0.884131037,2.6613154069,67.6217463701,68.6217463701,69.6217463701
0.1598714208,-1.1069093154,0.9645086571,68.6217463701,69.6217463701,70.6217463701
-0.3956987963,2.495646873,0.6403649478,69.6217463701,70.6217463701,71.6217463701
-1.1167909188,2.4178084468,2.8167192067,70.6217463701,71.6217463701,72.6217463701
0.4482451686,1.6496380009,0.2289653057,71.6217463701,72.6217463701,73.6217463701
1.555020247,0.093962242,0.9778107684,72.6217463701,73.6217463701,74.6217463701
-0.3437497437,2.3674353785,0.6489378508,73.6217463701,74.6217463701,75.6217463701
0.7240584995,-0.5628164424,1.4237921948,74.6217463701,75.6217463701,76.6217463701
-0.6860906926,-0.7878609856,1.3706375729,75.6217463701,76.6217463701,77.6217463701
1.3258107783,1.9255888627,-0.3640446675,76.6217463701,77.6217463701,78.6217463701
1.256163945,0.6560216071,-1.4828927614,77.6217463701,78.6217463701,79.6217463701
-0.4849648906,-0.4158439092,0.1427115203,78.6217463701,79.6217463701,80.6217463701
-0.4602716142,-0.3171291356,1.6185278327,79.6217463701,80.6217463701,81.6217463701
-0.8414872313,1.3631950381,2.1786601313,80.6217463701,81.6217463701,82.6217463701
-1.3682059457,-0.5615390854,0.1460350476,81.6217463701,82.6217463701,83.6217463701
0.9082479436,2.8673151948,-0.0631542222,82.6217463701,83.6217463701,84.6217463701
0.6705135109,3.1756790508,0.5191632807,83.6217463701,84.6217463701,85.6217463701
0.021212133,-1.3687919662,0.241676404,84.6217463701,85.6217463701,86.6217463701
-1.1226718407,-1.3232320816,-1.2306156062,85.6217463701,86.6217463701,87.6217463701
2.5245398752,2.5459008189,1.3961406305,86.6217463701,87.6217463701,88.6217463701
0.0849019588,2.1270438731,-0.717190093,87.6217463701,88.6217463701,89.6217463701
1.7420758675,1.1204485818,1.9725382662,88.6217463701,89.6217463701,90.6217463701
-1.0027007829,0.2524628956,1.0278541393,89.6217463701,90.6217463701,91.6217463701
1.9055764672,1.9489049153,0.4038169274,90.6217463701,91.6217463701,92.6217463701
-2.1465408866,1.5749030524,1.1012479981,91.6217463701,92.6217463701,93.6217463701
-1.5290870728,-0.0473029128,-0.6820817641,92.6217463701,93.6217463701,94.6217463701
-0.6406441168,1.7763401801,1.2899855924,93.6217463701,94.6217463701,95.6217463701
1.6764385671,0.1284978267,1.8250747491,94.6217463701,95.6217463701,96.6217463701
2.256028894,-1.8851781892,0.0986393149,95.6217463701,96.6217463701,97.6217463701
1.8313421928,-0.7175045535,-0.6919231446,96.6217463701,97.6217463701,98.6217463701
-1.7201027877,1.2884030983,0.201204242,97.6217463701,98.6217463701,99.6217463701
2.7492637116,0.3836528313,-0.4993321578,98.6217463701,99.6217463701,100.6217463701
-1.7478204639,2.2559069021,0.560136842,99.6217463701,100.6217463701,101.6217463701
2.0083827727,0.9322342985,-0.2236434417,100.6217463701,101.6217463701,102.6217463701
2.7737590263,-0.0341076218,-0.196720228,101.6217463701,102.6217463701,103.6217463701
-0.8096025007,-1.0105457767,-0.9482327065,102.6217463701,103.6217463701,104.6217463701
0.4448103611,1.5098735864,-1.3328533898,103.6217463701,104.6217463701,105.6217463701
-0.8625468783,0.7465851343,-1.6615764928,104.6217463701,105.6217463701,106.6217463701
1.9793213189,0.3079686718,-1.3031172044,105.6217463701,106.6217463701,107.6217463701
-0.0161110138,1.2305875859,-1.7836614223,106.6217463701,107.6217463701,108.6217463701
-0.5671827837,1.9692652804,2.2026224712,107.6217463701,108.6217463701,109.6217463701
-0.0148935369,0.2487443599,1.3678398575,108.6217463701,109.6217463701,110.6217463701
1.2913601594,-1.2084380369,3.1624580145,109.6217463701,110.6217463701,111.6217463701
-0.447459512,-0.2255508662,-0.2669651758,110.6217463701,111.6217463701,112.6217463701
2.0120330206,-1.5861365356,0.3434707034,111.6217463701,112.6217463701,113.6217463701
3.652660946,2.1629656829,1.2118247162,112.6217463701,113.6217463701,114.6217463701
3.5113460301,2.0389498196,-1.4398732243,113.6217463701,114.6217463701,115.6217463701
-2.607709811,-0.8955581239,0.748177096,114.6217463701,115.6217463701,116.6217463701
2.2484606944,1.1514641848,-2.0093921767,115.6217463701,116.6217463701,117.6217463701
0.9668904892,2.642789672,2.7041976367,116.6217463701,117.6217463701,118.6217463701
-0.8809188473,1.352645185,3.4820727315,117.6217463701,118.6217463701,119.6217463701
1.5645090186,1.1819466512,3.8447765867,118.6217463701,119.6217463701,120.6217463701
3.2316686447,0.5309474694,1.7063355625,119.6217463701,120.6217463701,121.6217463701
-1.1846763583,3.0193767623,2.0497293375,120.6217463701,121.6217463701,122.6217463701
-1.6469887755,1.6852952384,2.2797879131,121.6217463701,122.6217463701,123.6217463701
1.0999706466,1.3381980827,2.5922133783,122.6217463701,123.6217463701,124.6217463701
1.3746280044,-2.8331143038,1.2282913823,123.6217463701,124.6217463701,125.6217463701
0.0355155516,-2.5770511685,0.9332214912,124.6217463701,125.6217463701,126.6217463701
1.6846121378,2.3202130622,0.130104933,125.6217463701,126.6217463701,127.6217463701
2.8066502452,0.1752796492,-0.1270685513,126.6217463701,127.6217463701,128.6217463701
0.9347282774,-0.3561858191,-2.761999359,127.6217463701,128.6217463701,129.6217463701
0.1027425231,-1.9591778066,-1.0210086501,128.6217463701,129.6217463701,130.6217463701
-0.1424814808,1.1306508675,-1.9304852563,129.6217463701,130.6217463701,131.6217463701
-0.984400135,-1.5693579845,-0.3354448216,130.6217463701,131.6217463701,132.6217463701
2.5408834026,3.1670421582,1.4021750201,131.6217463701,132.6217463701,133.6217463701
-2.6451440066,1.618966992,0.9175880183,132.6217463701,133.6217463701,134.6217463701
0.1935973568,1.0926346267,3.7744653482,133.6217463701,134.6217463701,135.6217463701
-1.5822285085,0.0482791435,-2.7502943499,134.6217463701,135.6217463701,136.6217463701
3.0990856592,-0.3504948103,1.4466769671,135.6217463701,136.6217463701,137.6217463701
3.5367959438,0.0014084887,2.2253189898,136.6217463701,137.6217463701,138.6217463701
2.8288012294,-0.7422786637,-0.3032349359,137.6217463701,138.6217463701,139.6217463701
2.713061129,-2.1786259679,-0.1559444144,138.6217463701,139.6217463701,140.6217463701
1.517531762,-2.6216193203,0.5280214312,139.6217463701,140.6217463701,141.6217463701
-1.6054912397,3.1161853132,1.8720097717,140.6217463701,141.6217463701,142.6217463701
2.0658282666,2.3795011715,0.8665488427,141.6217463701,142.6217463701,143.6217463701
0.4152565454,-0.7185687952,-1.8480135065,142.6217463701,143.6217463701,144.6217463701
0.8029583977,-1.2923949171,2.3161344095,143.6217463701,144.6217463701,145.6217463701
-1.8334520961,1.9026908508,0.4659530278,144.6217463701,145.6217463701,146.6217463701
2.8946827414,0.1241929963,-2.5392992822,145.6217463701,146.6217463701,147.6217463701
1.0832082373,3.1817054745,0.2591623917,146.6217463701,147.6217463701,148.6217463701
1.1085158566,-1.790841888,0.7154088984,147.6217463701,148.6217463701,149.6217463701
2.3582491688,-0.0046224891,-1.2304746859,148.6217463701,149.6217463701,150.6217463701
-0.0895465416,-0.2920036011,-2.2494246767,149.6217463701,150.6217463701,151.6217463701
2.0756421225,-2.334112857,0.7679090971,150.6217463701,151.6217463701,152.6217463701
-0.5403005169,1.8311289033,2.5094672305,151.6217463701,152.6217463701,153.6217463701
-2.5131567556,-0.6590190265,0.3871290743,152.6217463701,153.6217463701,154.6217463701
2.5608701531,-3.0646541849,1.4799704601,153.6217463701,154.6217463701,155.6217463701
-1.6847755,-1.7269983388,-1.0376827941,154.6217463701,155.6217463701,156.6217463701
0.1596179974,0.6238959976,-1.4419796443,155.6217463701,156.6217463701,157.6217463701
-0.0096568388,0.9646046827,3.8218594862,156.6217463701,157.6217463701,158.6217463701
2.3818931544,-1.1726729732,-0.1145334278,157.6217463701,158.6217463701,159.6217463701
-1.7704717941,1.3660619185,1.2744642859,158.6217463701,159.6217463701,160.6217463701
0.8235661449,-2.5124610889,0.608939105,159.6217463701,160.6217463701,161.6217463701
2.1972597356,-2.2466197309,3.1909782455,160.6217463701,161.6217463701,162.6217463701
-2.3070097181,0.1031554931,0.8757601861,161.6217463701,162.6217463701,163.6217463701
-2.6854350728,-0.7069101949,1.9262912281,162.6217463701,163.6217463701,164.6217463701
-2.093564272,0.9191446474,1.3296617099,163.6217463701,164.6217463701,165.6217463701
-1.6228042158,-1.324746797,0.9378742762,164.6217463701,165.6217463701,166.6217463701
3.5241757433,1.3365540741,-0.7924472925,165.6217463701,166.6217463701,167.6217463701
0.9821107451,-1.8052380539,-0.4697770334,166.6217463701,167.6217463701,168.6217463701
-1.4434016965,-1.8872508137,0.0686468886,167.6217463701,168.6217463701,169.6217463701
-3.1226208118,-0.9243357683,0.4086036099,168.6217463701,169.6217463701,170.6217463701
-1.7932352795,2.796619741,-0.6588317937,169.6217463701,170.6217463701,171.6217463701
2.3743612131,-3.2111180062,-0.7343064322,170.6217463701,171.6217463701,172.6217463701
1.410472811,-1.889484927,-1.7530181337,171.6217463701,172.6217463701,173.6217463701
3.9496703856,0.3046247509,0.2665503365,172.6217463701,173.6217463701,174.6217463701
0.8901159022,3.7109454179,-0.276849,173.6217463701,174.6217463701,175.6217463701
1.2920975299,-2.0095095006,-0.1912122768,174.6217463701,175.6217463701,176.6217463701
0.1575116955,-0.569909561,-2.3411788239,175.6217463701,176.6217463701,177.6217463701
2.0359631564,1.1550095758,-2.1524276639,176.6217463701,177.6217463701,178.6217463701
-0.2395381473,-1.7992951889,-1.5465379788,177.6217463701,178.6217463701,179.6217463701
0.6674567638,2.482041116,3.8455390596,178.6217463701,179.6217463701,180.6217463701
1.4603422252,2.2686359219,2.0859967197,179.6217463701,180.6217463701,181.6217463701
1.420652408,-0.9736502331,3.0072954702,180.6217463701,181.6217463701,182.6217463701
2.4016181221,1.952552287,3.5774590399,181.6217463701,182.6217463701,183.6217463701
2.8195353674,-2.2957776797,-0.1987407979,182.6217463701,183.6217463701,184.6217463701
3.1390491576,0.542101332,0.6974465287,183.6217463701,184.6217463701,185.6217463701
-0.8094244609,1.1154775798,-1.169502363,184.6217463701,185.6217463701,186.6217463701
-0.613515343,-0.6966550454,3.2160907732,185.6217463701,186.6217463701,187.6217463701
-2.375971246,2.0614564919,2.5313921217,186.6217463701,187.6217463701,188.6217463701
-0.1024544509,-2.4611970179,1.4518229867,187.6217463701,188.6217463701,189.6217463701
1.1027808038,3.8063495473,0.995666408,188.6217463701,189.6217463701,190.6217463701
1.3597903697,-1.0760015564,3.0361944844,189.6217463701,190.6217463701,191.6217463701
1.4398405711,0.4383171766,2.7404191903,190.6217463701,191.6217463701,192.6217463701
-1.3260247109,-2.6666268191,0.7567068194,191.6217463701,192.6217463701,193.6217463701
0.2322472383,0.8738935059,-2.211630423,192.6217463701,193.6217463701,194.6217463701
2.2246762927,1.8814822171,-0.6533137131,193.6217463701,194.6217463701,195.6217463701
1.3282715885,-1.6866632024,-0.0304431803,194.6217463701,195.6217463701,196.6217463701
-0.5922662118,-2.9308270108,-0.7947110046,195.6217463701,196.6217463701,197.6217463701
-2.2764609507,-0.6658783681,0.3758505486,196.6217463701,197.6217463701,198.6217463701
0.3772057382,-0.3795051585,3.6351727918,197.6217463701,198.6217463701,199.6217463701
0.3532277181,0.9233185371,-1.3415776779,198.6217463701,199.6217463701,200.6217463701
1.9365658403,2.2912787436,-1.4417122952,199.6217463701,200.6217463701,201.6217463701
1.9508653414,0.1431832377,-1.5545707959,200.6217463701,201.6217463701,202.6217463701
1.3850025222,1.5905466156,2.5616572882,201.6217463701,202.6217463701,203.6217463701
2.7354461508,-0.8998886232,1.6279936452,202.6217463701,203.6217463701,204.6217463701
1.1370189711,2.0513032934,1.8582295438,203.6217463701,204.6217463701,205.6217463701
1.8764381851,-0.6716980815,0.4082338538,204.6217463701,205.6217463701,206.6217463701
0.9359313778,-1.680161371,-0.64624139,205.6217463701,206.6217463701,207.6217463701
0.147656458,-3.2366370569,-0.053112646,206.6217463701,207.6217463701,208.6217463701
0.7074027835,3.4648266189,-1.3707554746,207.6217463701,208.6217463701,209.6217463701
-2.2703436047,-0.1979243802,2.0496668366,208.6217463701,209.6217463701,210.6217463701
-0.2154952971,2.4863522405,3.1618163133,209.6217463701,210.6217463701,211.6217463701
1.8470127087,-1.2770683095,3.0700288637,210.6217463701,211.6217463701,212.6217463701
-1.5916601874,-1.2825231309,-0.7402546926,211.6217463701,212.6217463701,213.6217463701
-0.089927912,-0.4716928057,3.0064934056,212.6217463701,213.6217463701,214.6217463701
-1.7678015318,2.4189254396,-0.6037871391,213.6217463701,214.6217463701,215.6217463701
1.631746097,2.6531368931,3.1721116444,214.6217463701,215.6217463701,216.6217463701
-0.9284952961,3.0382226452,0.6280773987,215.6217463701,216.6217463701,217.6217463701
3.1996064945,2.7242866612,1.5567501264,216.6217463701,217.6217463701,218.6217463701
2.3301190954,-0.7149296974,1.6152632584,217.6217463701,218.6217463701,219.6217463701
2.3970613833,3.3336285434,1.9896498101,218.6217463701,219.6217463701,220.6217463701
1.0178529672,-2.3093495969,2.7277826859,219.6217463701,220.6217463701,221.6217463701
0.6582426173,-1.8331080359,1.7331256178,220.6217463701,221.6217463701,222.6217463701
2.6633791194,0.7658250466,-0.6817400402,221.6217463701,222.6217463701,223.6217463701
-0.8130820762,1.8625913635,0.2296358252,222.6217463701,223.6217463701,224.6217463701
-1.4334751533,1.843401262,0.923434549,223.6217463701,224.6217463701,225.6217463701
-1.8174326275,0.0669288768,-2.3440576742,224.6217463701,225.6217463701,226.6217463701
-1.2324986924,2.5883572506,-0.1692127905,225.6217463701,226.6217463701,227.6217463701
1.7035864514,0.1905212129,1.9430633191,226.6217463701,227.6217463701,228.6217463701
2.3483065254,2.109423965,2.5981827883,227.6217463701,228.6217463701,229.6217463701
-0.0312840792,1.9122927171,3.6600176436,228.6217463701,229.6217463701,230.6217463701
0.556217873,1.1982895608,-2.2716698752,229.6217463701,230.6217463701,231.6217463701
-2.0925467674,1.2467901386,-0.8390820213,230.6217463701,231.6217463701,232.6217463701
2.2014744657,0.6115463443,-2.6232871822,231.6217463701,232.6217463701,233.6217463701
2.261187577,2.3454824253,0.5038500364,232.6217463701,233.6217463701,234.6217463701
-0.1360855305,0.9951905583,3.4378297103,233.6217463701,234.6217463701,235.6217463701
-1.1778581251,1.9657777316,-2.1213259508,234.6217463701,235.6217463701,236.6217463701
3.0097027106,-2.0897432729,0.5641998297,235.6217463701,236.6217463701,237.6217463701
-2.388579765,2.0723866186,-0.8935125044,236.6217463701,237.6217463701,238.6217463701
1.6070092507,2.9101880333,-0.6923120836,237.6217463701,238.6217463701,239.6217463701
-0.3103175213,0.3649748188,2.5978830982,238.6217463701,239.6217463701,240.6217463701
-0.0530433912,-0.9832238794,-0.5841871756,239.6217463701,240.6217463701,241.6217463701
-1.9263356301,2.0541854436,-0.6056734326,240.6217463701,241.6217463701,242.6217463701
-0.7927931307,2.5610975695,2.8269365135,241.6217463701,242.6217463701,243.6217463701
0.2946582239,-1.7075703681,1.8942990703,242.6217463701,243.6217463701,244.6217463701
-1.0780747531,3.1597388295,0.1637021671,243.6217463701,244.6217463701,245.6217463701
1.7759712033,-2.4591254563,0.711224952,244.6217463701,245.6217463701,246.6217463701
2.3047186491,-0.2244784898,1.3587716506,245.6217463701,246.6217463701,247.6217463701
0.7351579218,-2.4449872085,1.136846562,246.6217463701,247.6217463701,248.6217463701
0.3069339865,-1.4421596298,3.3761831563,247.6217463701,248.6217463701,249.6217463701
3.0009153811,0.7895945018,2.1998028067,248.6217463701,249.6217463701,250.6217463701
-0.3713534011,2.530803651,-0.6665107038,249.6217463701,250.6217463701,251.6217463701
-2.7100170571,-0.3632005364,0.7114959584,250.6217463701,251.6217463701,252.6217463701
-0.3411553965,-2.0753814119,2.3997591122,251.6217463701,252.6217463701,253.6217463701
0.5226134579,-1.9107044367,-0.9651133545,252.6217463701,253.6217463701,254.6217463701
-1.9308596594,2.7333927951,2.2250950601,253.6217463701,254.6217463701,255.6217463701
2.7947849922,2.4606073139,0.0355714374,254.6217463701,255.6217463701,256.6217463701
-0.3138710299,2.8609059716,-0.1322999035,255.6217463701,256.6217463701,257.6217463701
2.1205109265,-1.8463075069,-1.7789638997,256.6217463701,257.6217463701,258.6217463701
3.0014138959,0.9036150836,-1.8801157057,257.6217463701,258.6217463701,259.6217463701
-0.0053580278,-1.4082619244,-0.1993243069,258.6217463701,259.6217463701,260.6217463701
-2.0777556239,0.5493348265,0.7838170066,259.6217463701,260.6217463701,261.6217463701
0.7175211539,-1.6522030196,1.7297187103,260.6217463701,261.6217463701,262.6217463701
-1.9689522696,-1.2977786919,0.0811703406,261.6217463701,262.6217463701,263.6217463701
-0.1235003845,-1.0869645629,1.5258468201,262.6217463701,263.6217463701,264.6217463701
3.8229894954,1.8218592061,-0.7506107933,263.6217463701,264.6217463701,265.6217463701
2.6445762582,1.8155991252,-0.5981377767,264.6217463701,265.6217463701,266.6217463701
0.8511225682,3.1855667607,-2.299146036,265.6217463701,266.6217463701,267.6217463701
-0.4334542611,3.4345867158,2.4354621668,266.6217463701,267.6217463701,268.6217463701
1.3273217199,2.5690208932,-1.5260705032,267.6217463701,268.6217463701,269.6217463701
2.9242297147,-0.9622657599,1.7426595599,268.6217463701,269.6217463701,270.6217463701
1.6046182111,0.7636221955,2.5217237084,269.6217463701,270.6217463701,271.6217463701
-1.5794342766,-0.6176448248,1.2554669378,270.6217463701,271.6217463701,272.6217463701
-0.4719022044,-2.6549468117,1.7919417213,271.6217463701,272.6217463701,273.6217463701
-1.7115625839,2.3853655969,-0.1477371074,272.6217463701,273.6217463701,274.6217463701
3.6654309128,-1.5554322567,0.7950177821,273.6217463701,274.6217463701,275.6217463701
-0.7939525432,3.5992319811,-1.1391468757,274.6217463701,275.6217463701,276.6217463701
2.770307023,-1.0322784297,-0.6307507627,275.6217463701,276.6217463701,277.6217463701
3.9241797711,1.5027492465,0.7840658824,276.6217463701,277.6217463701,278.6217463701
0.1788195115,-2.3231577158,3.0831608005,277.6217463701,278.6217463701,279.6217463701
0.627177838,1.9603434942,2.5839820636,278.6217463701,279.6217463701,280.6217463701
-0.1072674571,-1.0089788933,2.3539867074,279.6217463701,280.6217463701,281.6217463701
1.0371381158,-1.4707371631,-2.6486186899,280.6217463701,281.6217463701,282.6217463701
0.8526995878,-1.982756575,-1.8690021669,281.6217463701,282.6217463701,283.6217463701
-0.7101376026,0.6912124017,-2.4697218512,282.6217463701,283.6217463701,284.6217463701
2.5966524092,0.3427007144,-0.7157140197,283.6217463701,284.6217463701,285.6217463701
3.510284893,-1.0585225026,0.364783445,284.6217463701,285.6217463701,286.6217463701
-0.0302576844,1.6276318205,-1.9590492554,285.6217463701,286.6217463701,287.6217463701
-1.5724782679,-0.7004745205,1.4275687128,286.6217463701,287.6217463701,288.6217463701
-0.268406153,-0.6499507897,2.9576026979,287.6217463701,288.6217463701,289.6217463701
-0.2389583801,0.9075414952,-1.9307853754,288.6217463701,289.6217463701,290.6217463701
0.3863292912,-3.0896134443,0.7643965375,289.6217463701,290.6217463701,291.6217463701
2.75650828,-0.9570469195,0.3076130483,290.6217463701,291.6217463701,292.6217463701
2.6537459344,-1.6343638584,1.3206220129,291.6217463701,292.6217463701,293.6217463701
3.3230857901,1.3754293564,-0.3669086724,292.6217463701,293.6217463701,294.6217463701
2.6339472526,2.1316057303,0.8661847362,293.6217463701,294.6217463701,295.6217463701
-2.3161128496,2.0971357949,-1.9643890222,294.6217463701,295.6217463701,296.6217463701
0.7923684811,-0.1789631305,-2.8784858648,295.6217463701,296.6217463701,297.6217463701
1.7525019832,3.7808023883,0.1624114505,296.6217463701,297.6217463701,298.6217463701
-2.0863833566,-1.6904569367,1.9202490883,297.6217463701,298.6217463701,299.6217463701
-0.5808242103,-1.8183943641,-0.5035465457,298.6217463701,299.6217463701,300.6217463701
-2.3731376437,-1.8925798284,1.9398529777,299.6217463701,300.6217463701,301.6217463701
3.1580950197,-0.3356181589,-0.7998728245,300.6217463701,301.6217463701,302.6217463701
0.1191664122,2.8700204408,-2.1638706892,301.6217463701,302.6217463701,303.6217463701
-0.4082025326,2.7847116183,-1.8099835158,302.6217463701,303.6217463701,304.6217463701
-1.4079287575,-0.3514285202,-0.9739083784,303.6217463701,304.6217463701,305.6217463701
1.7336942122,-1.3579120311,-2.6336314753,304.6217463701,305.6217463701,306.6217463701
0.8531358582,-2.1453775609,-1.2285724116,305.6217463701,306.6217463701,307.6217463701
1.7601369996,-1.1968365919,-1.8986273131,306.6217463701,307.6217463701,308.6217463701
-0.4701560836,-1.6374679657,0.2543086369,307.6217463701,308.6217463701,309.6217463701
1.605400766,2.7436405342,-0.3424481777,308.6217463701,309.6217463701,310.6217463701
1.91131705,1.0348479234,-1.7579361628,309.6217463701,310.6217463701,311.6217463701
0.8008322739,2.1818030604,3.6137422298,310.6217463701,311.6217463701,312.6217463701
0.8779895623,0.1034850021,3.2093454456,311.6217463701,312.6217463701,313.6217463701
1.0214206012,3.8242243017,1.0773804381,312.6217463701,313.6217463701,314.6217463701
0.775024681,1.0092913139,-2.5159340011,313.6217463701,314.6217463701,315.6217463701
-1.0381609138,3.4972776431,0.8497152665,314.6217463701,315.6217463701,316.6217463701
-0.6724021919,4.2861374952,0.7736912278,315.6217463701,316.6217463701,317.6217463701
-2.0883018416,-0.8176139928,-1.5035842554,316.6217463701,317.6217463701,318.6217463701
2.0712696994,-0.8804181437,-0.9188725543,317.6217463701,318.6217463701,319.6217463701
0.5891186147,3.8527364708,-0.742950399,318.6217463701,319.6217463701,320.6217463701
-2.4324635232,-0.006181177,0.8986358877,319.6217463701,320.6217463701,321.6217463701
-1.775012952,-1.1888154935,0.0897799151,320.6217463701,321.6217463701,322.6217463701
0.3386038015,1.7351514372,-2.9387496609,321.6217463701,322.6217463701,323.6217463701
-1.3658782569,3.3495807435,2.0373550593,322.6217463701,323.6217463701,324.6217463701
-1.0178543586,1.1879464924,1.5473113225,323.6217463701,324.6217463701,325.6217463701
-0.2512023622,-1.711893632,-0.4773794988,324.6217463701,325.6217463701,326.6217463701
0.240488465,-2.5402221836,2.1028882977,325.6217463701,326.6217463701,327.6217463701
3.3742712502,-0.1343104867,3.0296043912,326.6217463701,327.6217463701,328.6217463701
-0.4277440324,-1.5210104841,2.8983977824,327.6217463701,328.6217463701,329.6217463701
-0.0160438693,-1.5873050401,1.2137403065,328.6217463701,329.6217463701,330.6217463701
-2.1236082009,1.2447275888,2.7587423646,329.6217463701,330.6217463701,331.6217463701
-0.0136300161,-0.3382896176,3.0321384012,330.6217463701,331.6217463701,332.6217463701
1.6457583931,-0.8744420185,-0.2359241398,331.6217463701,332.6217463701,333.6217463701
-0.3981135689,2.0722393226,0.7401123493,332.6217463701,333.6217463701,334.6217463701
2.536185795,1.7205120781,-0.5599091422,333.6217463701,334.6217463701,335.6217463701
1.9973250207,-2.1253668107,0.5765547374,334.6217463701,335.6217463701,336.6217463701
3.0375789327,0.2952061086,3.5287858832,335.6217463701,336.6217463701,337.6217463701
-1.542951805,0.2931176899,3.2465649755,336.6217463701,337.6217463701,338.6217463701
3.2903202055,-1.0685749822,-2.1795705226,337.6217463701,338.6217463701,339.6217463701
0.4085972172,2.1987761109,-2.9952880871,338.6217463701,339.6217463701,340.6217463701
-0.7845126431,-1.8141876903,1.2065206945,339.6217463701,340.6217463701,341.6217463701
1.9272778051,0.2857603935,-1.231078057,340.6217463701,341.6217463701,342.6217463701
1.5323720773,3.2769750457,-1.0645578068,341.6217463701,342.6217463701,343.6217463701
-1.2112316957,0.6666535467,-0.8498540417,342.6217463701,343.6217463701,344.6217463701
-0.5330991912,2.6607129184,2.5494122293,343.6217463701,344.6217463701,345.6217463701
-0.6485732604,0.6950467434,-1.8230966018,344.6217463701,345.6217463701,346.6217463701
-0.4137235692,-0.7897479865,-0.4100403615,345.6217463701,346.6217463701,347.6217463701
1.7096162105,0.547695082,3.6706706859,346.6217463701,347.6217463701,348.6217463701
-0.4386373514,-0.6391066173,-2.4809442904,347.6217463701,348.6217463701,349.6217463701
1.2818981639,1.6699618955,-1.1111192625,348.6217463701,349.6217463701,350.6217463701
-1.0081535738,-0.629234433,-0.4561532288,349.6217463701,350.6217463701,351.6217463701
-0.3554213357,-0.2383403447,4.2169195184,350.6217463701,351.6217463701,352.6217463701
2.3128762158,2.1554276991,-1.4984177389,351.6217463701,352.6217463701,353.6217463701
1.0441039521,-2.5307091409,0.3032584829,352.6217463701,353.6217463701,354.6217463701
0.7125929116,-2.0226212857,2.7031270498,353.6217463701,354.6217463701,355.6217463701
-0.7067274567,-2.5785682515,0.5130995313,354.6217463701,355.6217463701,356.6217463701
-1.8960033809,1.4101765312,1.1508131531,355.6217463701,356.6217463701,357.6217463701
1.6732040134,-0.7735815765,-1.5702902323,356.6217463701,357.6217463701,358.6217463701
1.8047732813,1.2209881669,2.9074225076,357.6217463701,358.6217463701,359.6217463701
-0.2466644248,-1.58524778,0.5476474511,358.6217463701,359.6217463701,360.6217463701
-0.1610836882,2.731881382,-0.3616359181,359.6217463701,360.6217463701,361.6217463701
-1.563705872,0.831344514,3.3657624984,360.6217463701,361.6217463701,362.6217463701
2.0610719842,-0.584843588,3.395032871,361.6217463701,362.6217463701,363.6217463701
-0.1959311762,-1.2917340851,1.1192219034,362.6217463701,363.6217463701,364.6217463701
0.1772883958,3.4975736926,-0.6792661347,363.6217463701,364.6217463701,365.6217463701
-1.2072935224,2.1074376212,-0.7355404821,364.6217463701,365.6217463701,366.6217463701
0.2941350541,0.6020342984,2.9275867975,365.6217463701,366.6217463701,367.6217463701
1.0973070254,0.3146974787,-1.8963836686,366.6217463701,367.6217463701,368.6217463701
0.2032919084,-0.4009169104,2.7271862902,367.6217463701,368.6217463701,369.6217463701
-0.9656095432,-2.704852845,1.0404591393,368.6217463701,369.6217463701,370.6217463701
3.2955377389,0.439331099,3.8541317084,369.6217463701,370.6217463701,371.6217463701
-2.7447949105,0.8070395413,-0.695988965,370.6217463701,371.6217463701,372.6217463701
-1.5314823469,-1.3948551165,-0.6161207169,371.6217463701,372.6217463701,373.6217463701
0.1829453146,-0.5246080021,-1.4701473282,372.6217463701,373.6217463701,374.6217463701
2.791055268,3.0359035997,1.4098600302,373.6217463701,374.6217463701,375.6217463701
3.0084719957,0.0093547861,3.2692456891,374.6217463701,375.6217463701,376.6217463701
0.3716869244,-1.490872134,-0.6680688102,375.6217463701,376.6217463701,377.6217463701
-1.4676453197,-0.3617083873,1.7504166863,376.6217463701,377.6217463701,378.6217463701
-1.3619623016,2.2455683116,-1.4558189543,377.6217463701,378.6217463701,379.6217463701
-2.2564097244,1.3273450457,1.426388034,378.6217463701,379.6217463701,380.6217463701
-1.6208176452,0.9838995915,-2.6142458384,379.6217463701,380.6217463701,381.6217463701
0.8191635693,-2.7726703597,-0.4095135074,380.6217463701,381.6217463701,382.6217463701
-1.8781335168,-2.4914469293,-0.4307222502,381.6217463701,382.6217463701,383.6217463701
3.6423140401,-0.9999798956,-0.5177256355,382.6217463701,383.6217463701,384.6217463701
-1.8134250431,-0.1389728025,-0.3975739183,383.6217463701,384.6217463701,385.6217463701
-2.6745260848,-0.258032068,-0.0096229011,384.6217463701,385.6217463701,386.6217463701
-3.0952819454,1.3216927663,0.1137166587,385.6217463701,386.6217463701,387.6217463701
-2.4322415093,0.2624064155,0.4769568867,386.6217463701,387.6217463701,388.6217463701
2.3323155753,0.9488797312,-1.5613975644,387.6217463701,388.6217463701,389.6217463701
0.926829078,-1.3906201365,-1.1880195499,388.6217463701,389.6217463701,390.6217463701
-1.7157590476,-0.7476256611,-0.1599747029,389.6217463701,390.6217463701,391.6217463701
-0.3460850849,-2.7916718974,2.2320246963,390.6217463701,391.6217463701,392.6217463701
-0.9767049667,-0.9930871369,-0.5652347046,391.6217463701,392.6217463701,393.6217463701
0.1741222426,-0.9028826107,-1.8398606773,392.6217463701,393.6217463701,394.6217463701
-0.7095716687,4.0367119604,-1.3972213113,393.6217463701,394.6217463701,395.6217463701
-0.8149468546,0.3753396307,-3.3635539918,394.6217463701,395.6217463701,396.6217463701
-1.1893717737,3.2327000168,-0.8536668267,395.6217463701,396.6217463701,397.6217463701
3.2266123769,3.2220328974,1.3211401532,396.6217463701,397.6217463701,398.6217463701
1.7648793539,-1.650495792,-2.7863003403,397.6217463701,398.6217463701,399.6217463701
4.0216870771,2.7171805076,-0.1915765572,398.6217463701,399.6217463701,400.6217463701
1.5425376056,-2.8456134556,1.3027057885,399.6217463701,400.6217463701,401.6217463701
3.0684272825,2.2443796068,-2.292606358,400.6217463701,401.6217463701,402.6217463701
1.0766193676,1.921108878,3.4059344773,401.6217463701,402.6217463701,403.6217463701
4.1503904214,-0.1359494825,1.229447664,402.6217463701,403.6217463701,404.6217463701
-3.8939426561,0.9693290801,1.6866342748,403.6217463701,404.6217463701,405.6217463701
-0.556788955,3.403109093,-1.069204145,404.6217463701,405.6217463701,406.6217463701
1.131046268,2.2705630959,-4.0787418978,405.6217463701,406.6217463701,407.6217463701
-1.5515984584,0.2870191406,3.5851285549,406.6217463701,407.6217463701,408.6217463701
-0.1982475413,-3.9237125174,-0.3619941351,407.6217463701,408.6217463701,409.6217463701
-2.7636524183,-0.6130276497,-2.2510344558,408.6217463701,409.6217463701,410.6217463701
-0.043786406,4.6353043736,0.7090346251,409.6217463701,410.6217463701,411.6217463701
-1.1073471829,-3.0369165476,-0.8536297245,410.6217463701,411.6217463701,412.6217463701
-2.2222494162,3.7290773576,-1.0593220942,411.6217463701,412.6217463701,413.6217463701
2.1823848763,3.3265248293,0.9596656923,412.6217463701,413.6217463701,414.6217463701
-1.8833535618,2.1942490247,-1.6635982709,413.6217463701,414.6217463701,415.6217463701
-1.4449681967,3.3498395067,2.4318463839,414.6217463701,415.6217463701,416.6217463701
1.1576156263,0.3628171055,-3.1565138892,415.6217463701,416.6217463701,417.6217463701
0.6016536537,0.9376445535,4.8840451862,416.6217463701,417.6217463701,418.6217463701
-1.5213252262,3.2785146942,0.2560604022,417.6217463701,418.6217463701,419.6217463701
3.72553747,-0.7533584895,1.1114053692,418.6217463701,419.6217463701,420.6217463701
3.3410834178,-0.7277071236,-2.6560490234,419.6217463701,420.6217463701,421.6217463701
-1.7682282796,-1.8224454563,3.2049026762,420.6217463701,421.6217463701,422.6217463701
2.7788337529,1.8870675214,3.4860834954,421.6217463701,422.6217463701,423.6217463701
-1.831536674,0.4973006872,-1.7589822016,422.6217463701,423.6217463701,424.6217463701
-1.9913949971,-2.4282196345,-1.9652657612,423.6217463701,424.6217463701,425.6217463701
1.9711072762,-3.5772292678,1.0866629604,424.6217463701,425.6217463701,426.6217463701
3.6104523607,-0.8946459003,-3.2538566652,425.6217463701,426.6217463701,427.6217463701
1.7840533336,2.862517477,-2.6649353445,426.6217463701,427.6217463701,428.6217463701
-3.0719379384,2.7669723099,2.8403497235,427.6217463701,428.6217463701,429.6217463701
3.5959939147,2.6607003133,2.6982281248,428.6217463701,429.6217463701,430.6217463701
2.8625171855,2.9949456226,0.4451116149,429.6217463701,430.6217463701,431.6217463701
0.7569252111,3.5828438158,2.1133472022,430.6217463701,431.6217463701,432.6217463701
3.4336624236,-2.4413235924,-1.1193504946,431.6217463701,432.6217463701,433.6217463701
-0.7130596476,-1.6082324444,3.6271936909,432.6217463701,433.6217463701,434.6217463701
3.3497406729,4.2098791473,1.4195767298,433.6217463701,434.6217463701,435.6217463701
1.063376422,-3.1306850209,2.7765377371,434.6217463701,435.6217463701,436.6217463701
0.0538352092,-1.9710742815,2.4687390297,435.6217463701,436.6217463701,437.6217463701
-1.1872707966,-0.9323117056,-2.2901823817,436.6217463701,437.6217463701,438.6217463701
-2.585739402,2.7300969873,-0.9389102839,437.6217463701,438.6217463701,439.6217463701
3.5075079724,1.59870248,-2.9528059016,438.6217463701,439.6217463701,440.6217463701
-4.1955185775,0.1931143864,-0.9835352312,439.6217463701,440.6217463701,441.6217463701
0.8668343124,-3.7754918661,0.9285636909,440.6217463701,441.6217463701,442.6217463701
4.3036396559,0.6484561035,-0.8914341742,441.6217463701,442.6217463701,443.6217463701
4.425413302,0.19512705,-1.6426540396,442.6217463701,443.6217463701,444.6217463701
3.6145617123,-1.5211138819,0.1310462349,443.6217463701,444.6217463701,445.6217463701
-1.6560783584,1.8576819413,1.554048321,444.6217463701,445.6217463701,446.6217463701
3.6691446951,2.2656499736,-2.3966642404,445.6217463701,446.6217463701,447.6217463701
-0.9723017261,4.8843119382,3.1649280732,446.6217463701,447.6217463701,448.6217463701
0.5991719335,-3.3106544245,2.806500868,447.6217463701,448.6217463701,449.6217463701
2.6789442853,2.6245977285,-1.7551168933,448.6217463701,449.6217463701,450.6217463701
5.1066425273,0.0692962131,0.5501108186,449.6217463701,450.6217463701,451.6217463701
-3.1499764388,-2.0608519319,-0.3518979278,450.6217463701,451.6217463701,452.6217463701
1.1994158995,2.1870847413,4.9113976007,451.6217463701,452.6217463701,453.6217463701
-0.8793862561,-2.4322616584,2.9455762766,452.6217463701,453.6217463701,454.6217463701
-0.025976336,2.9505918796,4.2988161985,453.6217463701,454.6217463701,455.6217463701
4.0951080675,1.6460456297,2.1798546456,454.6217463701,455.6217463701,456.6217463701
3.4312623935,3.5181967108,-1.1207448289,455.6217463701,456.6217463701,457.6217463701
-1.1833229301,3.7294354185,0.6959843563,456.6217463701,457.6217463701,458.6217463701
-3.1194336854,2.8628579883,0.2521400408,457.6217463701,458.6217463701,459.6217463701
-0.6435491876,3.2362529343,-0.1477964117,458.6217463701,459.6217463701,460.6217463701
0.1238234298,-2.1683887066,-3.291420147,459.6217463701,460.6217463701,461.6217463701
-2.7761876473,0.4532771689,-1.1159942389,460.6217463701,461.6217463701,462.6217463701
-2.080343486,2.8874726151,2.3480418115,461.6217463701,462.6217463701,463.6217463701
-1.1243245147,-3.0418442859,1.1005797913,462.6217463701,463.6217463701,464.6217463701
0.7999467426,-1.4203781693,5.1698573206,463.6217463701,464.6217463701,465.6217463701
0.6383281636,2.4846647635,3.1946785659,464.6217463701,465.6217463701,466.6217463701
-1.2925179226,0.5076233912,4.5417472605,465.6217463701,466.6217463701,467.6217463701
-2.0542306177,-0.31900568,-3.292759415,466.6217463701,467.6217463701,468.6217463701
3.2206570265,-2.3890357949,0.6935727713,467.6217463701,468.6217463701,469.6217463701
-2.4635613451,2.7098501288,2.1167745113,468.6217463701,469.6217463701,470.6217463701
3.3720197938,-1.9793794478,1.1967531621,469.6217463701,470.6217463701,471.6217463701
2.5043824025,2.8834829506,2.501188054,470.6217463701,471.6217463701,472.6217463701
3.9728205619,2.5627302499,0.7244132671,471.6217463701,472.6217463701,473.6217463701
2.7188128056,0.6950705361,4.9130963256,472.6217463701,473.6217463701,474.6217463701
-2.9158864435,0.303954419,-1.4084437895,473.6217463701,474.6217463701,475.6217463701
-3.2801930316,-1.7446461763,0.7379677691,474.6217463701,475.6217463701,476.6217463701
-3.1007803591,0.6709125446,0.9897162802,475.6217463701,476.6217463701,477.6217463701
-0.7348354428,2.8016324928,-2.2219773227,476.6217463701,477.6217463701,478.6217463701
0.959373739,-2.1984113813,3.3856433041,477.6217463701,478.6217463701,479.6217463701
1.1559574549,1.3867905772,-2.4856862822,478.6217463701,479.6217463701,480.6217463701
2.3959458317,-3.9217391748,1.0777689092,479.6217463701,480.6217463701,481.6217463701
3.1362394393,-0.5581987086,3.8112924588,480.6217463701,481.6217463701,482.6217463701
3.376145038,2.1210397301,-1.9253553655,481.6217463701,482.6217463701,483.6217463701
2.7505803105,4.3333013761,-0.4143787521,482.6217463701,483.6217463701,484.6217463701
1.5086095062,1.4679155125,4.0686294555,483.6217463701,484.6217463701,485.6217463701
1.4624122778,-0.7535159981,3.1484047736,484.6217463701,485.6217463701,486.6217463701
3.4592240083,-1.0126472722,-1.3467029868,485.6217463701,486.6217463701,487.6217463701
4.7263161521,1.4448740837,2.7650335835,486.6217463701,487.6217463701,488.6217463701
-3.4310065259,-0.622023211,3.0896929422,487.6217463701,488.6217463701,489.6217463701
-1.7222195563,3.6554034387,1.5853783738,488.6217463701,489.6217463701,490.6217463701
-0.9751941084,-2.4698784599,-2.1278721758,489.6217463701,490.6217463701,491.6217463701
4.2055375711,2.9056547488,1.4558090189,490.6217463701,491.6217463701,492.6217463701
-2.6212581917,1.6440521698,-2.7677713701,491.6217463701,492.6217463701,493.6217463701
-1.1331273382,-0.5448254974,-2.1443204228,492.6217463701,493.6217463701,494.6217463701
1.8873086805,3.3115573748,2.6721175872,493.6217463701,494.6217463701,495.6217463701
1.6541632978,0.0169021174,4.1616083875,494.6217463701,495.6217463701,496.6217463701
-2.5961070435,-0.276520607,2.5758183953,495.6217463701,496.6217463701,497.6217463701
1.1508136631,0.8461625181,-2.5847892149,496.6217463701,497.6217463701,498.6217463701
-1.0363071938,-3.3482919196,0.7416845478,497.6217463701,498.6217463701,499.6217463701
3.4578862217,-0.6287867793,0.9265260623,498.6217463701,499.6217463701,500.6217463701
0.6396818681,1.9508092874,3.8121103707,499.6217463701,500.6217463701,501.6217463701
2.8202088432,-1.5755118047,2.0448583528,500.6217463701,501.6217463701,502.6217463701
2.3756444677,-2.052518676,-2.3616675051,501.6217463701,502.6217463701,503.6217463701
3.2711576537,1.6751473991,-2.926543217,502.6217463701,503.6217463701,504.6217463701
-1.2634377313,2.584625628,0.2440674805,503.6217463701,504.6217463701,505.6217463701
1.4547396226,-2.0558097119,2.4928963018,504.6217463701,505.6217463701,506.6217463701
0.0028617643,-1.6464187279,-2.2346950253,505.6217463701,506.6217463701,507.6217463701
3.2753573162,2.8767257896,-1.2679496735,506.6217463701,507.6217463701,508.6217463701
-1.1714028297,-1.7712815281,-2.3187408762,507.6217463701,508.6217463701,509.6217463701
3.0992419684,2.430680524,-0.4891893321,508.6217463701,509.6217463701,510.6217463701
3.0326787781,1.2226602063,-3.1227824403,509.6217463701,510.6217463701,511.6217463701
1.7851149926,3.8771625578,-0.2313099916,510.6217463701,511.6217463701,512.6217463701
-0.7784205355,2.6460412519,3.8501644007,511.6217463701,512.6217463701,513.6217463701
-0.1343790908,4.8766790774,1.2199770344,512.6217463701,513.6217463701,514.6217463701
2.6387760622,-0.5045607872,1.9577418346,513.6217463701,514.6217463701,515.6217463701
0.1827724768,-4.24451984,0.7938672951,514.6217463701,515.6217463701,516.6217463701
-0.4995564786,1.0859679021,-3.5018126669,515.6217463701,516.6217463701,517.6217463701
2.5813620685,1.4620580663,-3.0633796658,516.6217463701,517.6217463701,518.6217463701
4.3182309417,0.0820969929,-0.208592405,517.6217463701,518.6217463701,519.6217463701
2.3668423186,-0.0275864509,3.699010631,518.6217463701,519.6217463701,520.6217463701
4.6973462995,2.7425675641,0.36456739,519.6217463701,520.6217463701,521.6217463701
0.9460466672,1.3109895043,-3.7549290178,520.6217463701,521.6217463701,522.6217463701
2.7946522614,-3.3866192862,-1.0782578202,521.6217463701,522.6217463701,523.6217463701
2.3573609907,3.0428251609,2.8189376131,522.6217463701,523.6217463701,524.6217463701
2.4584880212,3.1522203125,-1.469021684,523.6217463701,524.6217463701,525.6217463701
2.6812041605,0.9388791556,-1.6532991042,524.6217463701,525.6217463701,526.6217463701
4.693625531,-0.6335720686,0.4585632444,525.6217463701,526.6217463701,527.6217463701
0.6381048837,-0.6211170288,-3.4263050482,526.6217463701,527.6217463701,528.6217463701
3.5334650141,-0.5253756471,-0.8324219999,527.6217463701,528.6217463701,529.6217463701
-1.4460603214,-0.5581266565,3.5643847571,528.6217463701,529.6217463701,530.6217463701
-2.5610472594,2.0918900578,3.6612117527,529.6217463701,530.6217463701,531.6217463701
0.5768014961,-2.6230631135,1.0468763529,530.6217463701,531.6217463701,532.6217463701
1.8969910269,4.549446552,0.7666708837,531.6217463701,532.6217463701,533.6217463701
-1.6347767405,2.5775784822,-1.9443544828,532.6217463701,533.6217463701,534.6217463701
-1.7776489926,0.6836206413,-1.4297864735,533.6217463701,534.6217463701,535.6217463701
-0.5618798239,3.7778452002,-1.5305166117,534.6217463701,535.6217463701,536.6217463701
1.8617740604,2.4446602754,-1.8475023635,535.6217463701,536.6217463701,537.6217463701
1.6305935537,3.8519284257,1.978086833,536.6217463701,537.6217463701,538.6217463701
3.2689880808,-1.2036307773,4.1651039802,537.6217463701,538.6217463701,539.6217463701
3.3389060153,-0.0311704672,-2.902335084,538.6217463701,539.6217463701,540.6217463701
-1.3436809927,2.911706432,3.9714910933,539.6217463701,540.6217463701,541.6217463701
-0.7581281452,-1.5297903712,-2.1334669285,540.6217463701,541.6217463701,542.6217463701
-1.5395557361,0.4710264773,-2.1322521869,541.6217463701,542.6217463701,543.6217463701
-1.5992941923,3.0499989123,3.2934678474,542.6217463701,543.6217463701,544.6217463701
1.4542824587,-0.6470875832,3.6432242698,543.6217463701,544.6217463701,545.6217463701
2.2232530871,3.5517196068,-1.0038473845,544.6217463701,545.6217463701,546.6217463701
1.4538408971,-1.4628971421,-1.888198322,545.6217463701,546.6217463701,547.6217463701
-1.2503629319,-2.258889319,-2.7099044873,546.6217463701,547.6217463701,548.6217463701
1.8816844391,-0.2987580884,-2.7713219686,547.6217463701,548.6217463701,549.6217463701
2.6994686048,-0.8721981401,3.4385764786,548.6217463701,549.6217463701,550.6217463701
-0.4658268908,3.790077457,3.3140915147,549.6217463701,550.6217463701,551.6217463701
2.6222113758,3.1892063366,-1.455258756,550.6217463701,551.6217463701,552.6217463701
3.2285539814,3.1937626971,2.0387537371,551.6217463701,552.6217463701,553.6217463701
2.50436998,1.0210806286,2.8750114615,552.6217463701,553.6217463701,554.6217463701
2.5168008134,-2.4504941369,-0.2484128791,553.6217463701,554.6217463701,555.6217463701
1.4980562745,4.0459099787,2.6371710936,554.6217463701,555.6217463701,556.6217463701
1.5368576787,2.850715264,2.4574107699,555.6217463701,556.6217463701,557.6217463701
-1.0619054899,2.7625104622,2.7666756453,556.6217463701,557.6217463701,558.6217463701
3.0915877276,1.0363448822,4.7785435531,557.6217463701,558.6217463701,559.6217463701
3.8382557034,1.5793328798,-0.9532951245,558.6217463701,559.6217463701,560.6217463701
3.0173992031,3.7301213013,1.9599966253,559.6217463701,560.6217463701,561.6217463701
2.7032185203,2.460941375,2.5349147899,560.6217463701,561.6217463701,562.6217463701
-0.8571848325,2.2573424009,-3.8112988808,561.6217463701,562.6217463701,563.6217463701
3.0064797455,-0.8314367056,3.270078525,562.6217463701,563.6217463701,564.6217463701
-0.9242089048,-0.7297403678,-3.1373579252,563.6217463701,564.6217463701,565.6217463701
3.5303267929,-0.9271303211,1.2914368661,564.6217463701,565.6217463701,566.6217463701
0.9476537195,-4.2233791582,0.5001059982,565.6217463701,566.6217463701,567.6217463701
3.3907321071,3.88814648,-0.7386466627,566.6217463701,567.6217463701,568.6217463701
-1.7333226047,2.2954176435,4.3032032059,567.6217463701,568.6217463701,569.6217463701
-0.6259874153,-0.3887993408,-3.8603436275,568.6217463701,569.6217463701,570.6217463701
0.1859714539,2.8435179778,3.5980043308,569.6217463701,570.6217463701,571.6217463701
3.5822508667,3.64596708,-0.1287899018,570.6217463701,571.6217463701,572.6217463701
2.435556683,1.4541172528,-1.0221233034,571.6217463701,572.6217463701,573.6217463701
2.2468183057,0.7296787789,3.4058228531,572.6217463701,573.6217463701,574.6217463701
3.1074565821,3.9107935625,1.3605536686,573.6217463701,574.6217463701,575.6217463701
-0.4398524473,-3.0024165816,0.6326630523,574.6217463701,575.6217463701,576.6217463701
1.4344329563,3.9502160651,-0.6353014859,575.6217463701,576.6217463701,577.6217463701
-0.6023830785,-3.3465753287,-1.133741481,576.6217463701,577.6217463701,578.6217463701
1.8843705704,-2.5146311546,1.5913356919,577.6217463701,578.6217463701,579.6217463701
3.0066125404,3.150027445,3.0078070518,578.6217463701,579.6217463701,580.6217463701
4.3015161972,0.4588936971,0.6510289056,579.6217463701,580.6217463701,581.6217463701
1.8841181115,-0.5251200249,4.1514379637,580.6217463701,581.6217463701,582.6217463701
0.1503122867,4.7048517062,-1.4829892657,581.6217463701,582.6217463701,583.6217463701
-3.2752581578,-1.4432624123,0.0274998498,582.6217463701,583.6217463701,584.6217463701
2.6726903718,-0.1488896004,3.6308723701,583.6217463701,584.6217463701,585.6217463701
-0.2633193775,2.8593919095,-2.8405914732,584.6217463701,585.6217463701,586.6217463701
-1.976769433,4.8578019519,1.3395505758,585.6217463701,586.6217463701,587.6217463701
1.7007958222,-4.1751107106,-0.4066388446,586.6217463701,587.6217463701,588.6217463701
1.2141806404,3.3841140027,-0.94267356,587.6217463701,588.6217463701,589.6217463701
2.7743594827,1.1075676825,-1.9880603953,588.6217463701,589.6217463701,590.6217463701
-1.5156530399,3.2623768991,2.00435143,589.6217463701,590.6217463701,591.6217463701
5.0088239435,0.8781119256,0.1270313152,590.6217463701,591.6217463701,592.6217463701
2.9191463148,-1.4155234496,-0.2223672988,591.6217463701,592.6217463701,593.6217463701
0.4576161877,-3.0827098717,-1.042578866,592.6217463701,593.6217463701,594.6217463701
-0.2096737429,4.2786796508,-1.6868507241,593.6217463701,594.6217463701,595.6217463701
4.4350307319,0.410610099,1.8600421011,594.6217463701,595.6217463701,596.6217463701
1.1924793443,-2.3990232928,2.8801214453,595.6217463701,596.6217463701,597.6217463701
-0.456937586,3.1920575032,-1.177017913,596.6217463701,597.6217463701,598.6217463701
-2.0777915696,1.3229978396,-0.3086368095,597.6217463701,598.6217463701,599.6217463701
0.3800143666,3.4566699121,2.8239947835,598.6217463701,599.6217463701,600.6217463701
-1.3637194868,-1.8312573598,3.8650025944,599.6217463701,600.6217463701,601.6217463701
4.5206260767,0.0992719972,-0.8103381087,600.6217463701,601.6217463701,602.6217463701
-2.6978494281,-0.806466306,2.0465744746,601.6217463701,602.6217463701,603.6217463701
-1.6967292459,-0.7662105188,-2.9851256656,602.6217463701,603.6217463701,604.6217463701
1.8721512105,4.7719880605,2.4286607682,603.6217463701,604.6217463701,605.6217463701
4.223311628,1.3031457311,-0.6468108913,604.6217463701,605.6217463701,606.6217463701
0.4104688366,-3.482720998,-1.9817013225,605.6217463701,606.6217463701,607.6217463701
3.793347978,1.5335374746,-1.5023214517,606.6217463701,607.6217463701,608.6217463701
3.2474224182,0.28942172,-0.1172654529,607.6217463701,608.6217463701,609.6217463701
4.0138577424,0.8048619017,-2.2982593173,608.6217463701,609.6217463701,610.6217463701
-1.9042925487,2.0025292403,2.6425730366,609.6217463701,610.6217463701,611.6217463701
1.4219621806,3.1315209991,-2.9703268811,610.6217463701,611.6217463701,612.6217463701
-0.0471062841,4.8329759392,0.3677029036,611.6217463701,612.6217463701,613.6217463701
0.4490897818,1.4403842481,-3.9232204825,612.6217463701,613.6217463701,614.6217463701
-1.291627432,3.3094186549,1.9089047966,613.6217463701,614.6217463701,615.6217463701
2.0129938824,-3.8736709837,0.2958425773,614.6217463701,615.6217463701,616.6217463701
-2.8655506171,2.7033921968,0.8507414115,615.6217463701,616.6217463701,617.6217463701
1.1008284954,2.2202800894,-2.8292801419,616.6217463701,617.6217463701,618.6217463701
0.3541905952,4.2229575374,4.0497745096,617.6217463701,618.6217463701,619.6217463701
2.0412697605,0.5343017869,4.6191684455,618.6217463701,619.6217463701,620.6217463701
-0.1046020147,1.37133155,-2.8341564742,619.6217463701,620.6217463701,621.6217463701
4.4922404607,-1.2036954636,1.0709213125,620.6217463701,621.6217463701,622.6217463701
2.486383426,0.4830748195,-2.5996781712,621.6217463701,622.6217463701,623.6217463701
1.1954767121,4.2802797688,3.2154297058,622.6217463701,623.6217463701,624.6217463701
3.1298669855,0.5723972851,-1.703781021,623.6217463701,624.6217463701,625.6217463701
0.8468660215,4.5838366477,0.2248773324,624.6217463701,625.6217463701,626.6217463701
-0.4977744467,3.3554074458,2.0423500024,625.6217463701,626.6217463701,627.6217463701
0.0630629263,1.7974954163,3.7733732569,626.6217463701,627.6217463701,628.6217463701
-0.1596048731,-1.4991794488,3.6243423807,627.6217463701,628.6217463701,629.6217463701
0.257148979,-3.0968747359,2.3658679282,628.6217463701,629.6217463701,630.6217463701
0.0292483893,0.8072273128,-2.7688728962,629.6217463701,630.6217463701,631.6217463701
3.0903807685,1.5062322928,-3.5421134751,630.6217463701,631.6217463701,632.6217463701
3.5187548546,2.4032524099,0.4900953233,631.6217463701,632.6217463701,633.6217463701
0.3276282398,1.1454780021,-3.4755241623,632.6217463701,633.6217463701,634.6217463701
4.7135527499,0.0466001419,-0.3510575832,633.6217463701,634.6217463701,635.6217463701
-2.5782490823,3.237473284,1.9088324836,634.6217463701,635.6217463701,636.6217463701
1.7319795997,-2.0618106853,-1.4233120198,635.6217463701,636.6217463701,637.6217463701
2.6888980615,0.0403678178,-2.60788185,636.6217463701,637.6217463701,638.6217463701
-2.869939251,-2.6955977646,2.2947108498,637.6217463701,638.6217463701,639.6217463701
-2.9713194527,-2.0478141602,1.3221130352,638.6217463701,639.6217463701,640.6217463701
-1.2484579604,1.1876258498,-2.1139537229,639.6217463701,640.6217463701,641.6217463701
2.745918319,-1.9710612826,-2.2985339949,640.6217463701,641.6217463701,642.6217463701
1.9385688614,-2.2442361022,-2.6005640863,641.6217463701,642.6217463701,643.6217463701
-0.0469036897,3.4929118891,4.8039102056,642.6217463701,643.6217463701,644.6217463701
-2.5991560384,-0.2755316219,-2.7955747851,643.6217463701,644.6217463701,645.6217463701
0.3867530425,4.0838136761,-3.1742712939,644.6217463701,645.6217463701,646.6217463701
2.908902202,1.5887903984,-1.8471472538,645.6217463701,646.6217463701,647.6217463701
-3.597770169,-0.7758370254,-0.9307736663,646.6217463701,647.6217463701,648.6217463701
-3.245774372,-0.7948119872,3.4811311545,647.6217463701,648.6217463701,649.6217463701
3.1494067268,-0.5176362259,2.4063376294,648.6217463701,649.6217463701,650.6217463701
-2.1469341271,0.5110601733,-1.6533258297,649.6217463701,650.6217463701,651.6217463701
1.8748001483,0.9351673587,4.2682578184,650.6217463701,651.6217463701,652.6217463701
2.2056220643,-0.0990338704,-4.1176401558,651.6217463701,652.6217463701,653.6217463701
-2.4390656298,1.1989083509,3.3718341143,652.6217463701,653.6217463701,654.6217463701
4.7370810661,1.4130976633,-1.1706793184,653.6217463701,654.6217463701,655.6217463701
0.030964474,-3.9706102402,0.0923384078,654.6217463701,655.6217463701,656.6217463701
3.8714320503,0.0898869027,-1.774576236,655.6217463701,656.6217463701,657.6217463701
2.7272658277,-1.0414745617,2.9920412968,656.6217463701,657.6217463701,658.6217463701
1.8514373677,-2.3985378372,1.6842926968,657.6217463701,658.6217463701,659.6217463701
3.1518019939,1.980726332,2.4990220863,658.6217463701,659.6217463701,660.6217463701
2.6260408702,-2.6897612745,-0.2809829134,659.6217463701,660.6217463701,661.6217463701
-3.7600983197,2.0686037582,-0.4725308072,660.6217463701,661.6217463701,662.6217463701
-2.3832842896,3.7161376406,1.3175320631,661.6217463701,662.6217463701,663.6217463701
-0.8772211523,-2.7809162232,0.0461022457,662.6217463701,663.6217463701,664.6217463701
-1.4838389736,-1.9624698945,-1.8371176185,663.6217463701,664.6217463701,665.6217463701
1.7596565959,4.8846246294,0.3586012736,664.6217463701,665.6217463701,666.6217463701
2.9659103573,-2.4574709476,0.1579697921,665.6217463701,666.6217463701,667.6217463701
0.3133032797,-3.9152803788,0.1764806453,666.6217463701,667.6217463701,668.6217463701
-2.8357450462,2.1146542366,-1.0567351348,667.6217463701,668.6217463701,669.6217463701
0.0800642695,-2.0724847364,4.9511645805,668.6217463701,669.6217463701,670.6217463701
3.8916766532,-0.5322132798,-0.956110503,669.6217463701,670.6217463701,671.6217463701
1.3664003396,3.9867133258,1.0413393373,670.6217463701,671.6217463701,672.6217463701
-1.7112462313,4.8273467323,0.3025880753,671.6217463701,672.6217463701,673.6217463701
3.5645006803,4.6663357095,0.8127961461,672.6217463701,673.6217463701,674.6217463701
2.4155653456,-1.6811822452,-1.5583889319,673.6217463701,674.6217463701,675.6217463701
-1.4352870251,-0.4578087939,-3.0010123459,674.6217463701,675.6217463701,676.6217463701
3.2276593074,1.5105952026,-2.3945589503,675.6217463701,676.6217463701,677.6217463701
2.3887381132,-1.9868696962,2.5759732955,676.6217463701,677.6217463701,678.6217463701
2.0204601194,-1.613837251,-0.7753816585,677.6217463701,678.6217463701,679.6217463701
-1.1988293386,4.0353200723,-1.5752767949,678.6217463701,679.6217463701,680.6217463701
2.6406229992,0.8023422317,4.0520796102,679.6217463701,680.6217463701,681.6217463701
-3.2089185479,-2.9539455865,0.9669781675,680.6217463701,681.6217463701,682.6217463701
2.9502666327,-0.0449895867,-3.6893564123,681.6217463701,682.6217463701,683.6217463701
-3.6347115609,0.4598780018,1.5548416583,682.6217463701,683.6217463701,684.6217463701
-0.649521389,3.669908551,0.2209239903,683.6217463701,684.6217463701,685.6217463701
1.6117139495,-3.0843741006,2.2895640302,684.6217463701,685.6217463701,686.6217463701
-2.724016261,1.0212194631,1.9038638837,685.6217463701,686.6217463701,687.6217463701
-1.9659396091,-2.1944909632,0.8016905648,686.6217463701,687.6217463701,688.6217463701
2.9510521371,2.5130552291,-0.5858935858,687.6217463701,688.6217463701,689.6217463701
3.6401285837,0.7078113917,-1.7938518066,688.6217463701,689.6217463701,690.6217463701
1.5423106985,-1.358717758,3.6644373565,689.6217463701,690.6217463701,691.6217463701
3.7317941306,4.5490622331,1.1621882987,690.6217463701,691.6217463701,692.6217463701
-3.3448130802,1.2046093659,2.4426911548,691.6217463701,692.6217463701,693.6217463701
-2.2225369595,4.0737979685,-2.2275815176,692.6217463701,693.6217463701,694.6217463701
1.9912261608,1.7235968393,4.0773021733,693.6217463701,694.6217463701,695.6217463701
0.353287298,1.5653325036,-2.084805622,694.6217463701,695.6217463701,696.6217463701
-2.7989006869,2.1881430366,1.7597578682,695.6217463701,696.6217463701,697.6217463701
-1.5716785152,2.4548796178,-2.15508467,696.6217463701,697.6217463701,698.6217463701
3.0757391369,-0.5757246061,4.2792236356,697.6217463701,698.6217463701,699.6217463701
3.4117374699,2.9654505424,-0.8913702916,698.6217463701,699.6217463701,700.6217463701
0.610616324,-3.6709988421,1.01961574,699.6217463701,700.6217463701,701.6217463701
2.8377305979,2.5124273965,-0.260908234,700.6217463701,701.6217463701,702.6217463701
-2.1934730508,-3.0394380573,0.2372762654,701.6217463701,702.6217463701,703.6217463701
0.3978848573,4.2637445054,3.3360637113,702.6217463701,703.6217463701,704.6217463701
-0.9749866074,2.5212058171,-1.5479009614,703.6217463701,704.6217463701,705.6217463701
3.2499353879,-0.4469532208,2.2471654149,704.6217463701,705.6217463701,706.6217463701
-0.940966176,2.7459465625,2.7915917778,705.6217463701,706.6217463701,707.6217463701
4.8074121579,-1.0829397051,-0.5373264608,706.6217463701,707.6217463701,708.6217463701
2.8235367499,1.6365478074,2.7997760539,707.6217463701,708.6217463701,709.6217463701
4.7158878879,-0.8098126594,2.300924339,708.6217463701,709.6217463701,710.6217463701
-3.1287628041,1.8447684645,-0.0688190215,709.6217463701,710.6217463701,711.6217463701
1.4307326683,-2.7921930635,-1.5146992794,710.6217463701,711.6217463701,712.6217463701
-0.2039934152,-3.2605348304,-0.0058197919,711.6217463701,712.6217463701,713.6217463701
0.2802623419,3.4743267771,3.3025822283,712.6217463701,713.6217463701,714.6217463701
-1.5592552029,-1.2224782126,4.1439640372,713.6217463701,714.6217463701,715.6217463701
4.9552108066,-1.0892799674,-0.1201274911,714.6217463701,715.6217463701,716.6217463701
0.3528423981,-2.491241097,-1.4524065895,715.6217463701,716.6217463701,717.6217463701
-2.4985484898,1.7183533287,-1.6250149094,716.6217463701,717.6217463701,718.6217463701
-0.1325520087,-2.9812644971,3.0286440368,717.6217463701,718.6217463701,719.6217463701
3.3489200386,-0.872857818,3.5073945955,718.6217463701,719.6217463701,720.6217463701
3.0578736421,0.7923672062,-3.296180465,719.6217463701,720.6217463701,721.6217463701
-1.6309169002,2.7369490873,2.5766830547,720.6217463701,721.6217463701,722.6217463701
-0.1841627859,4.3765829265,0.3200883102,721.6217463701,722.6217463701,723.6217463701
2.6885810387,1.3498359799,2.8873617118,722.6217463701,723.6217463701,724.6217463701
-1.0194781766,3.0632191148,4.0891319533,723.6217463701,724.6217463701,725.6217463701
1.0048399553,4.3615980264,2.5844142848,724.6217463701,725.6217463701,726.6217463701
5.2202182402,0.1512980909,-0.4391590675,725.6217463701,726.6217463701,727.6217463701
-0.3972054727,-0.583547406,4.1202988017,726.6217463701,727.6217463701,728.6217463701
-1.0612649869,3.3252020419,-0.999061041,727.6217463701,728.6217463701,729.6217463701
-1.9202336148,3.9415705958,1.046456344,728.6217463701,729.6217463701,730.6217463701
0.8110205455,-0.5660337082,-4.1440112516,729.6217463701,730.6217463701,731.6217463701
3.2045789459,1.7098781384,1.1186182219,730.6217463701,731.6217463701,732.6217463701
-1.3343611735,4.0404642084,-0.3209118231,731.6217463701,732.6217463701,733.6217463701
-1.9810501751,4.4017815182,-0.4549706928,732.6217463701,733.6217463701,734.6217463701
2.1542296401,2.4764564956,-2.0639030495,733.6217463701,734.6217463701,735.6217463701
0.4519332508,3.2261720406,-3.6087464762,734.6217463701,735.6217463701,736.6217463701
4.3496117936,2.5530043366,-1.9261487802,735.6217463701,736.6217463701,737.6217463701
3.2632639615,-1.1487682435,0.3305356501,736.6217463701,737.6217463701,738.6217463701
1.1783310435,1.2409940201,3.0791208326,737.6217463701,738.6217463701,739.6217463701
-3.5175616168,-0.5018380074,0.2111570393,738.6217463701,739.6217463701,740.6217463701
-0.2887325495,-2.1511705351,-1.4134293164,739.6217463701,740.6217463701,741.6217463701
0.8932914845,1.3704637529,-2.8962578782,740.6217463701,741.6217463701,742.6217463701
3.3035399,-0.3945398395,-1.2152578646,741.6217463701,742.6217463701,743.6217463701
-2.5809991132,3.4707876084,-1.997471534,742.6217463701,743.6217463701,744.6217463701
4.0941001147,1.6851059852,2.3836043606,743.6217463701,744.6217463701,745.6217463701
-1.9888845795,1.4666543248,0.9820560941,744.6217463701,745.6217463701,746.6217463701
-4.0568790719,-1.6675928188,1.672742252,745.6217463701,746.6217463701,747.6217463701
-1.1883664014,3.148132845,-0.3999019514,746.6217463701,747.6217463701,748.6217463701
1.305382615,-2.6965120519,-2.6796803277,747.6217463701,748.6217463701,749.6217463701
1.6569699636,3.2218533629,2.906701423,748.6217463701,749.6217463701,750.6217463701
1.7896673896,1.8600995977,-2.9796159805,749.6217463701,750.6217463701,751.6217463701
3.220975384,-2.3713045772,1.3044889912,750.6217463701,751.6217463701,752.6217463701
0.7557571125,-3.739422063,-2.0294342406,751.6217463701,752.6217463701,753.6217463701
-0.7399256585,3.3490914077,-0.3135591459,752.6217463701,753.6217463701,754.6217463701
-0.5676954674,3.7345346241,1.3924877566,753.6217463701,754.6217463701,755.6217463701
0.8484854622,2.2124631417,3.7591011599,754.6217463701,755.6217463701,756.6217463701
1.1510146296,-2.3418258197,2.7430050501,755.6217463701,756.6217463701,757.6217463701
-2.7123943945,-2.4921683509,-0.3169057099,756.6217463701,757.6217463701,758.6217463701
2.8666463235,3.5974416069,2.3085454372,757.6217463701,758.6217463701,759.6217463701
0.4882496454,-0.21887698,-4.1114760752,758.6217463701,759.6217463701,760.6217463701
0.8406525782,1.0560769882,4.1163288685,759.6217463701,760.6217463701,761.6217463701
-1.4229752543,1.9089892998,-3.0630025608,760.6217463701,761.6217463701,762.6217463701
-0.0755520123,-1.0650128771,-2.207726313,761.6217463701,762.6217463701,763.6217463701
5.1728743745,1.7303427339,1.2482323264,762.6217463701,763.6217463701,764.6217463701
-0.5531384343,3.1720646486,4.5124107379,763.6217463701,764.6217463701,765.6217463701
-2.6419908274,0.548205012,2.9534323245,764.6217463701,765.6217463701,766.6217463701
0.1808413914,3.5389233178,-2.4963064362,765.6217463701,766.6217463701,767.6217463701
2.4632414642,2.9636203451,-2.2685421005,766.6217463701,767.6217463701,768.6217463701
-0.2324704203,-1.4912434326,-2.5802145125,767.6217463701,768.6217463701,769.6217463701
4.9725452367,1.4160791749,1.593803728,768.6217463701,769.6217463701,770.6217463701
0.0810415358,1.5491137614,3.5292105216,769.6217463701,770.6217463701,771.6217463701
-0.1400181945,3.003139097,-3.6173083118,770.6217463701,771.6217463701,772.6217463701
2.5656259173,-2.319954437,1.7010161123,771.6217463701,772.6217463701,773.6217463701
0.4954242997,4.071719803,-0.3034912253,772.6217463701,773.6217463701,774.6217463701
0.3126756397,3.5825972356,2.6247258074,773.6217463701,774.6217463701,775.6217463701
1.9301295159,2.3519874654,4.5296617235,774.6217463701,775.6217463701,776.6217463701
-2.5556838282,1.6514514366,2.9922883038,775.6217463701,776.6217463701,777.6217463701
2.7051424765,-0.5485350474,-2.4915834775,776.6217463701,777.6217463701,778.6217463701
-2.7987725586,-0.2540912634,0.1900449318,777.6217463701,778.6217463701,779.6217463701
4.9885481971,-0.0720228197,-0.2758166416,778.6217463701,779.6217463701,780.6217463701
3.465846158,1.2920122332,3.4395942953,779.6217463701,780.6217463701,781.6217463701
-3.0645465166,-0.0838480554,-1.148277118,780.6217463701,781.6217463701,782.6217463701
-0.8537014095,0.3432101305,-3.6237208706,781.6217463701,782.6217463701,783.6217463701
-2.7109136529,-3.0125505951,0.1526181714,782.6217463701,783.6217463701,784.6217463701
-3.5703735919,-2.0556287856,-0.5481511049,783.6217463701,784.6217463701,785.6217463701
3.4708845629,-1.532599994,1.4157176856,784.6217463701,785.6217463701,786.6217463701
2.1418569755,-2.1569212407,2.4933958796,785.6217463701,786.6217463701,787.6217463701
-2.6804700547,0.7697690774,1.0004496461,786.6217463701,787.6217463701,788.6217463701
3.4204375767,1.7145681305,1.6302117436,787.6217463701,788.6217463701,789.6217463701
-3.2660480373,1.2916312272,2.7035980486,788.6217463701,789.6217463701,790.6217463701
5.3348569413,0.3013434216,-0.3471206417,789.6217463701,790.6217463701,791.6217463701
-0.2398951171,4.2430964416,0.9931769205,790.6217463701,791.6217463701,792.6217463701
3.866689288,0.3357691147,-1.5738991473,791.6217463701,792.6217463701,793.6217463701
1.2440578808,-4.3061692973,-0.2592431135,792.6217463701,793.6217463701,794.6217463701
1.7472363851,1.3156078386,-2.4297363435,793.6217463701,794.6217463701,795.6217463701
4.6220656438,1.0576608076,1.0799194931,794.6217463701,795.6217463701,796.6217463701
-2.3801022003,-0.3750820512,3.2284908477,795.6217463701,796.6217463701,797.6217463701
2.2735699665,1.4860620723,4.7939125333,796.6217463701,797.6217463701,798.6217463701
-2.9728725706,-0.3552995858,-0.8904873646,797.6217463701,798.6217463701,799.6217463701
-1.4089170725,-2.3125130522,-1.1251518621,798.6217463701,799.6217463701,800.6217463701
1.6599873932,0.3466505675,-3.7156584456,799.6217463701,800.6217463701,801.6217463701
-1.3900911958,0.7484788845,-3.1198558871,800.6217463701,801.6217463701,802.6217463701
0.7683281225,0.594598301,3.5882807925,801.6217463701,802.6217463701,803.6217463701
-1.2749399586,-2.7352760364,-1.1726811894,802.6217463701,803.6217463701,804.6217463701
4.9425119713,-1.4407262667,1.3230086867,803.6217463701,804.6217463701,805.6217463701
3.9851217977,-0.7174184423,1.350196401,804.6217463701,805.6217463701,806.6217463701
-0.4210395445,-2.0304201558,-2.4808350365,805.6217463701,806.6217463701,807.6217463701
-2.1016994709,3.7295917897,-0.4292010015,806.6217463701,807.6217463701,808.6217463701
4.5542636357,-0.1686293854,1.6867048168,807.6217463701,808.6217463701,809.6217463701
-0.3367959076,1.6769586643,4.5939911868,808.6217463701,809.6217463701,810.6217463701
-2.4538754048,-1.5095133071,-0.8242092683,809.6217463701,810.6217463701,811.6217463701
0.8436397037,-3.5441100017,-1.5508325183,810.6217463701,811.6217463701,812.6217463701
3.8123363245,2.297960617,0.5821131488,811.6217463701,812.6217463701,813.6217463701
-2.5788326665,-0.0814058505,1.8261182815,812.6217463701,813.6217463701,814.6217463701
-1.3074357814,-1.371356201,4.1006784823,813.6217463701,814.6217463701,815.6217463701
-0.9204156035,-0.6712159169,-2.1798121471,814.6217463701,815.6217463701,816.6217463701
2.6887645862,-1.340900931,0.7172901053,815.6217463701,816.6217463701,817.6217463701
-2.7633001862,-0.4933473003,2.8491107462,816.6217463701,817.6217463701,818.6217463701
-2.3018612882,1.0542848808,2.0725787426,817.6217463701,818.6217463701,819.6217463701
-1.2757764229,-0.4004492875,3.079030736,818.6217463701,819.6217463701,820.6217463701
-2.1939884076,3.6858478698,0.7333795839,819.6217463701,820.6217463701,821.6217463701
-0.2252427947,0.7752786632,-3.3920839044,820.6217463701,821.6217463701,822.6217463701
-3.1466131894,2.5459267946,-1.9233020274,821.6217463701,822.6217463701,823.6217463701
4.1510512475,0.7433773507,-1.2201575634,822.6217463701,823.6217463701,824.6217463701
0.6862380953,4.8390872389,-0.715797141,823.6217463701,824.6217463701,825.6217463701
-4.1749832247,1.1548564335,0.4783898886,824.6217463701,825.6217463701,826.6217463701
-2.3905944832,2.8296926257,-1.8849021272,825.6217463701,826.6217463701,827.6217463701
0.4149295797,-3.1643812374,2.4305123894,826.6217463701,827.6217463701,828.6217463701
2.2881345004,-2.6165158405,3.7127539104,827.6217463701,828.6217463701,829.6217463701
1.8308344247,-3.3935059801,-2.1516034475,828.6217463701,829.6217463701,830.6217463701
0.8894507707,-2.1690566094,3.1676309439,829.6217463701,830.6217463701,831.6217463701
3.7409517588,2.4899227459,2.3883306405,830.6217463701,831.6217463701,832.6217463701
-1.9487573594,3.15640933,1.7587336367,831.6217463701,832.6217463701,833.6217463701
-4.0987487903,2.132303593,-0.6517333699,832.6217463701,833.6217463701,834.6217463701
-3.8432792631,0.6935295212,1.6018218162,833.6217463701,834.6217463701,835.6217463701
0.7448357494,3.9471713101,1.658364331,834.6217463701,835.6217463701,836.6217463701
3.5117097461,0.6734715982,-3.0191749496,835.6217463701,836.6217463701,837.6217463701
-1.404729032,0.0225067418,-2.9852022376,836.6217463701,837.6217463701,838.6217463701
3.070737683,-0.261518257,3.7493705545,837.6217463701,838.6217463701,839.6217463701
3.2205536547,3.4004187348,1.723247549,838.6217463701,839.6217463701,840.6217463701
0.8333811306,2.3442410228,3.6174857271,839.6217463701,840.6217463701,841.6217463701
3.3998030986,2.8342932616,-0.7393801989,840.6217463701,841.6217463701,842.6217463701
-0.8470130485,0.9185402789,5.2889892628,841.6217463701,842.6217463701,843.6217463701
3.0511907712,3.9800540242,-1.3737347221,842.6217463701,843.6217463701,844.6217463701
-3.127878812,-0.3856923231,0.910703071,843.6217463701,844.6217463701,845.6217463701
-0.7603312902,-2.4602077064,3.6457507791,844.6217463701,845.6217463701,846.6217463701
2.614074973,-2.3384735868,2.4467016908,845.6217463701,846.6217463701,847.6217463701
-2.3889371023,2.944369126,1.6862833614,846.6217463701,847.6217463701,848.6217463701
-3.5566008536,-1.6562572876,-0.5266440195,847.6217463701,848.6217463701,849.6217463701
1.1285380519,0.5925775848,4.4308295058,848.6217463701,849.6217463701,850.6217463701
-1.4786428507,-1.3532080211,-2.5360056065,849.6217463701,850.6217463701,851.6217463701
-0.0767897549,0.1195401275,-2.8909309119,850.6217463701,851.6217463701,852.6217463701
4.3941197121,-0.0289756365,1.2565684743,851.6217463701,852.6217463701,853.6217463701
-1.6867166855,3.7207582396,-2.5852797674,852.6217463701,853.6217463701,854.6217463701
-2.6651987252,0.3761817338,3.8323840737,853.6217463701,854.6217463701,855.6217463701
-2.9171282284,3.0208578329,-0.1190837998,854.6217463701,855.6217463701,856.6217463701
-3.9670306597,2.3050458129,1.0084271455,855.6217463701,856.6217463701,857.6217463701
0.4885488589,0.4090889253,-3.4289271667,856.6217463701,857.6217463701,858.6217463701
2.1308958141,-3.2594058803,-0.1867218942,857.6217463701,858.6217463701,859.6217463701
4.4042107902,2.5479331203,-1.0135495268,858.6217463701,859.6217463701,860.6217463701
-2.5483139444,-0.9145926242,-1.7474192517,859.6217463701,860.6217463701,861.6217463701
2.2345649488,3.0192954182,0.2632152426,860.6217463701,861.6217463701,862.6217463701
0.3344957253,5.3349749673,-0.1593806641,861.6217463701,862.6217463701,863.6217463701
3.9917071906,-0.3512974137,1.187296714,862.6217463701,863.6217463701,864.6217463701
0.3766888982,4.1269716165,-2.4971742255,863.6217463701,864.6217463701,865.6217463701
3.0531198713,0.8989762825,3.8551739676,864.6217463701,865.6217463701,866.6217463701
-2.261655463,2.250279961,1.5268662478,865.6217463701,866.6217463701,867.6217463701
0.5334321112,2.5036700066,-2.3385097015,866.6217463701,867.6217463701,868.6217463701
-0.3849932589,-0.5388100855,-3.9313262692,867.6217463701,868.6217463701,869.6217463701
1.6370655278,3.5018139543,0.7535724525,868.6217463701,869.6217463701,870.6217463701
-3.5876660677,-0.1931215317,1.0115937603,869.6217463701,870.6217463701,871.6217463701
-1.23545001,-3.3842813306,-0.1391092961,870.6217463701,871.6217463701,872.6217463701
-2.7289936193,-2.9308155424,-1.818870231,871.6217463701,872.6217463701,873.6217463701
4.2312096154,-1.8836736394,3.0339854724,872.6217463701,873.6217463701,874.6217463701
-1.3277951268,4.8064329413,1.8254922778,873.6217463701,874.6217463701,875.6217463701
2.6072422326,0.2157576492,3.4505117616,874.6217463701,875.6217463701,876.6217463701
-2.3224787796,0.634013226,3.541168515,875.6217463701,876.6217463701,877.6217463701
3.3160271891,-0.6358344741,4.8048001211,876.6217463701,877.6217463701,878.6217463701
2.465470359,-1.4640378015,2.2270564586,877.6217463701,878.6217463701,879.6217463701
0.8224867512,-3.0931203374,1.5178046111,878.6217463701,879.6217463701,880.6217463701
-0.0912452696,-3.7450319965,0.0368393522,879.6217463701,880.6217463701,881.6217463701
-1.1476219364,1.2303756933,-2.2385526132,880.6217463701,881.6217463701,882.6217463701
-2.03760232,3.1193141417,3.3217961483,881.6217463701,882.6217463701,883.6217463701
-0.1964500652,0.7057592167,-3.246550836,882.6217463701,883.6217463701,884.6217463701
-0.4240218978,-3.4595418438,-0.0803612164,883.6217463701,884.6217463701,885.6217463701
0.1416868298,-2.4663037767,0.4570440732,884.6217463701,885.6217463701,886.6217463701
-2.0588645745,-3.412461741,-0.2523572061,885.6217463701,886.6217463701,887.6217463701
1.2023262021,-2.4689875881,1.2881607191,886.6217463701,887.6217463701,888.6217463701
1.7728988652,-1.7895044307,2.6017475473,887.6217463701,888.6217463701,889.6217463701
0.7602386329,-1.8011662928,-2.5109060114,888.6217463701,889.6217463701,890.6217463701
-0.4704035349,-0.870152866,-3.3145348409,889.6217463701,890.6217463701,891.6217463701
1.7728886081,-0.3539164915,-2.9054527025,890.6217463701,891.6217463701,892.6217463701
-0.6991403094,2.8388967924,-2.5059327202,891.6217463701,892.6217463701,893.6217463701
1.530816924,-0.8281603991,4.689105175,892.6217463701,893.6217463701,894.6217463701
-2.2226248294,-0.7225660382,-1.8214252476,893.6217463701,894.6217463701,895.6217463701
1.6199135983,-3.1370689408,2.9089125542,894.6217463701,895.6217463701,896.6217463701
