Model,Max resolution,Low resolution,Effective pixels,Zoom wide (W),Zoom tele (T),Normal focus range,Macro focus range,Storage included,Weight (inc. batteries),Dimensions,Price
Agfa ePhoto 1280,1024.0,640.0,0.0,38.0,114.0,70.0,40.0,4.0,420.0,95.0,179.0
Agfa ePhoto 1680,1280.0,640.0,1.0,38.0,114.0,50.0,0.0,4.0,420.0,158.0,179.0
Agfa ePhoto CL18,640.0,0.0,0.0,45.0,45.0,0.0,0.0,2.0,0.0,0.0,179.0
Agfa ePhoto CL30,1152.0,640.0,0.0,35.0,35.0,0.0,0.0,4.0,0.0,0.0,269.0
Agfa ePhoto CL30 Clik!,1152.0,640.0,0.0,43.0,43.0,50.0,0.0,40.0,300.0,128.0,1299.0
Agfa ePhoto CL45,1600.0,640.0,1.0,51.0,51.0,50.0,20.0,8.0,270.0,119.0,179.0
Agfa ePhoto CL50,1280.0,640.0,1.0,34.0,102.0,0.0,0.0,8.0,0.0,0.0,179.0
Canon PowerShot 350,640.0,0.0,0.0,42.0,42.0,70.0,3.0,2.0,320.0,93.0,149.0
Canon PowerShot 600,832.0,640.0,0.0,50.0,50.0,40.0,10.0,1.0,460.0,160.0,139.0
Canon PowerShot A10,1280.0,1024.0,1.0,35.0,105.0,76.0,16.0,8.0,375.0,110.0,139.0
Canon PowerShot A100,1280.0,1024.0,1.0,39.0,39.0,20.0,5.0,8.0,225.0,110.0,139.0
Canon PowerShot A20,1600.0,1024.0,1.0,35.0,105.0,76.0,16.0,8.0,375.0,110.0,139.0
Canon PowerShot A200,1600.0,1024.0,1.0,39.0,39.0,20.0,5.0,8.0,225.0,110.0,139.0
Canon PowerShot A30,1280.0,1024.0,1.0,35.0,105.0,76.0,16.0,8.0,350.0,110.0,139.0
Canon PowerShot A300,2048.0,1600.0,3.0,33.0,33.0,20.0,5.0,32.0,225.0,111.0,139.0
Canon PowerShot A310,2048.0,1600.0,3.0,33.0,33.0,0.0,5.0,0.0,205.0,110.0,139.0
Canon PowerShot A40,1600.0,1024.0,1.0,35.0,105.0,76.0,16.0,8.0,350.0,110.0,139.0
Canon PowerShot A400,2048.0,1600.0,3.0,45.0,100.0,0.0,5.0,16.0,255.0,107.0,139.0
Canon PowerShot A410,2048.0,1600.0,3.0,41.0,131.0,0.0,1.0,16.0,195.0,103.0,139.0
Canon PowerShot A420,2272.0,1600.0,4.0,39.0,125.0,47.0,1.0,16.0,200.0,103.0,139.0
Canon PowerShot A430,2272.0,1600.0,4.0,39.0,156.0,47.0,1.0,16.0,210.0,103.0,139.0
Canon PowerShot A450,2592.0,2048.0,5.0,38.0,122.0,47.0,1.0,16.0,215.0,106.0,139.0
Canon PowerShot A460,2592.0,2048.0,5.0,38.0,152.0,47.0,1.0,16.0,215.0,106.0,139.0
Canon PowerShot A5,1024.0,512.0,0.0,35.0,35.0,50.0,9.0,8.0,240.0,105.0,149.0
Canon PowerShot A50,1280.0,640.0,1.0,28.0,70.0,50.0,17.0,8.0,290.0,103.0,149.0
Canon PowerShot A510,2048.0,1600.0,3.0,35.0,140.0,0.0,5.0,16.0,230.0,91.0,139.0
Canon PowerShot A520,2272.0,1600.0,3.0,35.0,140.0,0.0,5.0,16.0,230.0,91.0,149.0
Canon PowerShot A530,2592.0,2048.0,5.0,35.0,140.0,45.0,5.0,16.0,220.0,90.0,149.0
Canon PowerShot A540,2816.0,2272.0,6.0,35.0,140.0,45.0,5.0,16.0,230.0,90.0,149.0
Canon PowerShot A550,3072.0,2592.0,7.0,35.0,140.0,45.0,5.0,16.0,210.0,91.0,149.0
Canon PowerShot A560,3072.0,2592.0,7.0,35.0,140.0,45.0,5.0,16.0,205.0,91.0,149.0
Canon PowerShot A570 IS,3072.0,2592.0,7.0,35.0,140.0,45.0,5.0,16.0,215.0,90.0,149.0
Canon PowerShot A5 Zoom,1024.0,512.0,0.0,28.0,70.0,50.0,17.0,8.0,290.0,103.0,149.0
Canon PowerShot A60,1600.0,1024.0,1.0,35.0,105.0,46.0,5.0,16.0,315.0,101.0,139.0
Canon PowerShot A610,2592.0,2592.0,5.0,35.0,140.0,0.0,1.0,16.0,285.0,105.0,139.0
Canon PowerShot A620,3072.0,3072.0,7.0,35.0,140.0,0.0,1.0,32.0,285.0,105.0,139.0
Canon PowerShot A630,3264.0,2592.0,8.0,35.0,140.0,0.0,1.0,16.0,315.0,109.0,139.0
Canon PowerShot A640,3648.0,2816.0,10.0,35.0,140.0,0.0,1.0,32.0,315.0,109.0,139.0
Canon PowerShot A650 IS,4000.0,3264.0,12.0,35.0,210.0,0.0,1.0,32.0,300.0,97.0,399.0
Canon PowerShot A70,2048.0,1600.0,3.0,35.0,105.0,46.0,5.0,16.0,315.0,101.0,139.0
Canon PowerShot A700,2816.0,2272.0,6.0,35.0,210.0,55.0,1.0,16.0,250.0,94.0,139.0
Canon PowerShot A710 IS,3072.0,2592.0,7.0,35.0,210.0,55.0,1.0,16.0,210.0,98.0,139.0
Canon PowerShot A720 IS,3264.0,2592.0,8.0,35.0,210.0,55.0,1.0,16.0,250.0,97.0,399.0
Canon PowerShot A75,2048.0,1600.0,3.0,35.0,105.0,46.0,5.0,32.0,315.0,101.0,139.0
Canon PowerShot A80,2272.0,1600.0,3.0,38.0,114.0,46.0,5.0,32.0,350.0,103.0,139.0
Canon PowerShot A85,2272.0,1600.0,4.0,35.0,105.0,0.0,5.0,32.0,300.0,101.0,139.0
Canon PowerShot A95,2592.0,2048.0,5.0,38.0,114.0,45.0,5.0,32.0,335.0,101.0,139.0
Canon EOS 10D,3072.0,2048.0,6.0,0.0,0.0,0.0,0.0,0.0,875.0,150.0,1299.0
Canon EOS-1D,2464.0,1232.0,4.0,0.0,0.0,0.0,0.0,0.0,1585.0,156.0,4499.0
Canon EOS-1D Mark II,3504.0,3104.0,8.0,0.0,0.0,0.0,0.0,0.0,1565.0,156.0,4499.0
Canon EOS-1D Mark III,3888.0,3456.0,10.0,0.0,0.0,0.0,0.0,0.0,1335.0,156.0,4499.0
Canon EOS-1D Mark II N,3504.0,3104.0,8.0,0.0,0.0,0.0,0.0,0.0,1565.0,156.0,4499.0
Canon EOS-1Ds,4064.0,2032.0,11.0,0.0,0.0,0.0,0.0,0.0,1585.0,156.0,7999.0
Canon EOS-1Ds Mark II,4992.0,3600.0,16.0,0.0,0.0,0.0,0.0,0.0,1565.0,156.0,7999.0
Canon EOS-1Ds Mark III,5616.0,4992.0,21.0,0.0,0.0,0.0,0.0,0.0,1385.0,150.0,7999.0
Canon EOS 20D,3504.0,2544.0,8.0,0.0,0.0,0.0,0.0,0.0,770.0,144.0,1299.0
Canon EOS 20Da,3504.0,2544.0,8.0,0.0,0.0,0.0,0.0,0.0,770.0,144.0,1299.0
Canon EOS 300D / Digital Rebel,3072.0,2048.0,6.0,0.0,0.0,0.0,0.0,0.0,645.0,142.0,1299.0
Canon EOS 30D,3504.0,2544.0,8.0,0.0,0.0,0.0,0.0,0.0,784.0,144.0,1299.0
Canon EOS 350D / Digital Rebel XT,3456.0,2496.0,8.0,0.0,0.0,0.0,0.0,0.0,540.0,127.0,1299.0
Canon EOS 400D / Digital Rebel XTi,3888.0,2816.0,10.0,0.0,0.0,0.0,0.0,0.0,556.0,127.0,1299.0
Canon EOS 40D,3888.0,2816.0,10.0,0.0,0.0,0.0,0.0,0.0,822.0,146.0,1299.0
Canon EOS 5D,4368.0,3168.0,12.0,0.0,0.0,0.0,0.0,0.0,895.0,152.0,2499.0
Canon EOS D30,2160.0,1440.0,3.0,0.0,0.0,0.0,0.0,16.0,855.0,150.0,549.0
Canon EOS D60,3072.0,2048.0,6.0,0.0,0.0,0.0,0.0,16.0,855.0,150.0,549.0
Canon PowerShot G1,2048.0,1024.0,3.0,34.0,102.0,70.0,6.0,16.0,490.0,120.0,499.0
Canon PowerShot G2,2272.0,1600.0,3.0,34.0,102.0,70.0,6.0,32.0,510.0,121.0,499.0
Canon PowerShot G3,2272.0,1600.0,3.0,35.0,140.0,50.0,5.0,32.0,490.0,121.0,499.0
Canon PowerShot G5,2592.0,1600.0,5.0,35.0,140.0,50.0,5.0,32.0,490.0,121.0,149.0
Canon PowerShot G6,3072.0,2592.0,7.0,35.0,140.0,50.0,5.0,32.0,467.0,105.0,499.0
Canon PowerShot G7,3648.0,2816.0,10.0,35.0,210.0,50.0,1.0,32.0,380.0,106.0,499.0
Canon PowerShot G9,4000.0,3264.0,12.0,35.0,210.0,50.0,1.0,32.0,370.0,106.0,499.0
Canon PowerShot Pro1,3264.0,2272.0,8.0,28.0,200.0,50.0,3.0,64.0,640.0,118.0,139.0
Canon PowerShot Pro70,1536.0,768.0,1.0,28.0,70.0,32.0,12.0,8.0,800.0,148.0,199.0
Canon PowerShot Pro90 IS,1856.0,1024.0,2.0,37.0,370.0,10.0,10.0,16.0,680.0,127.0,384.0
Canon PowerShot S10,1600.0,1280.0,1.0,35.0,70.0,46.0,12.0,8.0,320.0,106.0,399.0
Canon PowerShot S100,1600.0,640.0,1.0,35.0,70.0,57.0,10.0,8.0,250.0,87.0,199.0
Canon PowerShot S110,1600.0,1024.0,1.0,35.0,70.0,57.0,10.0,8.0,250.0,87.0,199.0
Canon PowerShot S1 IS,2048.0,1600.0,3.0,38.0,380.0,10.0,10.0,32.0,469.0,111.0,399.0
Canon PowerShot S20,2048.0,1024.0,3.0,32.0,64.0,66.0,12.0,16.0,320.0,106.0,399.0
Canon PowerShot S200,1600.0,1024.0,1.0,35.0,70.0,57.0,10.0,8.0,250.0,87.0,199.0
Canon PowerShot S230,2048.0,1600.0,3.0,35.0,70.0,47.0,10.0,16.0,250.0,87.0,199.0
Canon PowerShot S2 IS,2592.0,2048.0,5.0,36.0,432.0,50.0,10.0,16.0,505.0,113.0,399.0
Canon PowerShot S30,2048.0,1600.0,3.0,35.0,105.0,80.0,10.0,16.0,323.0,112.0,399.0
Canon PowerShot S300,1600.0,1024.0,1.0,35.0,105.0,76.0,16.0,8.0,270.0,95.0,199.0
Canon PowerShot S330,1600.0,1024.0,1.0,35.0,105.0,76.0,16.0,8.0,274.0,95.0,199.0
Canon PowerShot S3 IS,2816.0,2272.0,6.0,36.0,432.0,50.0,10.0,16.0,510.0,113.0,399.0
Canon PowerShot S40,2272.0,1600.0,3.0,35.0,105.0,80.0,10.0,16.0,323.0,112.0,139.0
Canon PowerShot S400,2272.0,1600.0,3.0,36.0,108.0,46.0,5.0,32.0,230.0,87.0,139.0
Canon PowerShot S410,2272.0,1600.0,3.0,36.0,108.0,0.0,5.0,32.0,215.0,87.0,139.0
Canon PowerShot S45,2272.0,1600.0,3.0,35.0,105.0,50.0,10.0,32.0,323.0,112.0,139.0
Canon PowerShot S50,2592.0,1600.0,5.0,35.0,105.0,50.0,10.0,32.0,323.0,112.0,399.0
Canon PowerShot S500,2592.0,2048.0,5.0,36.0,108.0,0.0,5.0,32.0,215.0,87.0,149.0
Canon PowerShot S5 IS,3264.0,2272.0,8.0,36.0,432.0,50.0,10.0,32.0,550.0,117.0,399.0
Canon PowerShot S60,2592.0,1600.0,5.0,28.0,100.0,50.0,4.0,32.0,300.0,114.0,399.0
Canon PowerShot S70,3072.0,2592.0,7.0,28.0,100.0,50.0,4.0,32.0,300.0,114.0,399.0
Canon PowerShot S80,3264.0,2592.0,8.0,28.0,100.0,50.0,4.0,32.0,290.0,104.0,399.0
Canon PowerShot SD10,2272.0,1600.0,3.0,38.0,38.0,0.0,3.0,32.0,140.0,90.0,199.0
Canon PowerShot SD100,2048.0,1600.0,3.0,35.0,70.0,47.0,10.0,16.0,185.0,85.0,199.0
Canon PowerShot SD1000,3072.0,2592.0,7.0,35.0,105.0,0.0,5.0,32.0,175.0,86.0,199.0
Canon PowerShot SD110,2048.0,1600.0,3.0,35.0,70.0,0.0,10.0,16.0,195.0,85.0,199.0
Canon PowerShot SD20,2592.0,2048.0,5.0,39.0,39.0,0.0,3.0,32.0,140.0,90.0,199.0
Canon PowerShot SD200,2048.0,1600.0,3.0,35.0,105.0,0.0,3.0,16.0,135.0,86.0,199.0
Canon PowerShot SD30,2592.0,2048.0,5.0,38.0,90.0,0.0,10.0,16.0,120.0,96.0,199.0
Canon PowerShot SD300,2272.0,1600.0,3.0,35.0,105.0,0.0,3.0,16.0,147.0,86.0,199.0
Canon PowerShot SD40,3072.0,2592.0,7.0,38.0,90.0,0.0,10.0,16.0,120.0,96.0,199.0
Canon PowerShot SD400,2592.0,2048.0,5.0,35.0,105.0,0.0,3.0,16.0,150.0,86.0,199.0
Canon PowerShot SD430 Wireless,2592.0,2048.0,5.0,35.0,105.0,0.0,3.0,16.0,185.0,99.0,199.0
Canon PowerShot SD450,2592.0,2048.0,5.0,35.0,105.0,0.0,3.0,16.0,155.0,86.0,199.0
Canon PowerShot SD500,3072.0,2592.0,7.0,37.0,111.0,0.0,5.0,32.0,200.0,90.0,199.0
Canon PowerShot SD550,3072.0,2592.0,7.0,37.0,111.0,0.0,5.0,32.0,185.0,90.0,199.0
Canon PowerShot SD600,2816.0,2272.0,6.0,35.0,105.0,30.0,3.0,16.0,170.0,86.0,199.0
Canon PowerShot SD630,2816.0,2272.0,6.0,35.0,105.0,30.0,3.0,16.0,175.0,90.0,199.0
Canon PowerShot SD700 IS,2816.0,2272.0,6.0,35.0,140.0,45.0,2.0,16.0,195.0,90.0,384.0
Canon PowerShot SD750,3072.0,2592.0,7.0,35.0,105.0,0.0,5.0,32.0,170.0,92.0,384.0
Canon PowerShot SD800 IS,3072.0,2592.0,7.0,28.0,105.0,0.0,3.0,16.0,195.0,90.0,384.0
Canon PowerShot SD850 IS,3264.0,2272.0,8.0,35.0,140.0,45.0,2.0,32.0,195.0,90.0,384.0
Canon PowerShot SD870 IS,3264.0,2592.0,8.0,28.0,105.0,45.0,2.0,32.0,165.0,93.0,384.0
Canon PowerShot SD900,3648.0,2816.0,10.0,37.0,111.0,0.0,5.0,32.0,205.0,91.0,199.0
Canon PowerShot SD950 IS,4000.0,3264.0,12.0,36.0,133.0,50.0,5.0,32.0,205.0,96.0,384.0
Canon PowerShot SX100 IS,3264.0,2592.0,8.0,36.0,360.0,50.0,1.0,32.0,316.0,109.0,299.0
Canon PowerShot TX1,3072.0,2592.0,7.0,39.0,390.0,50.0,10.0,0.0,260.0,89.0,139.0
Casio Exilim EX-P505,2560.0,2048.0,4.0,38.0,190.0,40.0,1.0,7.0,275.0,99.0,249.0
Casio Exilim EX-P600,2816.0,2048.0,5.0,33.0,132.0,40.0,10.0,9.0,275.0,98.0,249.0
Casio Exilim EX-P700,3072.0,2304.0,7.0,33.0,132.0,40.0,10.0,9.0,275.0,98.0,249.0
Casio Exilim EX-S100,2048.0,1600.0,3.0,36.0,102.0,40.0,17.0,9.0,123.0,88.0,249.0
Casio Exilim EX-S20,1600.0,1280.0,1.0,35.0,35.0,80.0,30.0,10.0,100.0,83.0,249.0
Casio Exilim EX-S3,2048.0,1600.0,3.0,35.0,35.0,80.0,80.0,10.0,110.0,90.0,249.0
Casio Exilim EX-S500,2560.0,2304.0,4.0,38.0,114.0,40.0,17.0,8.0,125.0,90.0,249.0
Casio Exilim EX-S600,2816.0,2304.0,6.0,38.0,114.0,40.0,15.0,8.0,155.0,90.0,249.0
Casio Exilim EX-S600d,2816.0,2304.0,6.0,38.0,114.0,40.0,15.0,8.0,155.0,90.0,249.0
Casio Exilim EX-S880,3264.0,2816.0,8.0,38.0,114.0,50.0,15.0,10.0,138.0,94.5,249.0
Casio Exilim EX-V7,3072.0,2560.0,7.0,38.0,266.0,30.0,10.0,11.0,190.0,96.0,299.0
Casio Exilim EX-V8,3264.0,2816.0,8.0,38.0,266.0,40.0,10.0,11.0,199.0,96.0,299.0
Casio Exilim EX-Z10,2560.0,2304.0,5.0,35.0,114.0,40.0,6.0,8.0,154.0,90.0,329.0
Casio Exilim EX-Z1000,3648.0,2560.0,10.0,38.0,114.0,40.0,6.0,8.0,185.0,92.0,329.0
Casio Exilim EX-Z1050,3648.0,2560.0,10.0,38.0,114.0,40.0,10.0,15.0,165.0,91.0,329.0
Casio Exilim EX-Z1080,3648.0,2560.0,10.0,38.0,114.0,40.0,10.0,11.0,165.0,91.0,329.0
Casio Exilim EX-Z110,2816.0,2304.0,6.0,35.0,114.0,40.0,6.0,8.0,151.0,90.0,329.0
Casio Exilim EX-Z120,3072.0,2560.0,7.0,38.0,114.0,50.0,10.0,8.0,154.0,90.0,329.0
Casio Exilim EX-Z1200 SR,4000.0,3264.0,12.0,37.0,111.0,40.0,6.0,11.0,162.0,93.0,329.0
Casio Exilim EX-Z3,2048.0,1600.0,3.0,35.0,105.0,40.0,6.0,16.0,170.0,87.0,329.0
Casio Exilim EX-Z30,2048.0,1600.0,3.0,35.0,105.0,40.0,6.0,9.0,150.0,87.0,329.0
Casio Exilim EX-Z4,2304.0,1600.0,4.0,35.0,105.0,40.0,6.0,16.0,170.0,87.0,329.0
Casio Exilim EX-Z40,2304.0,1600.0,4.0,35.0,105.0,40.0,6.0,9.0,150.0,87.0,329.0
Casio Exilim EX-Z5,2560.0,2304.0,4.0,38.0,114.0,40.0,10.0,8.0,160.0,95.0,329.0
Casio Exilim EX-Z50,2560.0,2048.0,5.0,35.0,105.0,50.0,6.0,9.0,171.0,87.0,329.0
Casio Exilim EX-Z500,2560.0,2304.0,5.0,38.0,114.0,40.0,17.0,8.0,127.0,89.0,329.0
Casio Exilim EX-Z55,2560.0,2048.0,5.0,35.0,105.0,50.0,6.0,9.0,180.0,87.0,329.0
Casio Exilim EX-Z57,2560.0,2048.0,4.0,35.0,105.0,40.0,6.0,9.0,175.0,89.0,199.0
Casio Exilim EX-Z60,2816.0,2304.0,6.0,38.0,114.0,40.0,10.0,8.0,148.0,95.0,329.0
Casio Exilim EX-Z70,3072.0,2560.0,7.0,38.0,114.0,40.0,10.0,8.0,140.0,95.0,199.0
Casio Exilim EX-Z700,3072.0,2560.0,7.0,38.0,114.0,40.0,15.0,8.0,154.0,89.0,329.0
Casio Exilim EX-Z75,3072.0,2560.0,7.0,38.0,114.0,40.0,10.0,8.0,156.0,95.0,199.0
Casio Exilim EX-Z750,3072.0,2304.0,7.0,38.0,114.0,40.0,10.0,9.0,165.0,89.0,329.0
Casio Exilim EX-Z77,3072.0,2560.0,7.0,38.0,114.0,40.0,10.0,11.0,128.0,95.0,199.0
Casio Exilim EX-S770,3072.0,2560.0,7.0,38.0,114.0,40.0,15.0,6.0,176.0,95.0,249.0
Casio Exilim EX-Z850,3264.0,2816.0,8.0,38.0,114.0,40.0,10.0,8.0,185.0,89.0,249.0
Casio GV-10,1280.0,640.0,1.0,35.0,35.0,60.0,10.0,8.0,320.0,101.0,249.0
Casio GV-20,1600.0,800.0,1.0,35.0,35.0,60.0,10.0,8.0,320.0,101.0,249.0
Casio QV-2000UX,1600.0,800.0,1.0,36.0,108.0,50.0,20.0,8.0,320.0,130.0,249.0
Casio QV-2100,1600.0,800.0,1.0,41.0,41.0,80.0,20.0,16.0,260.0,108.0,249.0
Casio QV-2300UX,1600.0,800.0,1.0,41.0,123.0,10.0,1.0,8.0,245.0,67.0,249.0
Casio QV-2400UX,1600.0,800.0,1.0,41.0,123.0,10.0,1.0,8.0,245.0,67.0,249.0
Casio QV-2800UX,1600.0,800.0,1.0,40.0,320.0,40.0,1.0,8.0,295.0,81.0,249.0
Casio QV-2900UX,1600.0,800.0,1.0,40.0,320.0,40.0,1.0,8.0,295.0,81.0,249.0
Casio QV-3EX,2048.0,1024.0,3.0,41.0,41.0,50.0,10.0,16.0,245.0,115.0,249.0
Casio QV-300,640.0,320.0,0.0,47.0,106.0,60.0,9.0,4.0,290.0,162.0,249.0
Casio QV-3000EX,2048.0,1024.0,3.0,33.0,100.0,30.0,6.0,16.0,360.0,134.0,249.0
Casio QV-3500EX,2048.0,1024.0,3.0,33.0,100.0,30.0,6.0,16.0,360.0,134.0,249.0
Casio QV-4000,2240.0,1600.0,3.0,34.0,102.0,30.0,6.0,16.0,420.0,118.0,249.0
Casio QV-5000SX,1280.0,640.0,1.0,35.0,35.0,30.0,10.0,8.0,320.0,147.0,249.0
Casio QV-5500SX,1280.0,640.0,1.0,36.0,36.0,30.0,10.0,8.0,320.0,131.0,249.0
Casio QV-5700,2560.0,1600.0,4.0,34.0,102.0,30.0,6.0,16.0,420.0,118.0,249.0
Casio QV-700,640.0,0.0,0.0,38.0,38.0,70.0,14.0,4.0,290.0,147.0,249.0
Casio QV-7000SX,1280.0,640.0,1.0,32.0,64.0,23.0,10.0,8.0,320.0,141.0,249.0
Casio QV-770,640.0,0.0,0.0,38.0,38.0,70.0,14.0,4.0,300.0,129.0,249.0
Casio QV-8000SX,1280.0,640.0,1.0,40.0,320.0,40.0,1.0,8.0,320.0,141.0,249.0
Casio QV-R3,2048.0,1600.0,3.0,38.0,113.0,40.0,14.0,11.0,240.0,90.0,249.0
Casio QV-R4,2304.0,2240.0,4.0,38.0,113.0,40.0,14.0,11.0,240.0,90.0,249.0
Casio QV-R40,2304.0,2240.0,4.0,39.0,117.0,60.0,10.0,11.0,210.0,88.0,249.0
Casio QV-R41,2304.0,2240.0,3.0,39.0,117.0,60.0,10.0,9.0,198.0,88.0,249.0
Casio QV-R51,2560.0,2048.0,4.0,39.0,117.0,60.0,10.0,9.0,210.0,88.0,249.0
Casio QV-R61,2816.0,2048.0,6.0,39.0,117.0,70.0,10.0,9.0,218.0,88.0,249.0
Casio QV-R62,2816.0,2048.0,6.0,39.0,117.0,70.0,10.0,9.0,218.0,88.0,249.0
Contax N Digital,3040.0,0.0,6.0,0.0,0.0,0.0,0.0,0.0,0.0,152.0,549.0
Contax TVS Digital,2560.0,1600.0,4.0,35.0,105.0,60.0,15.0,0.0,260.0,112.0,549.0
Epson PhotoPC 800,1600.0,640.0,1.0,38.0,38.0,50.0,15.0,8.0,280.0,113.0,229.0
Epson PhotoPC 850 Zoom,1600.0,640.0,1.0,35.0,105.0,0.0,0.0,0.0,0.0,0.0,229.0
Epson PhotoPC L-500V,2560.0,1600.0,4.0,34.0,102.0,50.0,5.0,16.0,200.0,92.0,159.0
Epson PhotoPC 3000 Zoom,2048.0,640.0,3.0,34.0,102.0,50.0,5.0,16.0,360.0,107.0,399.0
Epson PhotoPC 3100 Zoom,2048.0,1600.0,3.0,34.0,102.0,50.0,5.0,16.0,360.0,107.0,399.0
Epson PhotoPC 500,640.0,320.0,0.0,43.0,43.0,60.0,20.0,2.0,320.0,142.0,229.0
Epson PhotoPC 550,640.0,320.0,0.0,43.0,43.0,60.0,10.0,1.0,170.0,107.0,229.0
Epson PhotoPC 600,1024.0,640.0,0.0,36.0,36.0,50.0,20.0,4.0,270.0,143.0,229.0
Epson PhotoPC 650,1152.0,640.0,0.0,39.0,39.0,60.0,15.0,8.0,400.0,135.0,229.0
Epson PhotoPC 700,1280.0,640.0,1.0,35.0,35.0,50.0,10.0,4.0,0.0,0.0,229.0
Epson PhotoPC 750 Zoom,1280.0,640.0,1.0,34.0,102.0,80.0,20.0,8.0,0.0,0.0,229.0
Epson PhotoPC L-300,2048.0,1600.0,3.0,34.0,102.0,50.0,11.0,16.0,285.0,105.0,399.0
Epson PhotoPC L-400,2304.0,1600.0,4.0,34.0,102.0,50.0,11.0,16.0,285.0,105.0,129.0
Epson PhotoPC L-410,2304.0,1600.0,4.0,34.0,102.0,50.0,11.0,16.0,203.0,92.0,129.0
Epson R-D1,3008.0,2240.0,6.0,0.0,0.0,0.0,0.0,0.0,620.0,142.0,4499.0
Fujifilm FinePix 40i,2400.0,1280.0,2.0,36.0,36.0,50.0,6.0,64.0,200.0,85.5,169.0
Fujifilm FinePix 50i,2400.0,1600.0,2.0,36.0,36.0,50.0,6.0,64.0,200.0,85.5,169.0
Fujifilm DS-260HD,1280.0,640.0,1.0,35.0,105.0,90.0,25.0,4.0,700.0,100.0,169.0
Fujifilm DS-300,1280.0,640.0,1.0,35.0,105.0,20.0,20.0,0.0,700.0,153.0,169.0
Fujifilm FinePix 1300,1280.0,640.0,1.0,38.0,38.0,80.0,8.0,8.0,240.0,110.0,169.0
Fujifilm FinePix 2300,1600.0,1280.0,1.0,36.0,36.0,80.0,8.0,8.0,240.0,110.0,169.0
Fujifilm FinePix 2400 Zoom,1600.0,1280.0,1.0,38.0,114.0,80.0,10.0,8.0,290.0,125.0,169.0
Fujifilm FinePix 2600 Zoom,1600.0,1280.0,1.0,38.0,114.0,80.0,10.0,16.0,260.0,99.0,169.0
Fujifilm FinePix 2650,1600.0,1280.0,1.0,38.0,114.0,80.0,8.0,16.0,235.0,100.0,169.0
Fujifilm FinePix 2800 Zoom,1600.0,1280.0,1.0,38.0,228.0,80.0,10.0,16.0,360.0,95.0,169.0
Fujifilm Finepix 30i,1600.0,1280.0,1.0,38.0,38.0,60.0,8.0,16.0,200.0,85.0,199.0
Fujifilm FinePix 3800,2048.0,1600.0,3.0,38.0,228.0,80.0,10.0,16.0,400.0,100.0,399.0
Fujifilm FinePix 4800 Zoom,2400.0,1600.0,2.0,36.0,108.0,60.0,20.0,16.0,280.0,80.0,169.0
Fujifilm FinePix 4900 Zoom,2400.0,1600.0,2.0,35.0,210.0,50.0,10.0,16.0,450.0,110.0,169.0
Fujifilm FinePix 6800 Zoom,2832.0,2048.0,3.0,36.0,108.0,60.0,20.0,16.0,280.0,80.0,169.0
Fujifilm FinePix 6900 Zoom,2832.0,2048.0,3.0,35.0,210.0,50.0,10.0,16.0,450.0,110.0,169.0
Fujifilm FinePix A101,1280.0,640.0,1.0,36.0,36.0,80.0,8.0,8.0,190.0,99.0,169.0
Fujifilm FinePix A120,2016.0,1600.0,3.0,38.0,38.0,80.0,9.0,16.0,170.0,102.0,169.0
Fujifilm FinePix A200,1600.0,1280.0,1.0,36.0,36.0,80.0,8.0,16.0,180.0,99.0,169.0
Fujifilm FinePix A201,1600.0,1280.0,1.0,36.0,36.0,80.0,8.0,16.0,190.0,99.0,169.0
Fujifilm FinePix A203,1600.0,1280.0,1.0,38.0,114.0,60.0,10.0,16.0,180.0,97.0,169.0
Fujifilm FinePix A205 Zoom,1600.0,1280.0,1.0,36.0,108.0,80.0,10.0,16.0,225.0,99.0,169.0
Fujifilm FinePix A210 Zoom,2048.0,1600.0,3.0,36.0,108.0,80.0,10.0,16.0,225.0,99.0,169.0
Fujifilm FinePix A303,2048.0,1600.0,3.0,38.0,114.0,60.0,10.0,16.0,180.0,97.0,169.0
Fujifilm FinePix A310 Zoom,2816.0,2048.0,3.0,38.0,114.0,60.0,10.0,16.0,190.0,97.0,169.0
Fujifilm FinePix A330,2016.0,1600.0,3.0,38.0,114.0,60.0,10.0,16.0,160.0,104.0,169.0
Fujifilm FinePix A340,2272.0,1600.0,4.0,38.0,114.0,60.0,10.0,16.0,160.0,104.0,169.0
Fujifilm FinePix A345 Zoom,2304.0,2048.0,4.0,35.0,105.0,60.0,6.0,16.0,192.0,90.0,169.0
Fujifilm FinePix A350 Zoom,2592.0,2048.0,5.0,35.0,105.0,60.0,6.0,16.0,192.0,90.0,169.0
Fujifilm FinePix A400 Zoom,2303.0,1600.0,4.0,38.0,114.0,60.0,10.0,12.0,170.0,93.0,169.0
Fujifilm FinePix A500 Zoom,2592.0,2048.0,5.0,38.0,114.0,60.0,10.0,12.0,170.0,93.0,169.0
Fujifilm FinePix A600 Zoom,2848.0,2048.0,6.0,36.0,108.0,50.0,10.0,12.0,195.0,93.0,169.0
Fujifilm FinePix A610,2848.0,2048.0,6.0,39.0,117.0,60.0,10.0,10.0,195.0,98.0,169.0
Fujifilm FinePix A800,3296.0,2304.0,8.0,36.0,108.0,50.0,10.0,10.0,200.0,98.0,169.0
Fujifilm FinePix A820,3296.0,2304.0,8.0,39.0,156.0,60.0,10.0,10.0,205.0,98.0,169.0
Fujifilm FinePix A900,3488.0,2048.0,9.0,39.0,156.0,60.0,10.0,10.0,205.0,98.0,169.0
Fujifilm FinePix A920,3488.0,2592.0,9.0,39.0,156.0,60.0,10.0,10.0,206.0,98.0,169.0
Fujifilm FinePix E500 Zoom,2304.0,1600.0,4.0,28.0,91.0,60.0,6.0,16.0,226.0,101.0,169.0
Fujifilm FinePix E510 Zoom,2592.0,2048.0,5.0,28.0,91.0,60.0,2.0,16.0,226.0,101.0,169.0
Fujifilm FinePix E550 Zoom,4048.0,2048.0,6.0,32.0,130.0,60.0,7.0,16.0,260.0,105.0,169.0
Fujifilm FinePix E900 Zoom,3488.0,2592.0,9.0,32.0,128.0,60.0,7.0,16.0,260.0,102.0,169.0
Fujifilm FinePix F10 Zoom,2848.0,2048.0,6.0,36.0,108.0,60.0,8.0,16.0,190.0,92.0,179.0
Fujifilm FinePix F11 Zoom,2848.0,2048.0,6.0,36.0,108.0,60.0,5.0,16.0,190.0,92.0,199.0
Fujifilm FinePix F20 Zoom,2848.0,2048.0,6.0,36.0,108.0,60.0,5.0,10.0,190.0,94.0,169.0
Fujifilm FinePix F30 Zoom,2848.0,2048.0,6.0,36.0,108.0,60.0,5.0,10.0,185.0,93.0,169.0
Fujifilm FinePix F31 fd,2848.0,2048.0,6.0,36.0,108.0,60.0,5.0,26.0,185.0,93.0,199.0
Fujifilm FinePix F401 Zoom,2304.0,1600.0,2.0,38.0,114.0,60.0,10.0,16.0,200.0,85.0,169.0
Fujifilm FinePix F402,2304.0,1600.0,2.0,39.0,39.0,50.0,6.0,16.0,145.0,77.0,199.0
Fujifilm FinePix F40 fd,3296.0,2304.0,8.0,36.0,108.0,45.0,7.0,25.0,181.0,96.0,199.0
Fujifilm FinePix F410 Zoom,2816.0,2048.0,3.0,38.0,114.0,60.0,10.0,16.0,205.0,85.0,169.0
Fujifilm FinePix F420 Zoom,2816.0,2048.0,3.0,36.0,108.0,60.0,8.0,16.0,180.0,77.0,169.0
Fujifilm FinePix F440 Zoom,2304.0,1600.0,3.0,38.0,130.0,60.0,9.0,16.0,180.0,75.0,169.0
Fujifilm FinePix F450 Zoom,2592.0,2048.0,5.0,38.0,130.0,60.0,9.0,16.0,180.0,75.0,199.0
Fujifilm FinePix F455 Zoom,2592.0,2048.0,5.0,38.0,130.0,60.0,9.0,16.0,180.0,93.0,199.0
Fujifilm FinePix F470 Zoom,2816.0,2048.0,6.0,35.0,105.0,70.0,10.0,16.0,150.0,92.0,169.0
Fujifilm FinePix F480 Zoom,3264.0,2304.0,8.0,28.0,112.0,40.0,5.0,12.0,170.0,96.0,169.0
Fujifilm FinePix F50 fd,4000.0,2848.0,12.0,35.0,105.0,45.0,7.0,25.0,205.0,93.0,199.0
Fujifilm FinePix F601Z,2832.0,2048.0,3.0,36.0,108.0,60.0,20.0,16.0,280.0,72.0,169.0
Fujifilm FinePix F610,4048.0,2848.0,6.0,35.0,105.0,60.0,9.0,16.0,205.0,72.0,169.0
Fujifilm FinePix F650 Zoom,2816.0,2048.0,6.0,36.0,180.0,60.0,3.0,32.0,200.0,105.0,169.0
Fujifilm FinePix F700,2832.0,2048.0,3.0,35.0,105.0,60.0,9.0,16.0,205.0,108.0,169.0
Fujifilm FinePix F710,2832.0,2048.0,3.0,32.0,130.0,60.0,8.0,16.0,225.0,110.0,169.0
Fujifilm FinePix F810 Zoom,4048.0,2848.0,6.0,32.0,130.0,60.0,7.0,16.0,250.0,110.0,169.0
Fujifilm FinePix IS-1,3488.0,2592.0,9.0,28.0,300.0,0.0,0.0,0.0,750.0,128.0,169.0
Fujifilm FinePix M603,2832.0,2048.0,3.0,38.0,76.0,60.0,20.0,16.0,280.0,65.0,169.0
Fujifilm FinePix S20 Pro,2832.0,2016.0,6.0,35.0,210.0,50.0,1.0,16.0,597.0,121.0,1699.0
Fujifilm FinePix S3000 Z,2048.0,1600.0,3.0,38.0,228.0,80.0,10.0,16.0,400.0,100.0,229.0
Fujifilm FinePix S3500 Zoom,2272.0,1600.0,4.0,39.0,234.0,80.0,10.0,16.0,385.0,100.0,229.0
Fujifilm FinePix S5000 Z,2816.0,2048.0,3.0,37.0,370.0,90.0,10.0,16.0,430.0,113.0,229.0
Fujifilm FinePix S5100 Zoom,2272.0,1600.0,4.0,37.0,370.0,90.0,10.0,16.0,387.0,113.0,229.0
Fujifilm FinePix S5200 Zoom,2592.0,2048.0,5.0,38.0,380.0,90.0,1.0,16.0,470.0,114.0,229.0
Fujifilm FinePix S5700 Zoom,3072.0,2304.0,7.0,38.0,380.0,30.0,10.0,27.0,406.0,106.0,229.0
Fujifilm FinePix S6000 fd,2848.0,2048.0,6.0,28.0,300.0,40.0,10.0,10.0,700.0,131.0,399.0
Fujifilm FinePix S602Z,2832.0,2048.0,3.0,35.0,210.0,50.0,1.0,16.0,590.0,121.0,399.0
Fujifilm FinePix S602Z Pro,2832.0,2048.0,3.0,35.0,210.0,50.0,1.0,340.0,590.0,121.0,1699.0
Fujifilm FinePix S7000 Z,4048.0,2848.0,6.0,35.0,210.0,50.0,1.0,16.0,590.0,121.0,229.0
Fujifilm FinePix S8000 fd,3264.0,2304.0,8.0,27.0,486.0,70.0,10.0,58.0,510.0,111.0,399.0
Fujifilm FinePix S9000 Z,3488.0,2592.0,9.0,28.0,300.0,50.0,1.0,16.0,745.0,128.0,229.0
Fujifilm FinePix S9100,3488.0,2592.0,9.0,28.0,300.0,0.0,0.0,0.0,750.0,128.0,229.0
Fujifilm FinePix V10 Zoom,2592.0,2048.0,5.0,36.0,130.0,60.0,9.0,16.0,185.0,83.0,179.0
Fujifilm FinePix Z1,2592.0,2048.0,5.0,36.0,108.0,60.0,8.0,16.0,170.0,90.0,179.0
Fujifilm FinePix Z10  fd,3072.0,2304.0,7.0,38.0,114.0,60.0,8.0,54.0,160.0,91.0,399.0
Fujifilm FinePix Z2,2592.0,2048.0,5.0,36.0,108.0,60.0,8.0,16.0,170.0,90.0,179.0
Fujifilm FinePix Z3,2592.0,2048.0,5.0,36.0,108.0,60.0,8.0,10.0,170.0,89.0,179.0
Fujifilm FinePix IS Pro,4256.0,3024.0,6.0,0.0,0.0,0.0,0.0,0.0,920.0,147.0,1699.0
Fujifilm MX-1200,1280.0,640.0,1.0,38.0,38.0,70.0,10.0,4.0,240.0,110.0,169.0
Fujifilm MX-1400,1280.0,640.0,1.0,38.0,114.0,80.0,10.0,4.0,390.0,74.0,169.0
Fujifilm MX-1500,1280.0,640.0,1.0,38.0,38.0,50.0,10.0,4.0,250.0,104.0,169.0
Fujifilm MX-1700,1280.0,640.0,1.0,38.0,114.0,80.0,20.0,8.0,270.0,79.0,169.0
Fujifilm MX-2700,1800.0,1280.0,2.0,35.0,35.0,50.0,9.0,4.0,260.0,80.0,169.0
Fujifilm MX-2900 Zoom,1800.0,1280.0,2.0,35.0,105.0,90.0,25.0,8.0,385.0,130.0,179.0
Fujifilm FinePix 4700 Zoom,2400.0,1280.0,2.0,36.0,108.0,80.0,20.0,16.0,280.0,78.0,169.0
Fujifilm MX-500,1280.0,640.0,1.0,35.0,35.0,50.0,9.0,2.0,220.0,123.0,169.0
Fujifilm MX-600 Zoom,1280.0,640.0,1.0,38.0,115.0,90.0,25.0,4.0,0.0,122.0,179.0
Fujifilm MX-700,1280.0,640.0,1.0,35.0,35.0,50.0,9.0,2.0,260.0,80.0,169.0
Fujifilm FinePix S1 Pro,3040.0,2340.0,3.0,0.0,0.0,0.0,0.0,16.0,820.0,148.0,1699.0
Fujifilm FinePix S2 Pro,4256.0,3024.0,6.0,0.0,0.0,0.0,0.0,0.0,850.0,142.0,1699.0
Fujifilm FinePix S3 Pro,4256.0,3024.0,6.0,0.0,0.0,0.0,0.0,0.0,930.0,148.0,1699.0
Fujifilm FinePix S5 Pro,4256.0,3024.0,6.0,0.0,0.0,0.0,0.0,0.0,920.0,147.0,1699.0
HP Photosmart 320,1632.0,640.0,2.0,38.0,38.0,75.0,0.0,8.0,240.0,113.0,179.0
HP Photosmart 435,2048.0,640.0,3.0,36.0,36.0,85.0,85.0,16.0,190.0,117.0,179.0
HP Photosmart 620,1632.0,640.0,2.0,36.0,102.0,20.0,20.0,8.0,280.0,120.0,179.0
HP Photosmart 635,1636.0,640.0,2.0,38.0,114.0,80.0,10.0,16.0,240.0,240.0,179.0
HP Photosmart 715,2048.0,640.0,3.0,34.0,102.0,60.0,20.0,16.0,320.0,127.0,179.0
HP Photosmart 720,2048.0,640.0,3.0,34.0,102.0,20.0,20.0,16.0,340.0,118.0,179.0
HP Photosmart 735,2080.0,0.0,3.0,38.0,114.0,0.0,0.0,16.0,290.0,105.0,179.0
HP Photosmart 812,2272.0,1136.0,3.0,37.0,111.0,50.0,14.0,0.0,245.0,95.0,179.0
HP Photosmart 850,2272.0,1136.0,3.0,37.0,300.0,50.0,10.0,0.0,489.0,114.0,179.0
HP Photosmart 935,2608.0,1296.0,5.0,37.0,111.0,50.0,14.0,32.0,260.0,97.0,179.0
HP Photosmart 945,2608.0,1296.0,5.0,37.0,300.0,50.0,10.0,32.0,500.0,123.0,179.0
HP Photosmart C20,1152.0,576.0,1.0,39.0,39.0,60.0,20.0,4.0,300.0,127.0,179.0
HP Photosmart C200,1152.0,640.0,1.0,35.0,35.0,60.0,20.0,8.0,300.0,126.0,179.0
HP Photosmart C215,1280.0,640.0,1.0,43.0,43.0,60.0,10.0,4.0,290.0,124.0,179.0
HP Photosmart C30,1152.0,576.0,1.0,35.0,35.0,60.0,20.0,4.0,300.0,126.0,179.0
HP Photosmart C315,1600.0,640.0,1.0,38.0,38.0,30.0,30.0,8.0,280.0,128.0,179.0
HP Photosmart C500,1600.0,640.0,1.0,38.0,115.0,0.0,0.0,16.0,410.0,153.0,179.0
HP Photosmart C618,1600.0,800.0,1.0,34.0,108.0,50.0,10.0,16.0,630.0,144.0,179.0
HP Photosmart C912,1600.0,800.0,1.0,34.0,108.0,50.0,10.0,16.0,150.0,99.0,179.0
HP Photosmart E317,2560.0,2048.0,5.0,35.0,35.0,60.0,10.0,16.0,231.0,95.0,179.0
HP Photosmart E327,2560.0,2048.0,5.0,35.0,35.0,60.0,0.0,16.0,170.0,96.0,179.0
HP Photosmart E337,2576.0,0.0,5.0,36.0,36.0,100.0,0.0,16.0,170.0,96.0,179.0
HP Photosmart M22,2320.0,1600.0,4.0,36.0,36.0,0.0,0.0,16.0,172.0,109.0,179.0
HP Photosmart M23,2320.0,1600.0,4.0,36.0,36.0,0.0,10.0,16.0,172.0,109.0,179.0
HP Photosmart M307,2080.0,1280.0,3.0,40.0,111.0,80.0,10.0,16.0,177.0,107.0,179.0
HP Photosmart M407,2320.0,1280.0,4.0,40.0,111.0,50.0,10.0,16.0,190.0,95.0,179.0
HP Photosmart M417,2576.0,2048.0,5.0,36.0,108.0,50.0,12.0,16.0,181.0,96.0,179.0
HP Photosmart M425,2576.0,2080.0,5.0,38.0,114.0,50.0,12.0,32.0,172.0,109.0,179.0
HP Photosmart M437,2576.0,0.0,5.0,38.0,114.0,50.0,10.0,16.0,190.0,95.0,179.0
HP Photosmart M517,2576.0,2048.0,5.0,36.0,108.0,80.0,12.0,16.0,190.0,97.0,179.0
HP Photosmart M525,2800.0,2288.0,6.0,38.0,114.0,50.0,12.0,16.0,192.0,96.0,179.0
HP Photosmart M527,2800.0,2288.0,6.0,38.0,114.0,50.0,12.0,16.0,227.0,99.0,179.0
HP Photosmart M537,2848.0,0.0,6.0,38.0,114.0,50.0,0.0,32.0,157.0,90.0,179.0
HP Photosmart Mz67,3264.0,0.0,8.0,35.0,210.0,0.0,14.0,32.0,157.0,90.0,179.0
HP Photosmart R507,2320.0,1280.0,4.0,35.0,105.0,50.0,6.0,32.0,205.0,96.0,179.0
HP Photosmart R607,2320.0,1280.0,4.0,35.0,105.0,50.0,14.0,32.0,205.0,96.0,179.0
HP Photosmart R707,2608.0,1296.0,5.0,39.0,117.0,50.0,14.0,32.0,150.0,93.0,179.0
HP Photosmart R717,2864.0,2592.0,6.0,39.0,117.0,50.0,10.0,32.0,150.0,93.0,179.0
HP Photosmart R725,2864.0,2592.0,6.0,39.0,118.0,50.0,10.0,32.0,136.0,94.0,179.0
HP Photosmart R727,2864.0,2592.0,6.0,39.0,118.0,50.0,5.0,32.0,190.0,91.0,179.0
HP Photosmart R742,3096.0,0.0,7.0,36.0,108.0,50.0,3.0,32.0,190.0,91.0,179.0
HP Photosmart R817,2592.0,2048.0,5.0,36.0,180.0,20.0,3.0,32.0,205.0,100.0,179.0
HP Photosmart R818,2592.0,2048.0,5.0,36.0,180.0,20.0,1.0,32.0,200.0,96.0,179.0
HP Photosmart R837,3112.0,0.0,7.0,39.0,118.0,50.0,12.0,32.0,227.0,105.0,179.0
HP Photosmart R927,3296.0,2592.0,8.0,35.0,105.0,50.0,10.0,,,,179.0
HP Photosmart R937,3298.0,0.0,8.0,39.0,118.0,50.0,,,,,179.0
JVC GC-QX3HD,2032.0,1024.0,3.0,37.0,86.0,50.0,2.0,8.0,320.0,111.0,14.0
JVC GC-QX5HD,2032.0,1024.0,3.0,37.0,86.0,50.0,2.0,16.0,320.0,111.0,14.0
Kodak C300,2096.0,0.0,3.0,37.0,37.0,80.0,0.0,16.0,198.0,104.0,129.0
Kodak C310,2336.0,2313.0,4.0,35.0,35.0,85.0,85.0,16.0,154.0,103.0,129.0
Kodak C330,2336.0,2304.0,4.0,34.0,102.0,60.0,13.0,16.0,180.0,91.0,129.0
Kodak C340,2576.0,0.0,5.0,34.0,102.0,60.0,13.0,16.0,198.0,92.0,129.0
Kodak C360,2690.0,2569.0,5.0,34.0,102.0,60.0,7.0,32.0,170.0,84.0,129.0
Kodak C433,2304.0,2048.0,4.0,36.0,108.0,60.0,10.0,16.0,180.0,91.0,126.0
Kodak C513,2572.0,2048.0,5.0,36.0,108.0,60.0,13.0,16.0,188.0,91.0,126.0
Kodak C533,2576.0,2048.0,5.0,37.0,111.0,60.0,10.0,16.0,200.0,91.0,126.0
Kodak C613,2848.0,2048.0,6.0,36.0,108.0,60.0,13.0,16.0,187.0,91.0,126.0
Kodak C643,2848.0,2304.0,6.0,36.0,108.0,60.0,13.0,22.0,195.0,92.0,126.0
Kodak C653,2848.0,2304.0,6.0,36.0,108.0,60.0,10.0,22.0,195.0,89.0,126.0
Kodak C663,2832.0,2304.0,6.0,34.0,102.0,60.0,5.0,32.0,190.0,85.0,126.0
Kodak C743,3072.0,2304.0,7.0,37.0,111.0,60.0,13.0,32.0,195.0,92.0,126.0
Kodak C763,3072.0,2592.0,7.0,35.0,105.0,60.0,5.0,32.0,180.0,90.0,126.0
Kodak C875,3264.0,2560.0,8.0,37.0,185.0,60.0,10.0,32.0,225.0,91.0,126.0
Kodak CX4200,1632.0,0.0,2.0,37.0,37.0,75.0,20.0,16.0,250.0,109.0,129.0
Kodak CX4230,1632.0,0.0,2.0,36.0,108.0,50.0,10.0,16.0,280.0,115.0,129.0
Kodak CX4300,2080.0,0.0,3.0,38.0,76.0,30.0,15.0,16.0,250.0,109.0,126.0
Kodak CX6200,1632.0,0.0,2.0,37.0,37.0,50.0,50.0,8.0,195.0,104.0,129.0
Kodak CX6230,1632.0,0.0,2.0,36.0,108.0,50.0,50.0,16.0,225.0,104.0,129.0
Kodak CX6330,2032.0,0.0,3.0,37.0,111.0,60.0,60.0,16.0,225.0,103.0,126.0
Kodak CX7220,0.0,0.0,2.0,37.0,78.0,50.0,60.0,16.0,195.0,104.0,129.0
Kodak CX7300,2096.0,0.0,3.0,37.0,37.0,80.0,0.0,16.0,162.0,104.0,126.0
Kodak CX7330,2032.0,0.0,3.0,37.0,111.0,60.0,13.0,16.0,225.0,103.0,126.0
Kodak CX7430,2408.0,0.0,4.0,34.0,102.0,60.0,10.0,16.0,198.0,103.0,126.0
Kodak CX7530,2560.0,0.0,4.0,34.0,102.0,60.0,10.0,32.0,240.0,103.0,126.0
Kodak DC200,1152.0,640.0,0.0,39.0,39.0,70.0,0.0,4.0,400.0,131.0,129.0
Kodak DC200 plus,1152.0,640.0,0.0,39.0,39.0,70.0,0.0,4.0,400.0,131.0,129.0
Kodak DC210 plus,1152.0,640.0,0.0,29.0,58.0,50.0,20.0,8.0,400.0,131.0,129.0
Kodak DC215,1152.0,640.0,0.0,29.0,58.0,50.0,20.0,4.0,320.0,115.0,129.0
Kodak DC220,1152.0,640.0,0.0,29.0,58.0,50.0,20.0,8.0,550.0,118.0,129.0
Kodak DC240,1280.0,640.0,1.0,39.0,117.0,50.0,25.0,8.0,420.0,133.0,129.0
Kodak DC260,1536.0,768.0,1.0,38.0,115.0,30.0,0.0,8.0,550.0,118.0,129.0
Kodak DC265,1536.0,768.0,1.0,38.0,115.0,30.0,0.0,16.0,550.0,118.0,129.0
Kodak DC280,1760.0,896.0,2.0,30.0,60.0,50.0,25.0,20.0,420.0,133.0,129.0
Kodak DC290,1792.0,1440.0,2.0,38.0,115.0,30.0,0.0,20.0,550.0,118.0,129.0
Kodak DC3200,1152.0,576.0,0.0,39.0,39.0,60.0,0.0,2.0,240.0,113.0,129.0
Kodak DC3400,1760.0,896.0,2.0,38.0,76.0,50.0,25.0,20.0,420.0,133.0,129.0
Kodak DC3800,1760.0,896.0,2.0,33.0,33.0,50.0,20.0,0.0,200.0,95.0,129.0
Kodak DC4800,2160.0,1800.0,3.0,28.0,84.0,50.0,20.0,16.0,320.0,120.0,129.0
Kodak DC5000,1760.0,896.0,2.0,30.0,60.0,50.0,20.0,16.0,459.0,140.0,126.0
Kodak DCS 14n,4536.0,3024.0,13.0,0.0,0.0,0.0,0.0,0.0,1000.0,131.0,129.0
Kodak DCS315,1520.0,0.0,1.0,0.0,0.0,0.0,0.0,0.0,1800.0,137.0,126.0
Kodak DCS330,2008.0,0.0,3.0,0.0,0.0,0.0,0.0,0.0,1080.0,137.0,126.0
Kodak DCS420,1524.0,0.0,1.0,0.0,0.0,0.0,0.0,0.0,1700.0,170.0,129.0
Kodak DCS460,3060.0,0.0,6.0,0.0,0.0,0.0,0.0,0.0,1700.0,170.0,129.0
Kodak DCS520,1728.0,0.0,2.0,0.0,0.0,0.0,0.0,0.0,1650.0,161.0,129.0
Kodak DCS560,3040.0,0.0,6.0,0.0,0.0,0.0,0.0,0.0,1650.0,161.0,129.0
Kodak DCS620,1728.0,0.0,2.0,0.0,0.0,0.0,0.0,0.0,1580.0,194.0,129.0
Kodak DCS620x,1728.0,0.0,2.0,0.0,0.0,0.0,0.0,0.0,1580.0,194.0,129.0
Kodak DCS660,3040.0,0.0,6.0,0.0,0.0,0.0,0.0,0.0,1580.0,194.0,129.0
Kodak DCS720x,1728.0,0.0,2.0,0.0,0.0,0.0,0.0,0.0,1580.0,194.0,129.0
Kodak DCS760,3032.0,0.0,6.0,0.0,0.0,0.0,0.0,0.0,1860.0,194.0,129.0
Kodak DCS SLR/c,4500.0,3000.0,13.0,0.0,0.0,0.0,0.0,0.0,1000.0,137.0,129.0
Kodak DCS SLR/n,4500.0,3000.0,13.0,0.0,0.0,0.0,0.0,0.0,1000.0,131.0,129.0
Kodak DX3215,1280.0,0.0,1.0,30.0,60.0,75.0,22.0,8.0,260.0,121.0,129.0
Kodak DX3500,1800.0,900.0,2.0,38.0,38.0,75.0,22.0,8.0,225.0,120.0,129.0
Kodak DX3600,1800.0,900.0,2.0,35.0,70.0,50.0,28.0,8.0,250.0,120.0,129.0
Kodak DX3700,2160.0,0.0,3.0,37.0,37.0,50.0,15.0,8.0,250.0,150.0,129.0
Kodak DX3900,2160.0,1800.0,3.0,35.0,70.0,50.0,7.0,8.0,260.0,116.0,129.0
Kodak DX4330,2160.0,1800.0,3.0,38.0,114.0,60.0,7.0,16.0,260.0,111.0,126.0
Kodak DX4530,2580.0,0.0,5.0,38.0,114.0,60.0,7.0,32.0,210.0,111.0,126.0
Kodak DX4900,2448.0,2160.0,4.0,35.0,70.0,50.0,7.0,16.0,260.0,116.0,129.0
Kodak DX6340,2032.0,0.0,3.0,36.0,144.0,50.0,10.0,16.0,280.0,109.0,126.0
Kodak DX6440,2304.0,0.0,4.0,33.0,132.0,50.0,10.0,16.0,270.0,109.0,129.0
Kodak DX6490,2304.0,0.0,4.0,38.0,380.0,60.0,12.0,16.0,380.0,100.0,129.0
Kodak DX7440,2304.0,2048.0,4.0,33.0,132.0,50.0,10.0,32.0,270.0,100.0,129.0
Kodak DX7590,2576.0,2576.0,5.0,38.0,380.0,60.0,12.0,32.0,400.0,97.0,126.0
Kodak DX7630,2872.0,0.0,6.0,39.0,117.0,60.0,7.0,32.0,270.0,100.0,126.0
Kodak Easyshare One,2304.0,0.0,4.0,36.0,100.0,60.0,10.0,256.0,275.0,103.0,296.0
Kodak LS420,1752.0,876.0,2.0,38.0,38.0,80.0,0.0,8.0,160.0,109.0,129.0
Kodak LS443,2448.0,2160.0,4.0,35.0,105.0,70.0,13.0,16.0,260.0,109.0,129.0
Kodak LS633,2041.0,0.0,3.0,37.0,111.0,60.0,13.0,16.0,260.0,114.0,126.0
Kodak LS743,2304.0,0.0,4.0,36.0,100.0,60.0,12.0,16.0,220.0,108.0,126.0
Kodak LS753,2569.0,0.0,5.0,36.0,108.0,60.0,12.0,32.0,220.0,108.0,126.0
Kodak LS755,2592.0,2288.0,5.0,36.0,108.0,70.0,5.0,16.0,210.0,95.0,126.0
Kodak M753,3056.0,2592.0,7.0,37.0,111.0,40.0,7.0,16.0,165.0,93.0,126.0
Kodak M853,3296.0,2592.0,8.0,37.0,111.0,40.0,7.0,16.0,165.0,93.0,146.0
Kodak M873,3264.0,2592.0,8.0,38.0,114.0,70.0,10.0,32.0,160.0,92.0,146.0
Kodak M883,3280.0,0.0,8.0,38.0,114.0,70.0,10.0,64.0,166.0,92.0,146.0
Kodak mc3,640.0,0.0,0.0,37.0,37.0,70.0,0.0,16.0,198.0,105.0,129.0
Kodak P712,3072.0,2592.0,7.0,36.0,432.0,50.0,10.0,32.0,440.0,108.0,126.0
Kodak P850,2592.0,2048.0,5.0,36.0,432.0,10.0,10.0,32.0,450.0,108.0,146.0
Kodak P880,3264.0,2560.0,8.0,24.0,140.0,10.0,5.0,32.0,570.0,116.0,146.0
Kodak V1003,3648.0,2560.0,10.0,36.0,108.0,60.0,5.0,24.0,185.0,103.0,129.0
Kodak V530,2569.0,2576.0,5.0,36.0,108.0,60.0,7.0,16.0,150.0,92.0,126.0
Kodak V550,2569.0,2576.0,5.0,36.0,108.0,60.0,7.0,32.0,160.0,94.0,126.0
Kodak V570,2569.0,2576.0,5.0,39.0,117.0,0.0,0.0,32.0,175.0,101.0,129.0
Kodak V610,2832.0,2304.0,6.0,38.0,380.0,0.0,0.0,32.0,195.0,111.0,129.0
Kodak V705,3072.0,2576.0,7.0,23.0,117.0,60.0,5.0,32.0,165.0,101.0,126.0
Kodak V803,3264.0,2560.0,8.0,36.0,108.0,60.0,5.0,24.0,185.0,103.0,146.0
Kodak Z1275,4000.0,2832.0,12.0,35.0,175.0,60.0,10.0,64.0,211.0,90.0,129.0
Kodak Z612,2848.0,2304.0,6.0,35.0,420.0,50.0,10.0,32.0,330.0,104.0,129.0
Kodak Z650,2848.0,2304.0,6.0,38.0,380.0,60.0,12.0,32.0,320.0,98.0,126.0
Kodak Z700,2304.0,0.0,4.0,35.0,175.0,60.0,10.0,16.0,270.0,97.0,126.0
Kodak Z710,3072.0,2592.0,7.0,38.0,380.0,60.0,12.0,32.0,360.0,98.0,126.0
Kodak Z712,3072.0,2592.0,7.0,36.0,423.0,60.0,13.0,32.0,350.0,104.0,126.0
Kodak Z730,2576.0,2304.0,5.0,33.0,132.0,50.0,10.0,32.0,270.0,100.0,126.0
Kodak Z740,2576.0,2304.0,5.0,38.0,380.0,60.0,12.0,32.0,330.0,98.0,126.0
Kodak Z7590,2576.0,2576.0,5.0,38.0,380.0,60.0,12.0,32.0,400.0,97.0,126.0
Kodak Z760,2872.0,2856.0,6.0,39.0,117.0,60.0,7.0,32.0,259.0,100.0,126.0
Kodak Z885,3264.0,2592.0,8.0,36.0,180.0,60.0,7.0,32.0,211.0,90.0,146.0
Kyocera Finecam 3300,2048.0,1024.0,3.0,38.0,76.0,60.0,10.0,8.0,240.0,38.0,169.0
Kyocera Finecam L30,2048.0,1024.0,3.0,38.0,115.0,60.0,20.0,16.0,220.0,111.0,169.0
Kyocera Finecam L3V,2048.0,1600.0,3.0,38.0,115.0,60.0,20.0,16.0,220.0,112.0,169.0
Kyocera Finecam L4V,2304.0,1600.0,4.0,35.0,105.0,60.0,20.0,16.0,220.0,112.0,199.0
Kyocera Finecam M400R,2272.0,1600.0,4.0,37.0,370.0,60.0,10.0,0.0,340.0,107.0,169.0
Kyocera Finecam M410R,2272.0,1600.0,4.0,37.0,370.0,60.0,10.0,0.0,340.0,107.0,179.0
Kyocera Finecam S3,2048.0,1024.0,3.0,38.0,76.0,30.0,6.0,16.0,160.0,30.0,1699.0
Kyocera Finecam S3L,2048.0,1600.0,3.0,35.0,105.0,55.0,12.0,16.0,205.0,92.0,1699.0
Kyocera Finecam S3R,2048.0,1600.0,3.0,35.0,105.0,60.0,17.0,16.0,205.0,92.0,1699.0
Kyocera Finecam S3x,2048.0,1024.0,3.0,35.0,105.0,55.0,12.0,16.0,175.0,32.0,1699.0
Kyocera Finecam S4,2272.0,1280.0,3.0,35.0,105.0,55.0,12.0,16.0,175.0,32.0,1699.0
Kyocera Finecam S5,2560.0,1600.0,5.0,35.0,105.0,55.0,12.0,16.0,205.0,92.0,1699.0
Kyocera Finecam S5R,2560.0,1600.0,5.0,35.0,105.0,60.0,17.0,16.0,205.0,92.0,1699.0
Kyocera Finecam SL300R,2048.0,1600.0,3.0,35.0,115.0,60.0,20.0,16.0,175.0,100.0,229.0
Kyocera Finecam SL400R,2272.0,1600.0,3.0,35.0,115.0,60.0,20.0,16.0,155.0,100.0,229.0
Leica C-LUX 1,2816.0,2048.0,6.0,28.0,102.0,50.0,5.0,16.0,155.0,94.0,509.0
Leica Digilux,1280.0,640.0,1.0,35.0,35.0,50.0,9.0,2.0,260.0,80.0,149.0
Leica Digilux 1,2240.0,1600.0,3.0,33.0,100.0,30.0,6.0,32.0,455.0,127.0,249.0
Leica Digilux 2,2560.0,2048.0,4.0,28.0,90.0,30.0,30.0,64.0,705.0,135.0,249.0
Leica Digilux 3,3136.0,2560.0,7.0,0.0,0.0,0.0,0.0,0.0,606.0,146.0,269.0
Leica Digilux 4.3,2400.0,1280.0,2.0,36.0,108.0,80.0,20.0,16.0,280.0,78.0,149.0
Leica Digilux Zoom,1280.0,640.0,1.0,38.0,114.0,80.0,20.0,8.0,270.0,79.0,249.0
Leica D-LUX 2,3840.0,3072.0,8.0,28.0,112.0,50.0,5.0,32.0,220.0,106.0,509.0
Leica D-LUX 3,4224.0,3840.0,10.0,28.0,112.0,50.0,5.0,13.0,220.0,106.0,509.0
Leica M8,3936.0,2952.0,10.0,0.0,0.0,0.0,0.0,0.0,591.0,139.0,146.0
Leica V-LUX 1,3648.0,3264.0,10.0,35.0,420.0,30.0,5.0,32.0,734.0,141.0,509.0
Nikon Coolpix 100,512.0,320.0,0.0,52.0,52.0,23.0,14.0,1.0,200.0,60.0,229.0
Nikon Coolpix 2000,1632.0,1024.0,1.0,38.0,114.0,0.0,0.0,8.0,295.0,108.0,229.0
Nikon Coolpix 2100,1600.0,1024.0,1.0,36.0,108.0,30.0,4.0,8.0,215.0,88.0,99.0
Nikon Coolpix 2200,1600.0,1024.0,1.0,36.0,108.0,30.0,4.0,14.0,190.0,88.0,229.0
Nikon Coolpix 2500,1600.0,1280.0,1.0,37.0,111.0,30.0,4.0,8.0,250.0,114.0,229.0
Nikon Coolpix 300,640.0,0.0,0.0,45.0,45.0,23.0,14.0,4.0,250.0,78.0,229.0
Nikon Coolpix 3100,2048.0,1600.0,3.0,38.0,115.0,30.0,4.0,16.0,215.0,88.0,99.0
Nikon Coolpix 3200,2048.0,1600.0,3.0,38.0,115.0,30.0,4.0,14.0,190.0,88.0,229.0
Nikon Coolpix 3500,2048.0,1600.0,3.0,37.0,111.0,30.0,4.0,8.0,250.0,114.0,229.0
Nikon Coolpix 3700,2048.0,1600.0,3.0,35.0,105.0,30.0,3.0,16.0,162.0,95.5,229.0
Nikon Coolpix 4100,2288.0,1600.0,3.0,35.0,105.0,0.0,0.0,14.0,190.0,88.0,99.0
Nikon Coolpix 4200,2272.0,2048.0,3.0,38.0,114.0,30.0,4.0,12.0,180.0,88.0,229.0
Nikon Coolpix 4300,2272.0,2048.0,3.0,38.0,114.0,30.0,4.0,16.0,286.0,95.0,229.0
Nikon Coolpix 4500,2272.0,1280.0,3.0,38.0,155.0,30.0,2.0,16.0,374.0,130.0,229.0
Nikon Coolpix 4600,2288.0,1600.0,3.0,34.0,102.0,30.0,4.0,14.0,180.0,85.0,229.0
Nikon Coolpix 4800,2288.0,1600.0,4.0,36.0,300.0,40.0,1.0,13.0,295.0,106.0,229.0
Nikon Coolpix 5000,2560.0,1600.0,4.0,28.0,85.0,50.0,2.0,32.0,414.0,102.0,229.0
Nikon Coolpix 5200,2592.0,2048.0,5.0,38.0,114.0,30.0,4.0,12.0,180.0,88.0,229.0
Nikon Coolpix 5400,2592.0,1600.0,5.0,28.0,116.0,50.0,1.0,16.0,400.0,108.0,229.0
Nikon Coolpix 5600,2592.0,2048.0,5.0,34.0,102.0,30.0,4.0,14.0,180.0,85.0,229.0
Nikon Coolpix 5700,2560.0,1600.0,4.0,35.0,280.0,50.0,3.0,32.0,512.0,108.0,229.0
Nikon Coolpix 5900,2592.0,2048.0,5.0,38.0,114.0,30.0,4.0,13.0,185.0,88.0,229.0
Nikon Coolpix 600,1024.0,512.0,0.0,36.0,36.0,50.0,14.0,8.0,220.0,110.0,229.0
Nikon Coolpix 700,1600.0,640.0,1.0,35.0,35.0,30.0,9.0,8.0,340.0,114.0,229.0
Nikon Coolpix 7600,3072.0,2592.0,7.0,38.0,114.0,30.0,4.0,14.0,195.0,85.0,229.0
Nikon Coolpix 775,1600.0,1024.0,1.0,38.0,115.0,30.0,4.0,8.0,230.0,87.0,159.0
Nikon Coolpix 7900,3072.0,2592.0,7.0,38.0,114.0,30.0,4.0,13.0,185.0,88.0,229.0
Nikon Coolpix 800,1600.0,640.0,1.0,38.0,76.0,30.0,7.0,8.0,360.0,119.0,229.0
Nikon Coolpix 8400,3264.0,2592.0,8.0,24.0,85.0,50.0,3.0,0.0,470.0,113.0,229.0
Nikon Coolpix 8700,3264.0,2592.0,8.0,35.0,280.0,50.0,3.0,0.0,512.0,113.0,229.0
Nikon Coolpix 880,2048.0,1024.0,3.0,38.0,95.0,40.0,4.0,8.0,320.0,99.5,229.0
Nikon Coolpix 8800,3264.0,2592.0,8.0,35.0,350.0,50.0,3.0,0.0,680.0,116.0,229.0
Nikon Coolpix 885,2048.0,1024.0,3.0,38.0,114.0,40.0,4.0,16.0,286.0,95.0,159.0
Nikon Coolpix 900,1280.0,640.0,1.0,38.0,115.0,50.0,20.0,4.0,420.0,157.0,229.0
Nikon Coolpix 900S,1280.0,640.0,1.0,38.0,115.0,50.0,20.0,8.0,420.0,157.0,229.0
Nikon Coolpix 950,1600.0,1024.0,1.0,38.0,115.0,30.0,2.0,8.0,480.0,143.0,229.0
Nikon Coolpix 990,2048.0,1024.0,3.0,38.0,115.0,30.0,2.0,16.0,450.0,143.0,229.0
Nikon Coolpix 995,2048.0,1600.0,3.0,38.0,152.0,30.0,2.0,16.0,420.0,138.0,159.0
Nikon Coolpix L1,2816.0,2048.0,6.0,38.0,190.0,50.0,4.0,10.0,195.0,90.0,99.0
Nikon Coolpix L10,2560.0,2048.0,4.0,37.0,112.0,40.0,15.0,7.0,165.0,90.0,99.0
Nikon Coolpix L11,2816.0,2048.0,6.0,37.0,112.0,40.0,15.0,7.0,175.0,90.0,99.0
Nikon Coolpix L12,3072.0,2592.0,7.0,35.0,105.0,50.0,15.0,21.0,175.0,91.0,99.0
Nikon Coolpix L14,3072.0,2048.0,7.0,38.0,114.0,60.0,10.0,23.0,225.0,91.0,129.0
Nikon Coolpix L15,3264.0,2592.0,8.0,35.0,105.0,50.0,15.0,32.0,225.0,91.0,159.0
Nikon Coolpix L2,2816.0,2048.0,6.0,38.0,116.0,30.0,10.0,23.0,170.0,91.0,99.0
Nikon Coolpix L3,2592.0,2048.0,5.0,38.0,116.0,30.0,10.0,23.0,170.0,91.0,99.0
Nikon Coolpix L4,2272.0,1600.0,3.0,38.0,114.0,30.0,4.0,10.0,165.0,87.0,99.0
Nikon Coolpix L5,3072.0,2592.0,7.0,38.0,190.0,50.0,4.0,8.0,210.0,97.0,99.0
Nikon Coolpix L6,2816.0,2048.0,6.0,38.0,116.0,30.0,10.0,23.0,175.0,91.0,99.0
Nikon Coolpix P1,3264.0,2592.0,8.0,35.0,126.0,50.0,4.0,32.0,185.0,91.0,99.0
Nikon Coolpix P2,2592.0,2048.0,5.0,35.0,126.0,50.0,4.0,16.0,185.0,91.0,229.0
Nikon Coolpix P3,3264.0,2592.0,8.0,36.0,126.0,30.0,4.0,23.0,200.0,92.0,229.0
Nikon Coolpix P4,3264.0,2592.0,8.0,36.0,126.0,30.0,4.0,23.0,200.0,92.0,229.0
Nikon Coolpix P50,3264.0,3200.0,8.0,28.0,102.0,50.0,5.0,52.0,210.0,95.0,229.0
Nikon Coolpix P5000,3648.0,2592.0,10.0,36.0,126.0,30.0,4.0,26.0,240.0,98.0,399.0
Nikon Coolpix P5100,4000.0,3264.0,12.0,35.0,123.0,30.0,4.0,52.0,250.0,98.0,399.0
Nikon Coolpix S1,2592.0,2048.0,5.0,35.0,105.0,30.0,4.0,12.0,170.0,90.0,99.0
Nikon Coolpix S10,2816.0,2048.0,6.0,38.0,380.0,30.0,4.0,16.0,280.0,113.0,99.0
Nikon Coolpix S2,2592.0,2048.0,5.0,35.0,105.0,30.0,4.0,12.0,160.0,92.0,199.0
Nikon Coolpix S200,3072.0,2592.0,7.0,38.0,114.0,60.0,10.0,20.0,165.0,92.0,229.0
Nikon Coolpix S3,2816.0,2048.0,6.0,35.0,105.0,30.0,4.0,12.0,132.0,90.0,199.0
Nikon Coolpix S4,2816.0,2048.0,6.0,38.0,380.0,30.0,6.0,13.0,225.0,112.0,199.0
Nikon Coolpix S5,2816.0,2048.0,6.0,35.0,105.0,30.0,4.0,21.0,165.0,93.0,229.0
Nikon Coolpix S50,3072.0,2592.0,7.0,38.0,114.0,30.0,4.0,13.0,165.0,88.0,229.0
Nikon Coolpix S500,3072.0,2592.0,7.0,35.0,105.0,50.0,15.0,26.0,165.0,88.0,229.0
Nikon Coolpix S50c,3072.0,2592.0,7.0,38.0,114.0,30.0,4.0,13.0,165.0,88.0,329.0
Nikon Coolpix S51,3264.0,2592.0,7.0,38.0,114.0,30.0,4.0,13.0,175.0,93.0,279.0
Nikon Coolpix S510,3264.0,3200.0,8.0,35.0,105.0,50.0,15.0,52.0,125.0,88.0,399.0
Nikon Coolpix S51c,3264.0,2592.0,7.0,38.0,114.0,30.0,4.0,13.0,175.0,98.0,329.0
Nikon Coolpix S6,2816.0,2048.0,6.0,35.0,105.0,30.0,4.0,20.0,170.0,101.0,199.0
Nikon Coolpix S7c,3072.0,2592.0,7.0,35.0,105.0,30.0,4.0,14.0,170.0,101.0,199.0
Nikon Coolpix S9,2816.0,2048.0,6.0,38.0,114.0,25.0,4.0,24.0,165.0,91.0,199.0
Nikon Coolpix SQ,2016.0,1600.0,3.0,37.0,111.0,30.0,4.0,16.0,216.0,83.0,199.0
Nikon D1,2000.0,0.0,2.0,0.0,0.0,0.0,0.0,0.0,1200.0,157.0,1599.0
Nikon D100,3008.0,2240.0,6.0,0.0,0.0,0.0,0.0,0.0,780.0,144.0,1599.0
Nikon D1H,2000.0,0.0,2.0,0.0,0.0,0.0,0.0,0.0,1200.0,157.0,1599.0
Nikon D1X,3008.0,2000.0,5.0,0.0,0.0,0.0,0.0,0.0,1200.0,157.0,4699.0
Nikon D200,3872.0,2896.0,10.0,0.0,0.0,0.0,0.0,0.0,920.0,147.0,1599.0
Nikon D2H,2464.0,1840.0,4.0,0.0,0.0,0.0,0.0,0.0,1200.0,158.0,1599.0
Nikon D2Hs,2464.0,1840.0,4.0,0.0,0.0,0.0,0.0,0.0,1200.0,158.0,4699.0
Nikon D2X,4288.0,3216.0,12.0,0.0,0.0,0.0,0.0,0.0,1200.0,158.0,4699.0
Nikon D2Xs,4288.0,3216.0,12.0,0.0,0.0,0.0,0.0,0.0,1200.0,158.0,4699.0
Nikon D3,4256.0,3184.0,12.0,0.0,0.0,0.0,0.0,0.0,1300.0,160.0,4999.0
Nikon D300,4288.0,3216.0,12.0,0.0,0.0,0.0,0.0,0.0,925.0,147.0,1799.0
Nikon D40,3008.0,2256.0,6.0,0.0,0.0,0.0,0.0,0.0,522.0,124.0,549.0
Nikon D40X,3872.0,2896.0,10.0,0.0,0.0,0.0,0.0,0.0,522.0,124.0,549.0
Nikon D50,3008.0,2256.0,6.0,0.0,0.0,0.0,0.0,0.0,620.0,133.0,1599.0
Nikon D70,3008.0,2240.0,6.0,0.0,0.0,0.0,0.0,0.0,679.0,140.0,1599.0
Nikon D70s,3008.0,2240.0,6.0,0.0,0.0,0.0,0.0,0.0,679.0,140.0,1599.0
Nikon D80,3872.0,2896.0,10.0,0.0,0.0,0.0,0.0,0.0,668.0,132.0,1199.0
Olympus C-1,1280.0,640.0,1.0,35.0,35.0,50.0,10.0,8.0,190.0,110.0,1699.0
Olympus D-370,1280.0,1024.0,1.0,35.0,35.0,60.0,25.0,1.0,190.0,123.0,1699.0
Olympus D-380,1600.0,1024.0,1.0,35.0,35.0,60.0,25.0,8.0,250.0,123.0,1699.0
Olympus D-150Z,1280.0,640.0,1.0,38.0,114.0,50.0,20.0,8.0,190.0,110.0,1699.0
Olympus C-2,1600.0,1024.0,1.0,36.0,36.0,50.0,10.0,16.0,220.0,110.0,1699.0
Olympus C-2000 Zoom,1600.0,1024.0,1.0,35.0,105.0,80.0,20.0,8.0,380.0,108.0,129.0
Olympus D-510 Zoom,1600.0,1024.0,1.0,35.0,105.0,80.0,20.0,8.0,250.0,118.0,129.0
Olympus C-2020 Zoom,1600.0,1024.0,1.0,35.0,105.0,80.0,20.0,8.0,380.0,108.0,129.0
Olympus C-2040 Zoom,1600.0,1024.0,1.0,40.0,120.0,80.0,20.0,8.0,380.0,108.0,129.0
Olympus C-21,1600.0,1024.0,1.0,38.0,38.0,60.0,15.0,8.0,190.0,107.0,1699.0
Olympus C-2100 UZ,1600.0,1280.0,1.0,38.0,380.0,60.0,10.0,8.0,540.0,113.0,129.0
Olympus C-2500 L,1712.0,1280.0,2.0,36.0,110.0,80.0,2.0,32.0,530.0,109.0,129.0
Olympus C-3000 Zoom,2048.0,1600.0,3.0,32.0,96.0,80.0,20.0,8.0,380.0,109.0,1699.0
Olympus C-300 Zoom,1984.0,1600.0,3.0,36.0,100.0,80.0,20.0,16.0,300.0,118.0,1699.0
Olympus C-3020 Zoom,2048.0,1600.0,3.0,32.0,96.0,80.0,20.0,8.0,380.0,109.0,1699.0
Olympus C-3030 Zoom,2048.0,1600.0,3.0,32.0,96.0,80.0,20.0,16.0,380.0,109.0,1699.0
Olympus C-3040 Zoom,2048.0,1600.0,3.0,35.0,105.0,80.0,20.0,16.0,420.0,109.0,1699.0
Olympus C-4000 Zoom,2288.0,2048.0,3.0,32.0,96.0,80.0,2.0,16.0,400.0,110.0,129.0
Olympus C-4040 Zoom,2272.0,2048.0,3.0,35.0,105.0,80.0,20.0,16.0,420.0,110.0,129.0
Olympus D-40 Zoom,2272.0,2048.0,3.0,35.0,98.0,80.0,10.0,16.0,270.0,87.0,1699.0
Olympus C-5000 Zoom,2560.0,2272.0,4.0,38.0,114.0,50.0,4.0,32.0,280.0,105.0,449.0
Olympus C-5050 Zoom,2560.0,2288.0,4.0,35.0,105.0,80.0,20.0,32.0,480.0,114.0,449.0
Olympus C-5060 Zoom,2592.0,2288.0,5.0,27.0,110.0,80.0,3.0,32.0,480.0,116.0,449.0
Olympus C-50 Zoom,2560.0,2048.0,4.0,38.0,114.0,50.0,20.0,32.0,230.0,100.0,449.0
Olympus C-5500 Sport Zoom,2592.0,2288.0,5.0,38.0,190.0,60.0,8.0,16.0,340.0,110.0,129.0
Olympus C-60 Zoom,2816.0,2560.0,5.0,38.0,114.0,40.0,4.0,32.0,230.0,99.0,449.0
Olympus C-7000 Zoom,3072.0,2592.0,7.0,38.0,190.0,60.0,2.0,32.0,280.0,102.0,129.0
Olympus C-700 UZ,1600.0,1280.0,1.0,38.0,380.0,60.0,10.0,8.0,340.0,108.0,449.0
Olympus C-7070 Wide Zoom,3072.0,2592.0,7.0,27.0,110.0,80.0,3.0,32.0,480.0,116.0,129.0
Olympus C-720 UZ,1984.0,1600.0,3.0,40.0,320.0,60.0,10.0,16.0,340.0,108.0,449.0
Olympus C-730 UZ,2048.0,1600.0,3.0,38.0,380.0,60.0,10.0,16.0,400.0,108.0,449.0
Olympus C-740 UZ,2048.0,1600.0,3.0,38.0,380.0,60.0,3.0,16.0,340.0,108.0,449.0
Olympus C-750 UZ,2288.0,2048.0,3.0,38.0,380.0,60.0,3.0,16.0,340.0,108.0,449.0
Olympus C-765 UZ,2288.0,2048.0,3.0,38.0,380.0,60.0,7.0,16.0,310.0,105.0,449.0
Olympus C-770 UZ,2288.0,2048.0,3.0,38.0,380.0,60.0,7.0,32.0,310.0,105.0,449.0
Olympus C-8080 Wide Zoom,3264.0,2592.0,8.0,28.0,140.0,80.0,5.0,32.0,724.0,124.0,179.0
Olympus D-200L,640.0,320.0,0.0,36.0,36.0,75.0,20.0,2.0,320.0,145.0,129.0
Olympus D-300L,1024.0,512.0,0.0,36.0,36.0,50.0,20.0,6.0,320.0,145.0,1699.0
Olympus D-340L,1280.0,640.0,1.0,36.0,36.0,70.0,10.0,4.0,320.0,128.0,1699.0
Olympus D-340R,1280.0,640.0,1.0,36.0,36.0,70.0,10.0,8.0,320.0,128.0,1699.0
Olympus D-360L,1280.0,640.0,1.0,36.0,36.0,50.0,10.0,8.0,280.0,128.0,1699.0
Olympus D-390,1600.0,1024.0,1.0,35.0,35.0,50.0,20.0,16.0,230.0,108.0,1699.0
Olympus D-395,2048.0,1024.0,3.0,33.0,33.0,50.0,20.0,16.0,210.0,110.0,1699.0
Olympus D-400 Zoom,1280.0,640.0,1.0,35.0,105.0,80.0,20.0,8.0,320.0,127.0,129.0
Olympus D-425,2288.0,1600.0,3.0,37.0,37.0,50.0,20.0,14.0,170.0,101.0,1699.0
Olympus D-435,2592.0,1600.0,5.0,36.0,35.0,50.0,20.0,0.0,140.0,101.0,1699.0
Olympus D-450 Zoom,1280.0,640.0,1.0,35.0,105.0,80.0,20.0,8.0,320.0,127.0,129.0
Olympus D-460 Zoom,1280.0,640.0,1.0,35.0,105.0,80.0,20.0,8.0,320.0,127.0,449.0
Olympus D-490 Zoom,1600.0,640.0,1.0,35.0,105.0,80.0,20.0,8.0,320.0,127.0,129.0
Olympus D-500L,1024.0,640.0,0.0,50.0,150.0,60.0,30.0,2.0,490.0,115.0,449.0
Olympus D-520 Zoom,1600.0,1024.0,1.0,35.0,105.0,50.0,20.0,8.0,220.0,112.0,449.0
Olympus D-535 Zoom,2048.0,1600.0,3.0,38.0,114.0,50.0,2.0,12.0,190.0,88.0,449.0
Olympus D-540 Zoom,2048.0,1600.0,3.0,38.0,114.0,50.0,2.0,16.0,200.0,100.0,449.0
Olympus D-545 Zoom,2288.0,1600.0,3.0,38.0,114.0,50.0,2.0,14.0,190.0,106.0,449.0
Olympus D-560 Zoom,2048.0,1024.0,3.0,35.0,105.0,50.0,20.0,16.0,220.0,108.0,449.0
Olympus D-580 Zoom,2288.0,1600.0,3.0,35.0,105.0,50.0,7.0,16.0,210.0,108.0,179.0
Olympus D-595 Zoom,2560.0,1600.0,4.0,38.0,114.0,50.0,2.0,14.0,190.0,105.0,449.0
Olympus D-600L,1280.0,640.0,1.0,36.0,110.0,60.0,30.0,4.0,0.0,115.0,1699.0
Olympus D-620L,1280.0,640.0,1.0,36.0,110.0,60.0,30.0,8.0,520.0,115.0,1699.0
Olympus D-630 Zoom,2560.0,1600.0,4.0,35.0,105.0,60.0,10.0,14.0,175.0,94.0,129.0
Olympus E-1,2560.0,1600.0,4.0,0.0,0.0,0.0,0.0,0.0,735.0,141.0,1699.0
Olympus E-10,2240.0,1600.0,3.0,35.0,140.0,60.0,20.0,0.0,1190.0,129.0,1699.0
Olympus E-100 RS,1368.0,1280.0,1.0,38.0,380.0,60.0,10.0,16.0,603.0,108.0,129.0
Olympus E-20,2560.0,1792.0,4.0,35.0,140.0,60.0,20.0,16.0,1190.0,129.0,1699.0
Olympus E-3,3648.0,3200.0,10.0,0.0,0.0,0.0,0.0,0.0,800.0,142.0,1699.0
Olympus E-300,3264.0,3200.0,8.0,0.0,0.0,0.0,0.0,0.0,624.0,147.0,1699.0
Olympus E-330,3136.0,2560.0,7.0,0.0,0.0,0.0,0.0,0.0,616.0,140.0,1699.0
Olympus E-400,3648.0,3200.0,10.0,0.0,0.0,0.0,0.0,0.0,435.0,130.0,1699.0
Olympus E-410,3648.0,3200.0,10.0,0.0,0.0,0.0,0.0,0.0,435.0,130.0,1699.0
Olympus E-500,3264.0,3200.0,8.0,0.0,0.0,0.0,0.0,0.0,479.0,130.0,1699.0
Olympus E-510,3648.0,3200.0,10.0,0.0,0.0,0.0,0.0,0.0,490.0,136.0,1699.0
Olympus FE-100,2272.0,1600.0,4.0,35.0,106.0,50.0,5.0,28.0,160.0,88.0,129.0
Olympus FE-110,2560.0,1600.0,5.0,35.0,106.0,50.0,5.0,28.0,160.0,88.0,129.0
Olympus FE-115,2560.0,1600.0,5.0,38.0,106.0,50.0,2.0,28.0,160.0,88.0,129.0
Olympus FE-120,2816.0,1600.0,6.0,38.0,114.0,50.0,5.0,14.0,160.0,106.0,129.0
Olympus FE-130,2592.0,2048.0,5.0,38.0,114.0,10.0,5.0,22.0,160.0,96.0,129.0
Olympus FE-140,2816.0,2048.0,6.0,38.0,114.0,10.0,5.0,22.0,160.0,96.0,129.0
Olympus FE-150,2560.0,2048.0,5.0,32.0,96.0,50.0,6.0,9.0,175.0,90.0,129.0
Olympus FE-170,2816.0,2048.0,6.0,38.0,114.0,0.0,0.0,10.0,175.0,90.0,129.0
Olympus FE-180,2816.0,2048.0,6.0,38.0,114.0,0.0,0.0,10.0,170.0,88.0,179.0
Olympus FE-190,2816.0,2048.0,6.0,38.0,114.0,0.0,0.0,22.0,150.0,91.0,129.0
Olympus FE-200,2816.0,2048.0,6.0,28.0,140.0,0.0,0.0,24.0,195.0,98.0,129.0
Olympus FE-210,3072.0,2048.0,7.0,38.0,114.0,60.0,10.0,9.0,175.0,90.0,129.0
Olympus FE-230,3072.0,2048.0,7.0,38.0,114.0,60.0,10.0,20.0,145.0,91.0,129.0
Olympus FE-240,3072.0,2048.0,7.0,38.0,190.0,70.0,10.0,20.0,145.0,91.0,129.0
Olympus FE-250,3264.0,2048.0,8.0,38.0,105.0,60.0,10.0,20.0,155.0,94.0,129.0
Olympus FE-270,3072.0,2048.0,7.0,38.0,114.0,60.0,5.0,6.0,122.0,90.0,129.0
Olympus FE-280,3264.0,2048.0,8.0,36.0,108.0,60.0,5.0,48.0,108.0,92.0,179.0
Olympus FE-290,3072.0,2048.0,7.0,28.0,112.0,40.0,5.0,6.0,142.0,98.0,129.0
Olympus FE-300,4000.0,2048.0,12.0,35.0,105.0,60.0,10.0,48.0,115.0,94.0,129.0
Olympus IR-300,2560.0,2048.0,4.0,38.0,114.0,50.0,5.0,15.0,160.0,99.0,129.0
Olympus Stylus 300 ,2048.0,1600.0,3.0,35.0,105.0,50.0,20.0,16.0,220.0,99.0,229.0
Olympus Stylus 400 ,2272.0,2048.0,3.0,35.0,105.0,50.0,20.0,16.0,220.0,99.0,229.0
Olympus SP-310,3072.0,2592.0,7.0,38.0,114.0,20.0,5.0,32.0,230.0,100.0,449.0
Olympus SP-320,3072.0,2592.0,7.0,38.0,114.0,20.0,2.0,25.0,230.0,100.0,449.0
Olympus SP-350,3264.0,2592.0,8.0,38.0,114.0,20.0,5.0,32.0,245.0,100.0,449.0
Olympus SP-500 UZ,2816.0,2592.0,6.0,38.0,380.0,60.0,3.0,10.0,385.0,106.0,449.0
Olympus SP-510 UZ,3072.0,2560.0,7.0,38.0,380.0,60.0,3.0,0.0,410.0,106.0,449.0
Olympus SP-550 UZ,3072.0,2560.0,7.0,28.0,504.0,10.0,1.0,20.0,460.0,116.0,449.0
Olympus SP-560 UZ,3264.0,2560.0,8.0,27.0,486.0,10.0,1.0,47.0,365.0,116.0,449.0
Olympus SP-700,2816.0,2288.0,6.0,38.0,114.0,30.0,10.0,11.0,180.0,98.0,449.0
Olympus Stylus 1000,3648.0,2560.0,10.0,35.0,105.0,60.0,10.0,0.0,195.0,97.0,229.0
Olympus Stylus 1200,4000.0,3264.0,12.0,35.0,105.0,60.0,10.0,47.0,125.0,98.0,249.0
Olympus Stylus 410 ,2272.0,2048.0,3.0,35.0,105.0,50.0,20.0,16.0,200.0,99.0,229.0
Olympus Stylus 500 ,2560.0,2048.0,4.0,35.0,105.0,50.0,7.0,32.0,200.0,99.0,229.0
Olympus Stylus 600 ,2816.0,2560.0,6.0,35.0,105.0,50.0,7.0,8.0,195.0,97.0,229.0
Olympus Stylus 700 ,3072.0,2560.0,7.0,37.0,111.0,60.0,8.0,19.0,140.0,95.0,229.0
Olympus Stylus 720 SW ,3072.0,2560.0,7.0,37.0,111.0,60.0,8.0,19.0,190.0,95.0,299.0
Olympus Stylus 725 SW,3072.0,2560.0,7.0,38.0,114.0,60.0,2.0,19.0,190.0,91.0,299.0
Olympus Stylus 730,3072.0,2560.0,7.0,38.0,114.0,50.0,7.0,22.0,190.0,96.0,229.0
Olympus Stylus 740,3072.0,2560.0,7.0,36.0,180.0,70.0,3.0,17.0,160.0,96.0,229.0
Olympus Stylus 750,3072.0,2560.0,7.0,36.0,180.0,70.0,3.0,17.0,170.0,96.0,229.0
Olympus Stylus 760,3072.0,2560.0,7.0,37.0,111.0,60.0,8.0,18.0,160.0,99.0,229.0
Olympus Stylus 770 SW,3072.0,2560.0,7.0,38.0,114.0,50.0,7.0,18.0,195.0,92.0,299.0
Olympus Stylus 780,3072.0,2560.0,7.0,36.0,180.0,70.0,3.0,18.0,195.0,100.0,299.0
Olympus Stylus 790 SW,3072.0,2560.0,7.0,38.0,114.0,50.0,7.0,14.0,155.0,92.0,299.0
Olympus Stylus 800 ,3264.0,2560.0,8.0,38.0,114.0,50.0,3.0,19.0,200.0,103.0,249.0
Olympus Stylus 810 ,3264.0,2560.0,8.0,35.0,105.0,60.0,10.0,28.0,185.0,97.0,249.0
Olympus Stylus 820,3264.0,2560.0,8.0,36.0,180.0,70.0,3.0,47.0,125.0,96.0,249.0
Olympus Stylus 830,3248.0,2560.0,8.0,36.0,180.0,70.0,3.0,14.0,125.0,100.0,249.0
Olympus Stylus Verve ,2272.0,2048.0,3.0,35.0,70.0,50.0,8.0,16.0,165.0,95.0,229.0
Olympus Stylus Verve  S,2560.0,2048.0,4.0,35.0,70.0,50.0,8.0,16.0,165.0,95.0,299.0
Panasonic Lumix DMC-F7,1600.0,800.0,1.0,35.0,70.0,50.0,10.0,8.0,200.0,104.0,1499.0
Panasonic Lumix DMC-FX01,2816.0,2048.0,6.0,28.0,102.0,50.0,5.0,16.0,155.0,94.0,1499.0
Panasonic Lumix DMC-FX07,3072.0,2560.0,7.0,28.0,102.0,50.0,5.0,0.0,170.0,94.0,1499.0
Panasonic Lumix DMC-FX1,2048.0,1600.0,3.0,35.0,105.0,50.0,10.0,16.0,185.0,0.0,1499.0
Panasonic Lumix DMC-FX10,2816.0,2048.0,6.0,35.0,105.0,50.0,5.0,27.0,155.0,94.0,1499.0
Panasonic Lumix DMC-FX100,4000.0,3264.0,12.0,28.0,100.0,50.0,5.0,27.0,150.0,54.0,1499.0
Panasonic Lumix DMC-FX12,3072.0,2560.0,7.0,35.0,105.0,50.0,5.0,27.0,155.0,94.0,1499.0
Panasonic Lumix DMC-FX2,2304.0,1600.0,4.0,35.0,105.0,50.0,5.0,16.0,148.0,94.0,1499.0
Panasonic Lumix DMC-FX3,2816.0,2048.0,6.0,35.0,105.0,50.0,5.0,13.0,165.0,94.0,299.0
Panasonic Lumix DMC-FX30,3072.0,2560.0,7.0,28.0,100.0,50.0,5.0,27.0,162.0,95.0,299.0
Panasonic Lumix DMC-FX33,3264.0,2560.0,8.0,28.0,100.0,50.0,5.0,27.0,154.0,95.0,299.0
Panasonic Lumix DMC-FX5,2304.0,1600.0,4.0,35.0,105.0,50.0,10.0,16.0,185.0,0.0,1499.0
Panasonic Lumix DMC-FX50,3072.0,2560.0,7.0,28.0,102.0,50.0,5.0,0.0,190.0,98.0,1499.0
Panasonic Lumix DMC-FX55,3264.0,2560.0,8.0,28.0,100.0,50.0,5.0,27.0,165.0,95.0,1499.0
Panasonic Lumix DMC-FX7,2560.0,2048.0,4.0,35.0,105.0,50.0,5.0,16.0,153.0,94.0,1499.0
Panasonic Lumix DMC-FX8,2560.0,2560.0,5.0,35.0,105.0,50.0,5.0,16.0,155.0,94.0,1499.0
Panasonic Lumix DMC-FX9,2816.0,2048.0,6.0,35.0,105.0,50.0,5.0,16.0,155.0,94.0,1499.0
Panasonic Lumix DMC-FZ1,1600.0,1280.0,2.0,35.0,420.0,30.0,3.0,8.0,354.0,125.0,149.0
Panasonic Lumix DMC-FZ10,2304.0,1600.0,4.0,35.0,420.0,30.0,5.0,16.0,550.0,87.0,149.0
Panasonic Lumix DMC-FZ18,3264.0,2560.0,8.0,28.0,504.0,30.0,1.0,27.0,407.0,118.0,149.0
Panasonic Lumix DMC-FZ2,1600.0,1280.0,2.0,35.0,420.0,30.0,5.0,0.0,350.0,114.0,149.0
Panasonic Lumix DMC-FZ20,2560.0,2048.0,5.0,36.0,432.0,30.0,5.0,16.0,556.0,87.0,149.0
Panasonic Lumix DMC-FZ3,2016.0,1600.0,3.0,35.0,420.0,30.0,5.0,16.0,326.0,108.0,299.0
Panasonic Lumix DMC-FZ30,3264.0,2560.0,8.0,35.0,420.0,30.0,5.0,32.0,740.0,141.0,299.0
Panasonic Lumix DMC-FZ4,2304.0,1600.0,4.0,35.0,420.0,50.0,5.0,8.0,326.0,102.0,149.0
Panasonic Lumix DMC-FZ5,2560.0,2048.0,4.0,36.0,432.0,50.0,5.0,16.0,326.0,108.0,149.0
Panasonic Lumix DMC-FZ50,3648.0,3264.0,10.0,35.0,420.0,30.0,5.0,32.0,734.0,141.0,149.0
Panasonic Lumix DMC-FZ7,2816.0,2304.0,6.0,36.0,432.0,30.0,5.0,16.0,340.0,113.0,149.0
Panasonic Lumix DMC-FZ8,3072.0,2560.0,7.0,36.0,432.0,30.0,5.0,27.0,340.0,113.0,149.0
Panasonic Lumix DMC-L1,3136.0,2560.0,7.0,0.0,0.0,0.0,0.0,0.0,606.0,146.0,1499.0
Panasonic Lumix DMC-L10,3648.0,2816.0,10.0,0.0,0.0,0.0,0.0,0.0,556.0,135.0,1499.0
Panasonic Lumix DMC-LC1,2560.0,2048.0,4.0,28.0,90.0,30.0,30.0,16.0,705.0,135.0,1499.0
Panasonic Lumix DMC-LC20,1600.0,1024.0,1.0,35.0,105.0,50.0,15.0,8.0,290.0,99.0,1499.0
Panasonic Lumix DMC-LC33,2048.0,1600.0,3.0,35.0,105.0,50.0,10.0,32.0,215.0,96.0,1499.0
Panasonic Lumix DMC-LC40,2240.0,1600.0,3.0,33.0,100.0,30.0,6.0,16.0,420.0,104.0,1499.0
Panasonic Lumix DMC-LC43,2304.0,1600.0,4.0,35.0,105.0,50.0,10.0,32.0,215.0,96.0,1499.0
Panasonic Lumix DMC-LC5,2240.0,1600.0,3.0,33.0,100.0,30.0,6.0,32.0,435.0,128.0,1499.0
Panasonic Lumix DMC-LC50,2048.0,1600.0,3.0,35.0,105.0,50.0,10.0,16.0,210.0,65.0,1499.0
Panasonic Lumix DMC-LC70,2304.0,1600.0,4.0,35.0,105.0,50.0,10.0,16.0,210.0,65.0,1499.0
Panasonic Lumix DMC-LC80,2560.0,2048.0,4.0,35.0,105.0,50.0,10.0,16.0,207.0,88.0,1499.0
Panasonic Lumix DMC-LS1,2304.0,1600.0,4.0,35.0,105.0,50.0,5.0,14.0,188.0,94.0,1499.0
Panasonic Lumix DMC-LS2,2560.0,2048.0,5.0,35.0,105.0,50.0,5.0,14.0,188.0,111.0,1499.0
Panasonic Lumix DMC-LS60,2816.0,2048.0,6.0,35.0,105.0,50.0,5.0,27.0,188.0,94.0,149.0
Panasonic Lumix DMC-LS75,3072.0,2560.0,7.0,35.0,105.0,50.0,5.0,27.0,188.0,94.0,1499.0
Panasonic Lumix DMC-LX1,3840.0,3072.0,8.0,28.0,112.0,50.0,5.0,32.0,220.0,106.0,1499.0
Panasonic Lumix DMC-LX2,4224.0,3840.0,10.0,28.0,112.0,50.0,5.0,13.0,220.0,106.0,1499.0
Panasonic Lumix DMC-LZ1,2304.0,1600.0,4.0,37.0,222.0,50.0,5.0,14.0,224.0,101.0,149.0
Panasonic Lumix DMC-LZ2,2560.0,2048.0,5.0,37.0,222.0,50.0,5.0,14.0,224.0,101.0,149.0
Panasonic Lumix DMC-LZ3,2560.0,2048.0,5.0,37.0,222.0,50.0,5.0,14.0,230.0,100.0,149.0
Panasonic Lumix DMC-LZ5,2816.0,2048.0,6.0,37.0,222.0,50.0,5.0,14.0,230.0,100.0,149.0
Panasonic Lumix DMC-LZ6,3072.0,2560.0,7.0,37.0,222.0,50.0,5.0,27.0,230.0,99.0,149.0
Panasonic Lumix DMC-LZ7,3072.0,2560.0,7.0,37.0,222.0,50.0,5.0,27.0,234.0,99.0,149.0
Panasonic Lumix DMC-TZ1,2560.0,2048.0,4.0,35.0,350.0,40.0,5.0,13.0,250.0,112.0,299.0
Panasonic Lumix DMC-TZ2,2816.0,2048.0,6.0,28.0,280.0,50.0,5.0,13.0,260.0,105.0,299.0
Panasonic Lumix DMC-TZ3,3072.0,2560.0,7.0,28.0,280.0,50.0,5.0,13.0,280.0,105.0,299.0
Pentax EI-100,1280.0,640.0,1.0,42.0,42.0,60.0,30.0,8.0,240.0,105.0,509.0
Pentax EI-200,1600.0,800.0,1.0,34.0,108.0,50.0,10.0,16.0,390.0,128.0,509.0
Pentax EI-2000,1600.0,800.0,1.0,34.0,108.0,50.0,10.0,16.0,630.0,144.0,509.0
Pentax *ist D,3008.0,2400.0,6.0,0.0,0.0,0.0,0.0,0.0,650.0,129.0,799.0
Pentax *ist DL,3008.0,2400.0,6.0,0.0,0.0,0.0,0.0,0.0,565.0,125.0,799.0
Pentax *ist DL2,3008.0,2400.0,6.0,0.0,0.0,0.0,0.0,0.0,565.0,125.0,799.0
Pentax *ist DS,3008.0,2400.0,6.0,0.0,0.0,0.0,0.0,0.0,605.0,125.0,799.0
Pentax *ist DS2,3008.0,2400.0,6.0,0.0,0.0,0.0,0.0,0.0,605.0,125.0,799.0
Pentax K100D,3008.0,2400.0,6.0,0.0,0.0,0.0,0.0,0.0,660.0,129.0,509.0
Pentax K100D Super,3008.0,2400.0,6.0,0.0,0.0,0.0,0.0,0.0,646.0,129.0,509.0
Pentax K10D,3872.0,3008.0,10.0,0.0,0.0,0.0,0.0,0.0,793.0,142.0,799.0
Pentax K110D,3008.0,2400.0,6.0,0.0,0.0,0.0,0.0,0.0,585.0,129.0,509.0
Pentax Optio 230,1600.0,1024.0,1.0,38.0,114.0,50.0,10.0,16.0,230.0,104.0,269.0
Pentax Optio 30,2048.0,1600.0,3.0,38.0,114.0,50.0,2.0,16.0,180.0,94.0,149.0
Pentax Optio 330,2048.0,1024.0,3.0,37.0,111.0,40.0,14.0,16.0,240.0,92.0,269.0
Pentax Optio 330GS,2048.0,1600.0,3.0,38.0,114.0,4.0,5.0,16.0,230.0,104.0,269.0
Pentax Optio 330RS,2048.0,1024.0,3.0,37.0,111.0,40.0,14.0,16.0,240.0,92.0,269.0
Pentax Optio 33L,2048.0,1600.0,3.0,38.0,114.0,40.0,10.0,16.0,225.0,105.0,269.0
Pentax Optio 33LF,2048.0,1600.0,3.0,38.0,114.0,40.0,10.0,12.0,225.0,109.0,269.0
Pentax Optio 33WR,2048.0,1600.0,3.0,37.0,104.0,30.0,1.0,16.0,208.0,82.0,269.0
Pentax Optio 430,2240.0,1120.0,3.0,37.0,111.0,40.0,14.0,16.0,240.0,92.0,269.0
Pentax Optio 430RS,2240.0,1120.0,3.0,37.0,111.0,40.0,14.0,16.0,240.0,92.0,269.0
Pentax Optio 43WR,2288.0,1600.0,3.0,37.0,104.0,30.0,1.0,16.0,200.0,82.0,269.0
Pentax Optio 450,2288.0,1600.0,3.0,37.0,187.0,60.0,2.0,16.0,250.0,100.0,149.0
Pentax Optio 50,2560.0,2048.0,4.0,32.0,96.0,50.0,6.0,12.0,180.0,91.0,149.0
Pentax Optio 550,2592.0,2048.0,5.0,37.0,187.0,60.0,2.0,16.0,250.0,100.0,149.0
Pentax Optio 555,2592.0,2048.0,5.0,37.0,187.0,60.0,2.0,16.0,250.0,100.0,149.0
Pentax Optio 60,2848.0,2272.0,6.0,36.0,108.0,50.0,5.0,12.0,200.0,91.0,149.0
Pentax Optio 750Z,3056.0,2592.0,7.0,37.0,187.0,60.0,2.0,32.0,255.0,100.0,149.0
Pentax Optio A10,3264.0,2592.0,8.0,38.0,114.0,35.0,6.0,24.0,145.0,89.0,249.0
Pentax Optio A20,3648.0,3072.0,10.0,38.0,114.0,35.0,6.0,22.0,145.0,89.0,149.0
Pentax Optio A30,3648.0,3072.0,10.0,38.0,114.0,35.0,6.0,22.0,145.0,89.0,269.0
Pentax Optio E10,2816.0,2272.0,6.0,34.0,102.0,50.0,5.0,10.0,180.0,87.0,149.0
Pentax Optio E20,2816.0,2272.0,6.0,34.0,102.0,50.0,5.0,13.0,180.0,90.0,149.0
Pentax Optio E30,3072.0,2592.0,7.0,36.0,108.0,50.0,15.0,11.0,190.0,95.0,149.0
Pentax Optio E40,3264.0,2592.0,8.0,37.0,112.0,40.0,15.0,10.0,175.0,94.0,149.0
Pentax Optio M10,2816.0,2560.0,6.0,35.0,105.0,70.0,10.0,22.0,170.0,89.0,249.0
Pentax Optio M20,3072.0,2560.0,7.0,38.0,114.0,40.0,5.0,22.0,180.0,94.0,149.0
Pentax Optio M30,3072.0,2592.0,7.0,38.0,114.0,40.0,10.0,22.0,120.0,97.0,269.0
Pentax Optio M40,3264.0,2592.0,8.0,36.0,108.0,40.0,5.0,21.0,136.0,97.0,149.0
Pentax Optio MX4,2304.0,1600.0,4.0,37.0,370.0,40.0,10.0,16.0,375.0,73.0,149.0
Pentax Optio S,2048.0,1024.0,3.0,35.0,105.0,40.0,6.0,16.0,115.0,83.0,149.0
Pentax Optio S10,3648.0,3072.0,10.0,38.0,114.0,35.0,6.0,22.0,116.0,86.0,249.0
Pentax Optio S30,2048.0,1600.0,3.0,38.0,114.0,40.0,6.0,11.0,175.0,89.0,269.0
Pentax Optio S4,2304.0,1600.0,4.0,35.0,105.0,40.0,6.0,11.0,115.0,83.0,149.0
Pentax Optio S40,2304.0,1600.0,4.0,35.0,105.0,40.0,6.0,11.0,175.0,89.0,149.0
Pentax Optio S45,2304.0,1600.0,4.0,35.0,107.0,40.0,6.0,11.0,155.0,89.0,149.0
Pentax Optio S4i,2304.0,1600.0,4.0,35.0,105.0,40.0,6.0,10.0,120.0,84.0,149.0
Pentax Optio S50,2560.0,2304.0,5.0,35.0,107.0,40.0,6.0,11.0,180.0,89.0,149.0
Pentax Optio S55,2560.0,2304.0,5.0,35.0,107.0,40.0,6.0,11.0,155.0,89.0,149.0
Pentax Optio S5i,2560.0,2048.0,4.0,36.0,107.0,40.0,6.0,10.0,120.0,84.0,149.0
Pentax Optio S5n,2560.0,2304.0,4.0,35.0,107.0,40.0,6.0,9.0,120.0,84.0,149.0
Pentax Optio S5z,2560.0,2304.0,5.0,35.0,107.0,40.0,6.0,9.0,120.0,83.0,149.0
Pentax Optio S6,2816.0,2560.0,6.0,37.0,112.0,40.0,15.0,23.0,120.0,86.0,149.0
Pentax Optio S60,2816.0,2560.0,6.0,35.0,106.0,40.0,6.0,11.0,135.0,89.0,149.0
Pentax Optio S7,3072.0,2592.0,7.0,37.0,112.0,40.0,15.0,23.0,120.0,86.0,149.0
Pentax Optio SV,2560.0,2048.0,5.0,36.0,180.0,60.0,3.0,32.0,165.0,91.0,149.0
Pentax Optio SVi,2560.0,2048.0,5.0,36.0,180.0,60.0,3.0,32.0,165.0,91.0,149.0
Pentax Optio T10,2816.0,2592.0,6.0,37.0,112.0,40.0,15.0,12.0,155.0,95.0,249.0
Pentax Optio T20,3072.0,2592.0,7.0,37.0,112.0,40.0,15.0,12.0,155.0,95.0,149.0
Pentax Optio T30,3072.0,2592.0,7.0,38.0,112.0,40.0,15.0,20.0,155.0,95.0,269.0
Pentax Optio W10,2816.0,2560.0,6.0,38.0,114.0,40.0,1.0,10.0,160.0,107.0,269.0
Pentax Optio W20,3072.0,2560.0,7.0,38.0,114.0,40.0,1.0,21.0,150.0,107.0,269.0
Pentax Optio W30,3072.0,2560.0,7.0,38.0,114.0,40.0,1.0,21.0,155.0,108.0,269.0
Pentax Optio WP,2560.0,2304.0,4.0,38.0,114.0,40.0,1.0,10.0,135.0,102.0,269.0
Pentax Optio WPi,2816.0,2560.0,6.0,38.0,114.0,40.0,1.0,10.0,135.0,102.0,269.0
Pentax Optio X,2560.0,2048.0,5.0,36.0,107.0,40.0,6.0,14.0,145.0,112.0,149.0
Pentax Optio Z10,3264.0,2592.0,8.0,38.0,266.0,40.0,8.0,0.0,0.0,94.0,249.0
Ricoh Caplio 500G,3264.0,2592.0,8.0,28.0,85.0,30.0,1.0,26.0,450.0,133.0,229.0
Ricoh Caplio R1V,2560.0,2048.0,4.0,28.0,135.0,30.0,1.0,12.0,195.0,100.0,99.0
Ricoh Caplio R2,2560.0,2048.0,4.0,28.0,135.0,30.0,1.0,28.0,195.0,100.0,99.0
Ricoh Caplio R3,2560.0,2048.0,4.0,28.0,200.0,30.0,1.0,26.0,165.0,95.0,99.0
Ricoh Caplio R30,2560.0,2048.0,4.0,28.0,160.0,30.0,1.0,28.0,180.0,95.0,99.0
Ricoh Caplio R4,2816.0,2048.0,6.0,28.0,200.0,30.0,1.0,26.0,165.0,95.0,99.0
Ricoh Caplio R40,2816.0,2048.0,6.0,28.0,160.0,30.0,1.0,26.0,165.0,95.0,199.0
Ricoh Caplio R5,3072.0,2592.0,7.0,28.0,200.0,30.0,1.0,26.0,165.0,96.0,99.0
Ricoh Caplio R6,3072.0,2592.0,7.0,28.0,200.0,30.0,1.0,54.0,165.0,100.0,99.0
Ricoh Caplio R7,3264.0,3264.0,8.0,28.0,200.0,30.0,1.0,24.0,135.0,100.0,99.0
Ricoh Caplio RR530,2560.0,2048.0,4.0,32.0,96.0,30.0,1.0,12.0,190.0,91.0,399.0
Ricoh Caplio RR630,2816.0,2048.0,6.0,36.0,108.0,50.0,6.0,12.0,200.0,91.0,399.0
Ricoh Caplio G3,2048.0,1280.0,3.0,35.0,105.0,30.0,1.0,8.0,230.0,124.0,99.0
Ricoh GR Digital,3264.0,2592.0,8.0,28.0,28.0,30.0,2.0,26.0,200.0,107.0,4999.0
Ricoh Caplio GX100,3648.0,3264.0,10.0,24.0,72.0,30.0,1.0,26.0,260.0,112.0,399.0
Ricoh Caplio GX8,3264.0,2592.0,8.0,28.0,85.0,30.0,1.0,26.0,260.0,114.0,99.0
Ricoh RDC-200G,1792.0,1280.0,2.0,38.0,114.0,4.0,4.0,8.0,500.0,144.0,399.0
Ricoh RDC-4300,1280.0,640.0,1.0,35.0,105.0,40.0,8.0,4.0,320.0,135.0,149.0
Ricoh RDC-5000,1792.0,896.0,2.0,38.0,86.0,40.0,4.0,8.0,340.0,131.0,149.0
Ricoh RDC-5300,1792.0,896.0,2.0,38.0,114.0,40.0,4.0,8.0,380.0,131.0,177.0
Ricoh RDC-6000,1600.0,800.0,1.0,40.0,40.0,30.0,13.0,8.0,300.0,110.0,149.0
Ricoh RDC-7,2048.0,1024.0,3.0,35.0,105.0,24.0,1.0,8.0,320.0,135.0,1699.0
Ricoh RDC-i500,2048.0,1024.0,3.0,35.0,105.0,24.0,1.0,8.0,320.0,142.0,4999.0
Ricoh RDC-i700,2048.0,1024.0,3.0,35.0,105.0,24.0,1.0,8.0,450.0,157.0,149.0
Ricoh Caplio RR1,2272.0,1120.0,3.0,35.0,105.0,24.0,1.0,8.0,340.0,135.0,99.0
Ricoh Caplio RX,2048.0,1280.0,3.0,28.0,100.0,30.0,1.0,8.0,215.0,112.0,99.0
Samsung Digimax A50,2592.0,2272.0,5.0,35.0,105.0,80.0,5.0,11.0,185.0,107.0,229.0
Samsung Digimax A502,2592.0,2272.0,5.0,31.0,31.0,100.0,2.0,16.0,175.0,97.0,229.0
Samsung Digimax A55W,2592.0,2272.0,5.0,28.0,135.0,60.0,1.0,32.0,185.0,106.0,229.0
Samsung Digimax 130,1280.0,640.0,1.0,43.0,43.0,80.0,40.0,8.0,250.0,106.0,299.0
Samsung Digimax 202,1600.0,1024.0,1.0,35.0,47.0,120.0,19.0,6.0,135.0,98.0,229.0
Samsung Digimax 230,1600.0,1024.0,1.0,33.0,100.0,80.0,20.0,0.0,0.0,0.0,229.0
Samsung Digimax 250,1600.0,1024.0,1.0,35.0,76.0,80.0,15.0,6.0,210.0,107.0,229.0
Samsung Digimax 301,2048.0,1600.0,3.0,35.0,33.0,10.0,19.0,16.0,137.0,98.0,299.0
Samsung Digimax 350SE,2048.0,1024.0,3.0,34.0,102.0,80.0,20.0,0.0,320.0,114.0,229.0
Samsung Digimax 370,2048.0,1620.0,3.0,35.0,114.0,80.0,5.0,0.0,157.0,108.0,229.0
Samsung Digimax 401,2048.0,1600.0,4.0,35.0,33.0,10.0,19.0,16.0,137.0,98.0,299.0
Samsung Digimax 410,2272.0,1600.0,3.0,34.0,102.0,80.0,20.0,0.0,340.0,116.0,229.0
Samsung Digimax 430,2272.0,2048.0,3.0,35.0,114.0,80.0,5.0,32.0,210.0,107.0,229.0
Samsung Digimax 530,2592.0,2048.0,5.0,38.0,114.0,80.0,6.0,32.0,195.0,110.0,229.0
Samsung Digimax V4,2272.0,1120.0,3.0,38.0,114.0,80.0,6.0,0.0,210.0,106.0,229.0
Samsung GX-10,3872.0,3008.0,10.0,0.0,0.0,0.0,0.0,0.0,793.0,142.0,199.0
Samsung GX-1L,3008.0,2400.0,6.0,0.0,0.0,0.0,0.0,0.0,570.0,125.0,299.0
Samsung GX-1S,3008.0,2400.0,6.0,0.0,0.0,0.0,0.0,0.0,605.0,125.0,299.0
Samsung Digimax i5,2595.0,2272.0,5.0,39.0,117.0,50.0,5.0,50.0,155.0,90.0,229.0
Samsung Digimax i6,2816.0,2592.0,6.0,39.0,117.0,50.0,1.0,45.0,0.0,96.0,229.0
Samsung i7,3072.0,2592.0,7.0,38.0,114.0,80.0,5.0,450.0,210.0,101.0,119.0
Samsung i70,3072.0,2592.0,7.0,38.0,114.0,80.0,5.0,20.0,180.0,90.0,199.0
Samsung i85,3264.0,2592.0,8.0,36.0,108.0,80.0,5.0,173.0,0.0,95.0,149.0
Samsung L83T,3264.0,2592.0,8.0,38.0,114.0,80.0,5.0,19.0,160.0,93.0,229.0
Samsung L700,3072.0,2592.0,7.0,35.0,105.0,80.0,5.0,20.0,170.0,97.0,199.0
Samsung L73,3072.0,2592.0,7.0,35.0,105.0,80.0,5.0,19.0,180.0,98.0,119.0
Samsung L730,3264.0,2592.0,7.0,38.0,114.0,80.0,10.0,16.0,183.0,95.0,99.0
Samsung L74 Wide,3072.0,2592.0,7.0,28.0,101.0,80.0,5.0,450.0,210.0,105.0,119.0
Samsung L77,3072.0,2592.0,7.0,38.0,266.0,80.0,10.0,0.0,0.0,94.0,119.0
Samsung L830,3264.0,2592.0,8.0,38.0,114.0,80.0,5.0,10.0,183.0,95.0,99.0
Samsung NV10,3648.0,3136.0,10.0,35.0,105.0,80.0,4.0,20.0,190.0,97.0,229.0
Samsung NV11,3648.0,3136.0,10.0,35.0,190.0,80.0,1.0,0.0,240.0,107.0,229.0
Samsung NV15,3648.0,2592.0,10.0,34.0,102.0,80.0,4.0,20.0,0.0,97.0,229.0
Samsung NV20,4000.0,2592.0,12.0,34.0,102.0,80.0,4.0,20.0,0.0,97.0,229.0
Samsung NV3,3072.0,2816.0,7.0,38.0,114.0,80.0,1.0,15.0,155.0,95.0,229.0
Samsung NV7 OPS,3072.0,2688.0,7.0,38.0,270.0,80.0,1.0,19.0,290.0,106.0,229.0
Samsung NV8,3264.0,2592.0,8.0,34.0,102.0,80.0,4.0,20.0,0.0,97.0,229.0
Samsung Pro815,3264.0,2400.0,8.0,28.0,420.0,10.0,3.0,0.0,910.0,136.0,299.0
Samsung S1030,3648.0,3476.0,10.0,35.0,105.0,80.0,4.0,45.0,220.0,100.0,199.0
Samsung S1050,3648.0,3476.0,10.0,38.0,190.0,80.0,1.0,45.0,254.0,105.0,199.0
Samsung S630,2816.0,2048.0,6.0,35.0,105.0,80.0,5.0,16.0,186.0,100.0,99.0
Samsung S730,3072.0,2592.0,7.0,35.0,105.0,80.0,5.0,16.0,186.0,100.0,99.0
Samsung S830,3264.0,3072.0,8.0,35.0,105.0,80.0,4.0,45.0,220.0,100.0,99.0
Samsung S85,3264.0,2592.0,8.0,38.0,190.0,80.0,1.0,20.0,204.0,100.0,149.0
Samsung S850,3264.0,2592.0,8.0,38.0,190.0,80.0,1.0,20.0,222.0,104.0,149.0
Samsung Digimax U-CA 3,2048.0,2048.0,3.0,35.0,114.0,80.0,5.0,0.0,134.0,102.0,229.0
Samsung Digimax U-CA 4,2272.0,2048.0,4.0,35.0,105.0,80.0,5.0,0.0,169.0,102.0,229.0
Samsung Digimax U-CA 401,2272.0,1136.0,3.0,35.0,35.0,60.0,6.0,0.0,165.0,97.0,229.0
Samsung Digimax V40,2272.0,2048.0,3.0,35.0,113.0,80.0,5.0,0.0,230.0,106.0,229.0
Samsung Digimax V5,2592.0,2272.0,5.0,38.0,114.0,80.0,5.0,0.0,180.0,106.0,229.0
Samsung Digimax V50,2592.0,2272.0,5.0,35.0,113.0,80.0,5.0,256.0,230.0,106.0,229.0
Samsung Digimax V6,2816.0,2560.0,6.0,38.0,114.0,80.0,6.0,0.0,220.0,106.0,229.0
Samsung Digimax V700,3072.0,2816.0,7.0,38.0,114.0,80.0,4.0,128.0,220.0,106.0,229.0
Samsung Digimax V800,3264.0,2816.0,8.0,38.0,114.0,80.0,4.0,32.0,220.0,106.0,229.0
Sanyo DSC-AZ1,2288.0,1600.0,3.0,35.0,98.0,50.0,10.0,16.0,340.0,106.0,429.0
Sanyo DSC-J1,2048.0,1600.0,3.0,37.0,104.0,20.0,2.0,8.0,205.0,98.0,429.0
Sanyo DSC-S1,2048.0,1600.0,3.0,36.0,108.0,50.0,16.0,8.0,190.0,100.0,149.0
Sanyo Xacti DSC-S3,2048.0,1600.0,3.0,37.0,112.0,50.0,2.0,16.0,185.0,91.0,1399.0
Sanyo Xacti DSC-S4,2288.0,1600.0,3.0,37.0,105.0,50.0,2.0,16.0,185.0,91.0,1399.0
Sanyo DSC-MZ1,1600.0,640.0,1.0,35.0,98.0,50.0,10.0,8.0,340.0,106.0,429.0
Sanyo VPC-X350,1024.0,640.0,0.0,38.0,38.0,60.0,10.0,4.0,260.0,105.0,149.0
Sanyo VPC-Z400,1280.0,640.0,1.0,34.0,102.0,80.0,20.0,4.0,350.0,128.0,149.0
Sigma DP1,2640.0,1776.0,4.0,28.0,28.0,0.0,0.0,0.0,270.0,109.0,1599.0
Sigma SD10,2268.0,1134.0,3.0,0.0,0.0,0.0,0.0,0.0,950.0,152.0,1599.0
Sigma SD14,2640.0,1776.0,4.0,0.0,0.0,0.0,0.0,0.0,750.0,144.0,19.0
Sigma SD9,2268.0,1134.0,3.0,0.0,0.0,0.0,0.0,0.0,950.0,152.0,19.0
Sony Mavica FD-91,1024.0,640.0,0.0,37.0,518.0,80.0,3.0,1.0,950.0,140.0,1399.0
Sony Mavica CD1000,1600.0,1600.0,1.0,37.0,370.0,80.0,3.0,8.0,980.0,125.0,1399.0
Sony Mavica CD200,1600.0,1024.0,1.0,39.0,117.0,50.0,3.0,8.0,620.0,144.0,1399.0
Sony Mavica CD250,1600.0,1280.0,1.0,41.0,123.0,50.0,3.0,6.0,610.0,138.0,1399.0
Sony Mavica CD300,2048.0,1600.0,3.0,34.0,102.0,50.0,4.0,8.0,620.0,144.0,1399.0
Sony Mavica CD350,2048.0,1632.0,3.0,41.0,123.0,50.0,10.0,1.0,522.0,132.0,1399.0
Sony Mavica CD400,2272.0,1600.0,3.0,34.0,102.0,50.0,4.0,6.0,640.0,138.0,1399.0
Sony Mavica CD500,2592.0,2048.0,5.0,34.0,102.0,50.0,4.0,1.0,606.0,139.0,1399.0
Sony DSC-D700,1344.0,640.0,1.0,28.0,140.0,20.0,0.0,8.0,900.0,130.0,149.0
Sony DSC-D770,1344.0,640.0,1.0,28.0,140.0,20.0,0.0,8.0,900.0,130.0,149.0
Sony DSC-F505,1600.0,1024.0,1.0,38.0,190.0,80.0,8.0,4.0,475.0,107.0,149.0
Sony DSC-F505V,1856.0,1600.0,2.0,38.0,190.0,50.0,2.0,8.0,482.0,107.0,149.0
Sony DSC-F55,1600.0,640.0,1.0,37.0,37.0,50.0,10.0,4.0,300.0,103.0,429.0
Sony DSC-F55V,1856.0,1600.0,2.0,37.0,37.0,25.0,10.0,8.0,280.0,103.0,429.0
Sony DSC-F707,2560.0,2048.0,4.0,38.0,190.0,50.0,2.0,16.0,667.0,162.0,149.0
Sony DSC-F717,2560.0,2048.0,4.0,38.0,190.0,50.0,2.0,32.0,659.0,162.0,149.0
Sony DSC-F828,3264.0,2592.0,8.0,28.0,200.0,50.0,2.0,0.0,906.0,134.0,429.0
Sony DSC-F88,2592.0,2048.0,5.0,38.0,114.0,50.0,8.0,32.0,202.0,98.0,429.0
Sony DSC-G1,2816.0,2048.0,6.0,38.0,114.0,50.0,8.0,2.0,238.0,93.0,429.0
Sony DSC-H1,2592.0,2048.0,5.0,36.0,432.0,50.0,2.0,32.0,591.0,108.0,429.0
Sony DSC-H2,2816.0,2048.0,6.0,36.0,432.0,50.0,2.0,32.0,490.0,108.0,429.0
Sony DSC-H3,3264.0,3264.0,8.0,38.0,380.0,50.0,2.0,31.0,264.0,106.0,429.0
Sony DSC-H5,3072.0,2592.0,7.0,36.0,432.0,50.0,2.0,32.0,490.0,108.0,429.0
Sony DSC-H7,3264.0,2592.0,8.0,31.0,465.0,50.0,2.0,31.0,405.0,110.0,429.0
Sony DSC-H9,3264.0,2592.0,8.0,31.0,465.0,50.0,2.0,31.0,440.0,110.0,429.0
Sony DSC-L1,2304.0,1280.0,4.0,32.0,96.0,12.0,12.0,16.0,152.0,95.0,429.0
Sony DSC-M1,2592.0,2048.0,5.0,38.0,114.0,50.0,8.0,32.0,215.0,51.0,429.0
Sony DSC-M2,2592.0,2048.0,5.0,38.0,114.0,50.0,1.0,32.0,240.0,51.0,399.0
Sony DSC-N1,3264.0,2592.0,8.0,38.0,114.0,50.0,6.0,32.0,139.0,94.0,429.0
Sony DSC-N2,3264.0,2592.0,10.0,38.0,114.0,50.0,6.0,32.0,139.0,94.0,399.0
Sony DSC-P1,2048.0,1600.0,3.0,39.0,117.0,50.0,10.0,8.0,250.0,114.0,429.0
Sony DSC-P10,2592.0,2048.0,5.0,38.0,114.0,50.0,10.0,32.0,206.0,105.0,149.0
Sony DSC-P100,2592.0,2048.0,5.0,38.0,114.0,50.0,10.0,32.0,180.0,108.0,149.0
Sony DSC-P150,3072.0,2592.0,7.0,38.0,114.0,50.0,6.0,32.0,180.0,108.0,149.0
Sony DSC-P2,1600.0,1280.0,1.0,39.0,117.0,50.0,10.0,16.0,214.0,114.0,399.0
Sony DSC-P20,1216.0,1024.0,1.0,42.0,42.0,60.0,3.0,4.0,230.0,123.0,399.0
Sony DSC-P200,3072.0,2592.0,7.0,38.0,114.0,50.0,6.0,32.0,180.0,104.0,399.0
Sony DSC-P3,1920.0,1600.0,2.0,36.0,36.0,25.0,10.0,8.0,194.0,113.0,429.0
Sony DSC-P30,1280.0,1024.0,1.0,41.0,123.0,50.0,3.0,4.0,250.0,143.0,149.0
Sony DSC-P31,1600.0,1280.0,1.0,33.0,33.0,10.0,10.0,8.0,231.0,106.0,429.0
Sony DSC-P32,2048.0,1632.0,3.0,33.0,33.0,10.0,10.0,16.0,217.0,101.0,429.0
Sony DSC-P41,2272.0,1600.0,3.0,33.0,33.0,10.0,10.0,16.0,180.0,106.0,429.0
Sony DSC-P5,2048.0,1600.0,3.0,39.0,117.0,50.0,10.0,8.0,214.0,113.0,429.0
Sony DSC-P50,1600.0,1024.0,1.0,41.0,123.0,50.0,3.0,4.0,250.0,143.0,149.0
Sony DSC-P51,1600.0,1280.0,1.0,41.0,82.0,8.0,8.0,16.0,275.0,127.0,429.0
Sony DSC-P52,2048.0,1632.0,3.0,41.0,82.0,8.0,8.0,16.0,280.0,123.0,429.0
Sony DSC-P7,2048.0,1600.0,3.0,39.0,117.0,50.0,10.0,16.0,214.0,114.0,149.0
Sony DSC-P71,2048.0,1600.0,3.0,39.0,117.0,50.0,10.0,16.0,284.0,125.0,149.0
Sony DSC-P72,2048.0,1632.0,3.0,39.0,117.0,50.0,10.0,16.0,259.0,120.0,149.0
Sony DSC-P73,2272.0,1600.0,3.0,39.0,117.0,50.0,10.0,16.0,243.0,116.0,149.0
Sony DSC-P8,2048.0,1632.0,3.0,39.0,117.0,50.0,10.0,16.0,206.0,105.0,429.0
Sony DSC-P9,2272.0,1600.0,3.0,39.0,117.0,50.0,10.0,16.0,206.0,113.0,429.0
Sony DSC-P92,2592.0,2048.0,5.0,38.0,114.0,50.0,10.0,16.0,259.0,120.0,429.0
Sony DSC-P93,2592.0,2048.0,5.0,38.0,114.0,50.0,10.0,32.0,236.0,117.0,429.0
Sony DSC-R1,3888.0,3264.0,10.0,24.0,120.0,0.0,0.0,0.0,995.0,139.0,429.0
Sony DSC-S30,1280.0,640.0,1.0,39.0,117.0,25.0,3.0,4.0,370.0,113.0,149.0
Sony DSC-S40,2304.0,2048.0,4.0,32.0,96.0,0.0,0.0,32.0,184.0,99.0,149.0
Sony DSC-S50,1600.0,1280.0,1.0,39.0,117.0,25.0,3.0,4.0,370.0,113.0,149.0
Sony DSC-S60,2304.0,2048.0,4.0,39.0,117.0,50.0,10.0,32.0,249.0,97.0,149.0
Sony DSC-S600,2816.0,2048.0,6.0,31.0,93.0,12.0,0.0,32.0,180.0,100.0,149.0
Sony DSC-S650,3072.0,2592.0,7.0,35.0,105.0,35.0,5.0,24.0,178.0,91.0,149.0
Sony DSC-S70,2048.0,1600.0,3.0,34.0,102.0,25.0,4.0,8.0,420.0,117.0,149.0
Sony DSC-S700,3072.0,2592.0,7.0,35.0,105.0,35.0,5.0,24.0,178.0,91.0,149.0
Sony DSC-S75,2048.0,1600.0,3.0,34.0,102.0,50.0,4.0,8.0,444.0,125.0,149.0
Sony DSC-S800,3264.0,2592.0,8.0,37.0,222.0,50.0,2.0,54.0,245.0,93.0,149.0
Sony DSC-S85,2272.0,1600.0,3.0,34.0,102.0,50.0,4.0,16.0,444.0,125.0,149.0
Sony DSC-S90,2304.0,2048.0,4.0,39.0,117.0,50.0,10.0,32.0,253.0,97.0,149.0
Sony DSC-T1,2592.0,2048.0,5.0,38.0,114.0,25.0,1.0,32.0,180.0,91.0,399.0
Sony DSC-T10,3072.0,2592.0,7.0,38.0,114.0,50.0,1.0,56.0,168.0,90.0,399.0
Sony DSC-T100,3264.0,2592.0,8.0,35.0,175.0,50.0,1.0,31.0,197.0,92.0,399.0
Sony DSC-T11,2592.0,2048.0,5.0,38.0,114.0,50.0,8.0,32.0,186.0,103.0,399.0
Sony DSC-T20,3264.0,2592.0,8.0,38.0,114.0,50.0,1.0,31.0,197.0,90.0,399.0
Sony DSC-T200,3264.0,3264.0,8.0,35.0,175.0,50.0,1.0,31.0,160.0,94.0,399.0
Sony DSC-T3,2592.0,2048.0,5.0,38.0,114.0,50.0,8.0,32.0,186.0,90.0,399.0
Sony DSC-T30,3072.0,2592.0,7.0,38.0,114.0,50.0,1.0,58.0,172.0,95.0,399.0
Sony DSC-T33,2592.0,2048.0,5.0,38.0,114.0,50.0,8.0,32.0,150.0,99.0,399.0
Sony DSC-T5,2592.0,2048.0,5.0,38.0,114.0,50.0,8.0,32.0,139.0,94.0,399.0
Sony DSC-T50,3072.0,2592.0,7.0,38.0,114.0,50.0,1.0,58.0,170.0,95.0,399.0
Sony DSC-T7,2592.0,2048.0,5.0,38.0,114.0,50.0,8.0,32.0,134.0,92.0,149.0
Sony DSC-T9,2816.0,2048.0,6.0,38.0,114.0,50.0,1.0,32.0,185.0,90.0,429.0
Sony DSC-U10,1280.0,640.0,1.0,33.0,33.0,10.0,10.0,8.0,118.0,85.0,149.0
Sony DSC-U20,1632.0,640.0,2.0,33.0,33.0,10.0,10.0,8.0,118.0,85.0,399.0
Sony DSC-U30,1632.0,640.0,2.0,33.0,33.0,10.0,10.0,8.0,130.0,85.0,149.0
Sony DSC-U40,1632.0,640.0,2.0,33.0,33.0,10.0,10.0,8.0,130.0,83.0,149.0
Sony DSC-U50,1632.0,640.0,2.0,33.0,33.0,10.0,10.0,8.0,132.0,100.0,149.0
Sony DSC-U60,1632.0,640.0,2.0,33.0,33.0,10.0,10.0,8.0,200.0,60.0,149.0
Sony DSC-V1,2592.0,2048.0,5.0,34.0,136.0,40.0,10.0,32.0,298.0,99.0,429.0
Sony DSC-V3,3072.0,2592.0,7.0,34.0,136.0,40.0,10.0,0.0,390.0,120.0,429.0
Sony DSC-W1,2592.0,2048.0,5.0,38.0,114.0,50.0,6.0,32.0,250.0,91.0,429.0
Sony DSC-W100,3264.0,2592.0,8.0,38.0,114.0,50.0,6.0,64.0,192.0,94.0,149.0
Sony DSC-W200,4000.0,3264.0,12.0,35.0,105.0,34.0,5.0,31.0,195.0,91.0,399.0
Sony DSC-W30,2816.0,2048.0,6.0,38.0,114.0,50.0,2.0,32.0,153.0,90.0,149.0
Sony DSC-W35,3072.0,2592.0,7.0,38.0,114.0,30.0,2.0,56.0,149.0,90.0,429.0
Sony DSC-W5,2592.0,2048.0,5.0,38.0,114.0,50.0,6.0,32.0,250.0,91.0,429.0
Sony DSC-W50,2816.0,2048.0,6.0,38.0,114.0,50.0,2.0,32.0,157.0,89.0,149.0
Sony DSC-W55,3072.0,2592.0,7.0,38.0,114.0,30.0,2.0,56.0,147.0,90.0,429.0
Sony DSC-W7,3072.0,2592.0,7.0,38.0,114.0,50.0,6.0,32.0,250.0,91.0,149.0
Sony DSC-W70,3072.0,2592.0,7.0,38.0,114.0,50.0,2.0,58.0,157.0,89.0,149.0
Sony DSC-W80,3072.0,2592.0,7.0,35.0,105.0,50.0,4.0,31.0,175.0,91.0,149.0
Sony DSC-W90,3254.0,2592.0,8.0,35.0,105.0,50.0,4.0,31.0,175.0,91.0,429.0
Sony DSLR-A100,3872.0,3896.0,10.0,0.0,0.0,0.0,0.0,0.0,638.0,133.0,599.0
Sony DSLR-A700,4272.0,3104.0,12.0,0.0,0.0,0.0,0.0,0.0,768.0,142.0,599.0
Sony Mavica FD-100,1280.0,1024.0,1.0,37.0,111.0,0.0,0.0,1.0,0.0,0.0,1399.0
Sony Mavica FD-200,1600.0,1024.0,1.0,37.0,111.0,19.0,3.0,1.0,520.0,142.0,1399.0
Sony Mavica FD-71,640.0,320.0,0.0,40.0,400.0,1.0,1.0,1.0,500.0,138.0,1399.0
Sony Mavica FD-73,640.0,320.0,0.0,40.0,400.0,1.0,1.0,1.0,500.0,138.0,1399.0
Sony Mavica FD-75,640.0,320.0,0.0,40.0,400.0,1.0,1.0,1.0,580.0,138.0,1399.0
Sony Mavica FD-81,1024.0,640.0,0.0,37.0,111.0,1.0,1.0,1.0,580.0,140.0,1399.0
Sony Mavica FD-83,1024.0,640.0,0.0,37.0,111.0,1.0,1.0,1.0,580.0,142.0,1399.0
Sony Mavica FD-85,1280.0,1280.0,1.0,37.0,111.0,1.0,1.0,1.0,0.0,0.0,1399.0
Sony Mavica FD-87,1280.0,1024.0,1.0,39.0,117.0,25.0,3.0,1.0,630.0,143.0,1399.0
Sony Mavica FD-88,1280.0,1024.0,1.0,34.0,270.0,4.0,4.0,1.0,600.0,142.0,1399.0
Sony Mavica FD-90,1280.0,1280.0,1.0,34.0,270.0,4.0,4.0,1.0,0.0,0.0,1399.0
Sony Mavica FD-92,1472.0,1280.0,1.0,41.0,328.0,25.0,3.0,1.0,660.0,126.0,1399.0
Sony Mavica FD-95,1600.0,1600.0,1.0,37.0,370.0,80.0,3.0,1.0,900.0,0.0,1399.0
Sony Mavica FD-97,1600.0,1024.0,1.0,39.0,390.0,25.0,2.0,1.0,990.0,126.0,1399.0
Toshiba PDR-3310,2048.0,1024.0,3.0,35.0,105.0,55.0,12.0,8.0,205.0,91.0,177.0
Toshiba PDR-3330,2048.0,1024.0,3.0,35.0,100.0,80.0,10.0,8.0,320.0,116.0,177.0
Toshiba PDR-4300,2400.0,1200.0,3.0,35.0,100.0,80.0,10.0,16.0,0.0,0.0,599.0
Toshiba PDR-5300,2560.0,2048.0,4.0,35.0,105.0,80.0,10.0,16.0,230.0,93.0,177.0
Toshiba PDR-M1,1280.0,640.0,1.0,35.0,35.0,50.0,9.0,4.0,290.0,123.0,62.0
Toshiba PDR-M11,1280.0,640.0,1.0,52.0,52.0,90.0,0.0,8.0,240.0,116.0,62.0
Toshiba PDR-M21,1600.0,800.0,1.0,39.0,39.0,50.0,0.0,8.0,240.0,116.0,177.0
Toshiba PDR-M25,1729.0,896.0,2.0,38.0,114.0,40.0,8.0,8.0,320.0,105.0,177.0
Toshiba PDR-M3,1280.0,640.0,1.0,38.0,115.0,90.0,25.0,4.0,380.0,122.0,62.0
Toshiba PDR-M4,1600.0,800.0,1.0,40.0,40.0,50.0,10.0,8.0,290.0,112.0,62.0
Toshiba PDR-M5,1600.0,800.0,1.0,40.0,120.0,90.0,25.0,8.0,350.0,130.0,62.0
Toshiba PDR-M60,1792.0,896.0,2.0,38.0,86.0,50.0,5.0,4.0,320.0,121.0,449.0
Toshiba PDR-M61,1792.0,896.0,2.0,38.0,114.0,50.0,5.0,8.0,310.0,123.0,62.0
Toshiba PDR-M65,2048.0,1024.0,3.0,38.0,114.0,10.0,10.0,8.0,320.0,120.0,62.0
Toshiba PDR-M70,2048.0,1024.0,3.0,35.0,105.0,80.0,9.0,16.0,390.0,116.0,62.0
Toshiba PDR-M71,2048.0,1024.0,3.0,35.0,98.0,80.0,10.0,8.0,340.0,107.0,62.0
Toshiba PDR-M81,2400.0,1200.0,3.0,35.0,98.0,80.0,10.0,16.0,340.0,107.0,62.0
Toshiba PDR-T10,1600.0,800.0,1.0,38.0,38.0,40.0,20.0,8.0,180.0,86.0,129.0
