TIME,ALTITUDE,QC,PS,TAT,SAT,MACH,CAS,Throttle Angle,N1,Mag Hdg,PITCH,ROLL,Aileron Pilot Force,Elevator Stick Force,Rudder Force,Boom AoA,Boom AoSS,Rudder Position,STAB Position,Elevator Position,Aileron Position,Weight,Nx,Nz
SEC,FT,mBAR,INHG,DEGC,DEGC,,KTS,DEG,PCT,DEG,DEG,DEG,LBS,LBS,LBS,INOP,INOP,DEG,DEG,DEG,DEG,LB,G,G
0,17235,25.5,15.42,-7.25,-10.75,0.26185,124.87,69.79,104.022,63.888,19.46,-0.39,0,1.9,0.3,8.09,-1.4,0.29,18.11,-5.23,-2.3,11417,0.188,0.907
0.1,17235,25.5,15.42,-7.25,-10.75,0.26185,124.87,69.79,104.022,63.888,19.46,-0.39,-0.6,1.9,0.3,8.1,-1.39,0.29,18.11,-5.52,-2.3,11417,0.736,0.962
0.2,17242,25.4687,15.42,-7.25,-10.75,0.26173,124.81,69.79,104.006,63.866,19.54,-0.33,-1,4,1.1,8.13,-1.37,0.29,18.11,-5.46,-2.3,11417,0.463,1.021
0.3,17242,25.4687,15.42,-7.25,-10.75,0.26173,124.81,69.79,104.006,63.866,19.54,-0.33,-0.5,4.1,1.7,8.09,-1.29,0.32,18.11,-5.32,-2.3,11417,0.534,0.892
0.4,17250,25.4375,15.41,-7.25,-10.75,0.26154,124.69,69.79,104.022,63.839,19.63,-0.3,0.1,3.4,1.4,8.07,-1.27,0.29,18.11,-5.35,-2.3,11415,0.332,0.967
0.5,17250,25.4375,15.41,-7.25,-10.75,0.26154,124.69,69.79,104.022,63.839,19.63,-0.3,0.2,4.3,0.4,8.13,-1.18,0.29,18.11,-5.36,-2.3,11415,0.516,0.956
0.6,17257,25.375,15.41,-7.25,-10.75,0.26142,124.62,69.79,104.006,63.817,19.73,-0.27,0,3,0.8,8.07,-1.15,0.29,18.11,-5.36,-2.3,11415,0.579,1.039
0.7,17257,25.375,15.41,-7.25,-10.75,0.26142,124.62,69.79,104.006,63.817,19.73,-0.27,0,1.5,0.4,8.07,-1.2,0.29,18.11,-5.55,-2.3,11415,0.551,0.936
0.8,17267,25.375,15.4,-7.25,-10.75,0.26123,124.5,69.79,104.022,63.8,19.81,-0.29,-0.1,2.5,0.3,8.07,-1.13,0.29,18.11,-5.67,-2.3,11415,0.181,1.044
0.9,17267,25.375,15.4,-7.25,-10.75,0.26123,124.5,69.79,104.022,63.8,19.81,-0.29,-1.1,2.9,-0.9,8.07,-1.12,0.29,18.11,-5.65,-2.3,11415,0.438,0.907
1,17275,25.3125,15.39,-7.25,-10.75,0.2611,124.44,69.75,103.988,63.795,19.88,-0.33,-1.7,1.8,0.1,8.07,-1.1,0.29,18.11,-5.66,-2.3,11413,0.622,0.993
1.1,17275,25.3125,15.39,-7.25,-10.75,0.2611,124.44,69.75,103.988,63.795,19.88,-0.33,-2.6,1.7,1,8.07,-1.13,0.32,18.11,-5.71,-2.3,11413,0.433,0.962
1.2,17283,25.25,15.39,-7.25,-11,0.26092,124.31,69.75,104.022,63.806,19.93,-0.4,-2.7,2.1,1.3,8.06,-1.07,0.29,18.11,-5.74,-2.3,11413,0.435,1.075
1.3,17283,25.25,15.39,-7.25,-11,0.26092,124.31,69.75,104.022,63.806,19.93,-0.4,-1.6,2.2,0.5,8.07,-1.08,0.29,18.11,-5.73,-2.4,11413,-0.008,0.972
1.4,17291,25.2187,15.38,-7.25,-11,0.2606,124.19,69.75,103.988,63.828,19.96,-0.48,-2.3,2.1,0.3,7.98,-1.12,0.32,18.11,-5.82,-2.4,11413,0.468,0.933
1.5,17291,25.2187,15.38,-7.25,-11,0.2606,124.19,69.75,103.988,63.828,19.96,-0.48,-2.8,1.9,0.1,8.04,-1.03,0.29,18.11,-5.89,-2.4,11413,0.118,0.889
1.6,17299,25.1562,15.38,-7.25,-11,0.26048,124.06,69.75,104.022,63.855,19.98,-0.58,-2.6,2.6,1.6,8.06,-1.02,0.32,18.11,-5.91,-2.4,11413,0.62,0.959
1.7,17299,25.1562,15.38,-7.25,-11,0.26048,124.06,69.75,104.022,63.855,19.98,-0.58,-2.6,2.1,1.1,7.95,-1.17,0.29,18.1,-5.91,-2.4,11413,0.168,0.907
1.8,17310,25.125,15.37,-7.5,-11,0.26023,123.94,69.75,104.039,63.899,19.98,-0.67,-2.6,1.2,0.3,7.93,-1.12,0.29,18.11,-6.02,-2.4,11413,0.38,0.964
1.9,17310,25.125,15.37,-7.5,-11,0.26023,123.94,69.75,104.039,63.899,19.98,-0.67,-3.1,1.4,0.2,7.96,-1.07,0.29,18.11,-6.18,-2.4,11413,0.203,0.822
2,17318,25.0625,15.37,-7.5,-11,0.26004,123.87,69.75,104.022,63.949,19.95,-0.76,-3,1.3,0.3,7.93,-1.13,0.32,18.11,-6.19,-2.5,11412,0.556,0.874
2.1,17318,25.0625,15.37,-7.5,-11,0.26004,123.87,69.75,104.022,63.949,19.95,-0.76,-3,1.1,0.4,7.88,-1.07,0.32,18.11,-6.26,-2.8,11412,0.158,0.902
2.2,17327,25,15.36,-7.5,-11,0.25985,123.69,68.08,103.988,63.998,19.88,-0.92,-2.6,0.3,-1,7.87,-1.13,0.32,18.11,-6.49,-3.3,11412,0.193,0.863
2.3,17327,25,15.36,-7.5,-11,0.25985,123.69,68.08,103.988,63.998,19.88,-0.92,-2.7,-0.4,-1.4,7.82,-1.3,0.29,18.11,-6.86,-3.4,11412,0.229,0.959
2.4,17335,24.9687,15.36,-7.5,-11,0.2596,123.56,64.98,104.006,64.042,19.77,-1.13,-3,-0.9,-0.1,7.82,-1.25,0.32,18.1,-7.1,-3.4,11412,0.66,0.969
2.5,17335,24.9687,15.36,-7.5,-11,0.2596,123.56,64.98,104.006,64.042,19.77,-1.13,-3.1,-1.6,-0.1,7.75,-1.3,0.35,18.11,-7.28,-3.4,11412,0.451,0.905
2.6,17343,24.9375,15.35,-7.5,-11,0.25954,123.5,61.35,103.887,64.075,19.58,-1.38,-2.9,-3,-0.5,7.68,-1.44,0.29,18.11,-7.66,-3.6,11412,0.403,1.006
2.7,17343,24.9375,15.35,-7.5,-11,0.25954,123.5,61.35,103.887,64.075,19.58,-1.38,-3,-3.1,-0.4,7.51,-1.35,0.29,18.11,-8.01,-3.6,11412,0.319,0.887
2.8,17355,24.9062,15.34,-7.5,-11,0.25942,123.37,57.66,103.452,64.097,19.31,-1.66,-3.5,-3.6,0.1,7.51,-1.44,0.29,18.11,-8.14,-3.6,11410,0.36,0.742
2.9,17355,24.9062,15.34,-7.5,-11,0.25942,123.37,57.66,103.452,64.097,19.31,-1.66,-3.4,-3.1,1.1,7.47,-1.52,0.32,18.11,-8.21,-3.7,11410,0.277,0.801
3,17363,24.8437,15.34,-7.5,-11,0.25929,123.31,54.84,102.542,64.097,19,-1.99,-2.8,-3.2,0.4,7.27,-1.49,0.29,18.11,-8.23,-3.7,11410,0.335,0.84
3.1,17363,24.8437,15.34,-7.5,-11,0.25929,123.31,54.84,102.542,64.097,19,-1.99,-3.1,-3.2,0.1,7.1,-1.5,0.32,18.1,-8.25,-3.7,11410,0.256,0.744
3.2,17372,24.8125,15.33,-7.5,-11,0.2591,123.25,53.07,101.183,64.064,18.68,-2.33,-3.4,-3.1,0.9,6.97,-1.59,0.35,18.11,-8.25,-3.8,11410,0.183,0.801
3.3,17372,24.8125,15.33,-7.5,-11,0.2591,123.25,53.07,101.183,64.064,18.68,-2.33,-2.9,-2.8,0.8,6.83,-1.54,0.32,18.11,-8.31,-3.8,11410,0.362,0.612
3.4,17380,24.7812,15.33,-7.5,-11,0.25879,123.06,51.99,99.18,64.004,18.41,-2.65,-2.8,-2.4,0.4,6.85,-1.59,0.32,18.11,-8.36,-3.8,11409,0.191,0.92
3.5,17380,24.7812,15.33,-7.5,-11,0.25879,123.06,51.99,99.18,64.004,18.41,-2.65,-2.2,-0.8,-0.9,6.67,-1.52,0.32,18.11,-8.36,-3.8,11409,0.239,0.796
3.6,17389,24.7187,15.32,-7.5,-11,0.25873,123,51.33,97.152,63.91,18.17,-3.05,-2.3,-0.5,-0.9,6.5,-1.52,0.32,18.11,-8.31,-3.8,11409,0.446,0.747
3.7,17389,24.7187,15.32,-7.5,-11,0.25873,123,51.33,97.152,63.91,18.17,-3.05,-2.1,-0.9,-0.5,6.47,-1.65,0.32,18.11,-8.29,-3.8,11409,0.282,0.775
3.8,17400,24.6562,15.32,-7.75,-11,0.25823,122.81,50.99,95.218,63.784,18.01,-3.48,-1.6,-0.6,-0.3,6.47,-1.59,0.29,18.1,-8.32,-3.8,11407,0.562,0.693
3.9,17400,24.6562,15.32,-7.75,-11,0.25823,122.81,50.99,95.218,63.784,18.01,-3.48,-1.1,0,-0.7,6.43,-1.54,0.32,18.1,-8.32,-3.8,11407,0.277,0.781
4,17408,24.5625,15.31,-7.75,-11,0.25804,122.69,50.71,93.51,63.635,17.94,-3.95,-1.6,-1.3,-0.8,6.48,-1.42,0.29,18.11,-8.31,-3.8,11407,0.183,0.799
4.1,17408,24.5625,15.31,-7.75,-11,0.25804,122.69,50.71,93.51,63.635,17.94,-3.95,-1.6,-1.5,0.5,6.68,-1.45,0.32,18.11,-8.4,-3.8,11407,0.045,0.923
4.2,17415,24.4687,15.31,-7.75,-11.25,0.25742,122.37,50.57,92.06,63.476,17.94,-4.45,-1.3,-2.1,0.8,6.63,-1.47,0.32,18.11,-8.45,-3.8,11406,0.057,0.892
4.3,17415,24.4687,15.31,-7.75,-11.25,0.25742,122.37,50.57,92.06,63.476,17.94,-4.45,-1.5,-2.1,1,6.56,-1.47,0.32,18.1,-8.49,-3.8,11406,0.299,0.912
4.4,17423,24.375,15.3,-7.75,-11.25,0.25667,122,50.49,90.938,63.333,17.98,-4.93,-1.6,-2.2,0.5,6.73,-1.42,0.32,18.1,-8.51,-3.8,11405,0.375,0.788
4.5,17423,24.375,15.3,-7.75,-11.25,0.25667,122,50.49,90.938,63.333,17.98,-4.93,-1.5,-1.2,-0.3,6.87,-1.39,0.32,18.11,-8.49,-3.8,11405,-0.119,0.902
4.6,17430,24.2187,15.3,-7.75,-11.25,0.25635,121.87,50.49,90.044,63.184,18.06,-5.44,-0.4,-2,-0.2,6.96,-1.23,0.35,18.11,-8.5,-3.8,11402,0.259,0.92
4.7,17430,24.2187,15.3,-7.75,-11.25,0.25635,121.87,50.49,90.044,63.184,18.06,-5.44,1.8,0.3,-1.6,7.05,-1.37,0.35,18.11,-8.42,-3.8,11402,0.274,0.822
4.8,17439,24.1562,15.29,-7.75,-11.25,0.25554,121.44,50.42,89.291,63.041,18.14,-5.93,2.9,1.6,-3,7.13,-1.45,0.32,18.1,-8.02,-3.6,11400,-0.145,0.817
4.9,17439,24.1562,15.29,-7.75,-11.25,0.25554,121.44,50.42,89.291,63.041,18.14,-5.93,3.7,1,-3.6,7.14,-1.37,0.29,18.1,-7.92,-3.2,11400,0.433,0.739
5,17446,24,15.29,-7.75,-11.25,0.25517,121.25,50.42,88.638,62.909,18.24,-6.27,4.2,2,-3.4,7.33,-1.4,0.22,18.1,-7.89,-2.2,11397,0.092,0.892
5.1,17446,24,15.29,-7.75,-11.25,0.25517,121.25,50.42,88.638,62.909,18.24,-6.27,3.6,0.7,-1.4,7.41,-1.47,0.22,18.11,-7.89,-1.6,11397,0.34,1.011
5.2,17453,23.8437,15.28,-7.75,-11.25,0.25435,120.87,50.42,88.139,62.794,18.32,-6.43,2.6,-0.5,-2.2,7.39,-1.35,0.26,18.11,-7.89,-1.6,11396,0.342,0.757
5.3,17453,23.8437,15.28,-7.75,-11.25,0.25435,120.87,50.42,88.139,62.794,18.32,-6.43,2.6,0.9,-2.6,7.53,-1.35,0.22,18.11,-7.92,-1.5,11396,0.158,0.786
5.4,17460,23.75,15.28,-7.75,-11.25,0.25354,120.44,50.36,87.692,62.7,18.37,-6.46,1.7,2.4,-0.2,7.61,-1.52,0.22,18.1,-7.84,-1.5,11394,0.317,0.543
5.5,17460,23.75,15.28,-7.75,-11.25,0.25354,120.44,50.36,87.692,62.7,18.37,-6.46,-0.4,-1.8,0.5,7.56,-1.45,0.39,18.11,-8.01,-1.5,11394,0.476,0.964
5.6,17467,23.5937,15.27,-7.75,-11.25,0.2531,120.25,50.36,87.371,62.601,18.34,-6.37,-1.2,-5.2,0.4,7.61,-1.49,0.42,18.1,-8.83,-1.6,11392,0.39,0.806
5.7,17467,23.5937,15.27,-7.75,-11.25,0.2531,120.25,50.36,87.371,62.601,18.34,-6.37,-1.2,-7.4,0.7,7.68,-1.42,0.45,18.11,-10.21,-1.6,11392,0.085,0.799
5.8,17477,23.5312,15.27,-8,-11.25,0.25248,119.87,50.36,87.05,62.513,18.15,-6.21,-1.5,-8.6,1.6,7.65,-1.47,0.45,18.1,-10.91,-1.6,11389,0.103,0.972
5.9,17477,23.5312,15.27,-8,-11.25,0.25248,119.87,50.36,87.05,62.513,18.15,-6.21,-2,-8.9,0.8,7.54,-1.44,0.42,18.1,-10.97,-1.7,11389,0.44,0.975
6,17484,23.375,15.26,-8,-11.25,0.25204,119.69,50.36,86.837,62.436,17.82,-6.03,-1.7,-9.6,-0.9,7.45,-1.39,0.42,18.1,-11.11,-1.9,11388,0.433,0.946
6.1,17484,23.375,15.26,-8,-11.25,0.25204,119.69,50.36,86.837,62.436,17.82,-6.03,-2.2,-9.8,-1.7,7.45,-1.45,0.42,18.11,-11.42,-1.9,11388,0.098,0.788
6.2,17492,23.2187,15.26,-8,-11.25,0.25136,119.31,50.12,86.627,62.354,17.39,-5.89,-1.9,-9.1,-1.1,7.22,-1.42,0.42,18.1,-11.54,-2,11387,0.4,0.85
6.3,17492,23.2187,15.26,-8,-11.25,0.25136,119.31,50.12,86.627,62.354,17.39,-5.89,-1.9,-9.4,-0.8,6.96,-1.4,0.42,18.1,-11.62,-2,11387,0.352,0.711
6.4,17499,23.1562,15.25,-8,-11.25,0.25067,118.94,46.79,86.475,62.271,16.83,-5.77,-2.3,-9.4,-2.3,6.9,-1.39,0.42,18.11,-11.85,-2,11387,0.516,0.944
6.5,17499,23.1562,15.25,-8,-11.25,0.25067,118.94,46.79,86.475,62.271,16.83,-5.77,-2,-9.2,-2.2,6.59,-1.17,0.45,18.1,-12.15,-2.1,11387,-0.127,0.861
6.6,17506,23,15.25,-8,-11.25,0.25029,118.75,41.9,85.861,62.172,16.2,-5.73,-1.9,-9.1,-2.9,6.37,-1.25,0.45,18.1,-12.3,-2.1,11384,0.42,0.693
6.7,17506,23,15.25,-8,-11.25,0.25029,118.75,41.9,85.861,62.172,16.2,-5.73,-1.1,-8.4,-1.8,6.14,-1.25,0.42,18.1,-12.37,-2.1,11384,-0.024,0.698
6.8,17516,22.9375,15.24,-7.75,-11.25,0.24961,118.37,37.53,84.66,62.079,15.54,-5.73,-0.6,-9.2,-2.7,5.82,-1.23,0.42,18.1,-12.52,-2.1,11382,-0.245,0.706
6.9,17516,22.9375,15.24,-7.75,-11.25,0.24961,118.37,37.53,84.66,62.079,15.54,-5.73,1.1,-9.2,-3,5.5,-1.07,0.42,18.1,-12.79,-2.1,11382,0.738,2.03
7,17523,22.8125,15.24,-7.75,-11.25,0.24929,118.25,34.71,83.513,61.98,14.84,-5.75,1.7,-8.5,-2.7,4.99,-1.1,0.35,18.1,-12.99,-2.1,11380,0.105,0.561
7.1,17523,22.8125,15.24,-7.75,-11.25,0.24929,118.25,34.71,83.513,61.98,14.84,-5.75,4,-9.1,-2.6,5.19,-0.98,0.32,18.1,-13.15,-2,11380,-0.261,0.664
7.2,17532,22.6875,15.23,-7.75,-11,0.24861,117.87,32.97,82.429,61.881,14.2,-5.77,3.3,-8.9,-2.4,4.72,-0.92,0.26,18.1,-13.48,-1.5,11379,-0.2,0.669
7.3,17532,22.6875,15.23,-7.75,-11,0.24861,117.87,32.97,82.429,61.881,14.2,-5.77,3.9,-9.2,-2.7,4.37,-0.85,0.26,18.1,-13.81,-1.5,11379,-0.056,0.623
7.4,17541,22.625,15.23,-7.75,-11,0.24817,117.62,31.91,81.218,61.793,13.51,-5.83,3.6,-9.5,-2.8,4.32,-0.77,0.26,18.1,-14.15,-1.4,11379,0.365,0.954
7.5,17541,22.625,15.23,-7.75,-11,0.24817,117.62,31.91,81.218,61.793,13.51,-5.83,4.3,-9.5,-1.9,4.17,-0.73,0.26,18.1,-14.63,-1.4,11379,-0.316,0.512
7.6,17550,22.5312,15.22,-7.75,-11,0.24792,117.5,31.28,80.002,61.699,12.84,-5.89,5.1,-8.8,-2.6,3.74,-0.63,0.29,18.1,-14.93,-1.2,11379,0.541,0.566
7.7,17550,22.5312,15.22,-7.75,-11,0.24792,117.5,31.28,80.002,61.699,12.84,-5.89,5.5,-8.5,-3.7,3.67,-0.62,0.26,18.1,-15.02,-0.4,11379,0.234,0.602
7.8,17560,22.4687,15.22,-7.75,-11,0.24742,117.25,30.95,78.754,61.628,12.2,-5.79,4.8,-9.1,-4.1,3.62,-0.6,0.26,18.1,-15.28,0.7,11381,-0.218,0.584
7.9,17560,22.4687,15.22,-7.75,-11,0.24742,117.25,30.95,78.754,61.628,12.2,-5.79,4,-9.8,-3.3,3.29,-0.45,0.22,18.1,-15.51,0.8,11381,0.226,0.535
8,17567,22.375,15.21,-7.75,-11,0.24717,117.12,30.68,77.452,61.578,11.58,-5.56,3.3,-9.6,-2.5,3.15,-0.4,0.26,18.1,-15.92,0.8,11381,-0.039,0.822
8.1,17567,22.375,15.21,-7.75,-11,0.24717,117.12,30.68,77.452,61.578,11.58,-5.56,2.3,-9.5,-3.3,3.11,-0.35,0.22,18.1,-16.21,0.8,11381,0.062,0.744
8.2,17573,22.25,15.21,-7.75,-11,0.24654,116.81,30.52,76.101,61.551,11.04,-5.25,1.9,-10.6,-2.6,3,-0.32,0.19,18.1,-16.53,0.8,11382,0.274,0.737
8.3,17573,22.25,15.21,-7.75,-11,0.24654,116.81,30.52,76.101,61.551,11.04,-5.25,1.8,-11,-1.9,2.77,-0.32,0.19,18.1,-16.9,0.8,11382,0.055,0.708
8.4,17579,22.1562,15.2,-7.75,-11,0.24573,116.44,30.44,74.752,61.529,10.47,-4.85,2,-10.6,-1.7,2.85,-0.27,0.19,18.1,-16.91,0.8,11382,-0.109,0.721
8.5,17579,22.1562,15.2,-7.75,-11,0.24573,116.44,30.44,74.752,61.529,10.47,-4.85,1.7,-9.2,-1.7,2.82,-0.27,0.22,18.1,-16.86,0.8,11382,-0.2,0.61
8.6,17583,22,15.2,-7.75,-11,0.24523,116.19,30.44,73.367,61.507,9.95,-4.42,1.6,-8.5,-1.2,2.55,-0.22,0.26,18.1,-16.86,0.8,11384,0.095,0.747
8.7,17583,22,15.2,-7.75,-11,0.24523,116.19,30.44,73.367,61.507,9.95,-4.42,1.4,-8.2,-1.5,2.56,-0.25,0.26,18.1,-16.84,0.8,11384,0.138,0.548
8.8,17588,21.9375,15.2,-7.75,-11,0.24436,115.75,30.37,72.007,61.49,9.46,-3.95,1.7,-7.4,-1.6,2.73,-0.23,0.29,18.1,-16.84,0.8,11384,0.246,0.53
8.9,17588,21.9375,15.2,-7.75,-11,0.24436,115.75,30.37,72.007,61.49,9.46,-3.95,1,-6.5,-2.8,2.3,-0.18,0.26,18.1,-16.73,0.8,11384,0.017,0.574
9,17590,21.75,15.2,-7.75,-11,0.24392,115.56,30.37,70.698,61.485,9.03,-3.44,0,-4.9,-3.3,2.4,-0.22,0.29,18.1,-16.51,0.8,11384,-0.235,0.788
9.1,17590,21.75,15.2,-7.75,-11,0.24392,115.56,30.37,70.698,61.485,9.03,-3.44,-1.4,-2.3,-3.2,2.58,-0.13,0.22,18.1,-15.73,0.7,11384,0.463,0.682
9.2,17593,21.5937,15.19,-7.75,-10.75,0.24304,115.12,30.37,69.397,61.468,8.68,-3.03,-0.9,-1.7,-2.2,2.49,-0.02,0.22,18.1,-14.49,0.4,11384,0.246,0.543
9.3,17593,21.5937,15.19,-7.75,-10.75,0.24304,115.12,30.37,69.397,61.468,8.68,-3.03,-1.2,-3.2,-2.5,2.32,-0.08,0.22,18.1,-13.85,0.3,11384,-0.061,0.522
9.4,17595,21.5312,15.19,-7.75,-10.75,0.24217,114.69,30.37,68.187,61.463,8.38,-2.59,-1.1,-4.8,-2.8,2.7,-0.02,0.19,18.1,-14.11,0.2,11385,0.36,0.698
9.5,17595,21.5312,15.19,-7.75,-10.75,0.24217,114.69,30.37,68.187,61.463,8.38,-2.59,-1.9,-3.4,-2.6,2.67,-0.13,0.22,18.1,-14.14,0.2,11385,-0.102,0.362
9.6,17597,21.375,15.19,-7.75,-10.75,0.24167,114.5,30.37,67.011,61.452,8.13,-2.21,-2.3,-2.3,-1.9,2.53,-0.1,0.22,18.1,-13.9,-0.1,11385,-0.069,0.499
9.7,17597,21.375,15.19,-7.75,-10.75,0.24167,114.5,30.37,67.011,61.452,8.13,-2.21,-2.4,-2,-2.3,2.94,-0.05,0.26,18.1,-13.82,-0.6,11385,0.229,0.638
9.8,17598,21.2812,15.19,-7.5,-10.75,0.24086,114.06,30.37,65.882,61.452,7.92,-1.94,-1.7,-2.7,-3.5,3.06,0.02,0.22,18.1,-13.76,-0.7,11388,-0.074,0.473
9.9,17598,21.2812,15.19,-7.5,-10.75,0.24086,114.06,30.37,65.882,61.452,7.92,-1.94,-1.6,-2,-3.8,2.94,0.02,0.19,18.1,-13.78,-0.8,11388,0.12,0.457
10,17598,21.125,15.19,-7.5,-10.75,0.24042,113.87,30.37,64.837,61.457,7.71,-1.76,-1.5,-1.1,-3.2,3.15,0,0.09,18.1,-13.54,-0.8,11388,0.168,0.6
10.1,17598,21.125,15.19,-7.5,-10.75,0.24042,113.87,30.37,64.837,61.457,7.71,-1.76,-1.8,-0.2,-3.4,3.39,-0.03,0.13,18.1,-13.07,-0.8,11388,-0.14,0.814
10.2,17599,21,15.19,-7.5,-10.5,0.23967,113.5,30.37,63.823,61.463,7.54,-1.65,-2,0.2,-4.2,3.36,0,0.06,18.1,-12.2,-0.9,11390,-0.132,0.693
10.3,17599,21,15.19,-7.5,-10.5,0.23967,113.5,30.37,63.823,61.463,7.54,-1.65,-2.1,0.2,-2.8,3.43,0.03,0.06,18.1,-11.55,-1,11390,0.024,0.874
10.4,17599,20.9062,15.19,-7.5,-10.5,0.23886,113.12,30.37,62.823,61.485,7.37,-1.6,-1.4,0.5,-1.9,3.77,0.03,0.06,18.09,-11.48,-1,11385,-0.069,0.788
10.5,17599,20.9062,15.19,-7.5,-10.5,0.23886,113.12,30.37,62.823,61.485,7.37,-1.6,-0.4,1.9,-2.4,3.91,-0.03,0.13,18.1,-11.34,-1,11385,0.047,0.77
10.6,17598,20.7812,15.19,-7.5,-10.5,0.23848,112.94,30.37,61.889,61.507,7.2,-1.61,-0.8,1.2,-3.1,3.77,-0.03,0.13,18.1,-11.03,-1,11386,-0.039,0.6
10.7,17598,20.7812,15.19,-7.5,-10.5,0.23848,112.94,30.37,61.889,61.507,7.2,-1.61,-0.8,2.1,-2.9,4.11,0.07,0.09,18.1,-10.94,-1,11386,0.017,0.669
10.8,17597,20.7187,15.19,-7.25,-10.5,0.23779,112.56,30.37,61.001,61.545,7.03,-1.65,-0.8,2.4,-2.3,4.26,-0.05,0.13,18.09,-10.79,-1,11385,0.309,0.806
10.9,17597,20.7187,15.19,-7.25,-10.5,0.23779,112.56,30.37,61.001,61.545,7.03,-1.65,-0.4,2.8,-1.9,4.17,0.02,0.16,18.1,-10.68,-1,11385,0.009,0.801
11,17597,20.5937,15.19,-7.25,-10.5,0.23748,112.44,30.37,60.148,61.595,6.84,-1.71,0.1,3.9,-2.4,4.4,-0.08,0.19,18.09,-10.35,-1,11384,0.042,0.796
11.1,17597,20.5937,15.19,-7.25,-10.5,0.23748,112.44,30.37,60.148,61.595,6.84,-1.71,0,4.6,-2.6,4.58,0.02,0.19,18.09,-9.72,-1,11384,-0.145,1.062
11.2,17596,20.5,15.19,-7.25,-10.25,0.23686,112.12,30.37,59.319,61.639,6.67,-1.8,0.1,5.4,-1,4.54,-0.2,0.19,18.1,-9.18,-1,11382,-0.104,0.827
11.3,17596,20.5,15.19,-7.25,-10.25,0.23686,112.12,30.37,59.319,61.639,6.67,-1.8,0.7,6.1,-0.3,4.61,-0.18,0.16,18.1,-8.85,-1,11382,0.244,0.941
11.4,17595,20.4687,15.19,-7.25,-10.25,0.23648,111.87,30.37,58.539,61.694,6.51,-1.88,1.1,5.4,-1.1,4.84,-0.27,0.16,18.1,-8.71,-1,11380,-0.525,0.76
11.5,17595,20.4687,15.19,-7.25,-10.25,0.23648,111.87,30.37,58.539,61.694,6.51,-1.88,1.4,6.7,-1.4,4.96,-0.13,0.19,18.1,-8.5,-1,11380,-1.458,1.231
11.6,17595,20.375,15.19,-7.25,-10.25,0.23629,111.81,30.37,57.8,61.754,6.38,-1.86,0.7,7.1,-1.1,4.75,-0.25,0.16,18.1,-7.99,-1,11377,0.63,0.55
11.7,17595,20.375,15.19,-7.25,-10.25,0.23629,111.81,30.37,57.8,61.754,6.38,-1.86,1.1,7.2,-1.8,4.99,-0.25,0.22,18.1,-7.87,-1,11377,-0.049,0.77
11.8,17593,20.3437,15.19,-7,-10.25,0.23586,111.62,30.37,57.085,61.809,6.26,-1.97,1,6.8,-2.4,5.27,-0.42,0.22,18.1,-7.81,-1,11374,0.388,0.734
11.9,17593,20.3437,15.19,-7,-10.25,0.23586,111.62,30.37,57.085,61.809,6.26,-1.97,0.3,7,-3.1,5.28,-0.43,0.26,18.1,-7.8,-1,11374,0.115,0.711
12,17592,20.2812,15.2,-7,-10.25,0.23567,111.5,30.43,56.357,61.87,6.15,-1.93,0.3,7.1,-1.9,5.54,-0.5,0.26,18.09,-7.75,-1,11373,-0.036,0.628
12.1,17592,20.2812,15.2,-7,-10.25,0.23567,111.5,30.43,56.357,61.87,6.15,-1.93,0.7,7.3,-1.6,5.62,-0.65,0.26,18.09,-7.74,-1,11373,-0.15,0.729
12.2,17591,20.2187,15.2,-7,-10,0.23523,111.31,30.43,55.712,61.919,6.03,-1.93,0.2,7.9,-2.2,5.56,-0.73,0.22,18.09,-7.63,-1,11370,0.065,0.706
12.3,17591,20.2187,15.2,-7,-10,0.23523,111.31,30.43,55.712,61.919,6.03,-1.93,-0.5,8.4,-2.1,5.64,-0.72,0.22,18.1,-7.41,-1,11370,-0.129,0.861
12.4,17589,20.1875,15.2,-7,-10,0.23498,111.19,30.43,55.057,61.974,5.91,-1.83,-1.1,9,-0.8,5.93,-0.65,0.26,18.1,-7.12,-1,11368,0.203,0.781
12.5,17589,20.1875,15.2,-7,-10,0.23498,111.19,30.43,55.057,61.974,5.91,-1.83,-1.2,9.4,-0.3,6,-0.65,0.26,18.09,-6.89,-1,11368,0.07,1.031
12.6,17587,20.1562,15.2,-7,-9.75,0.23486,111.12,30.43,54.454,62.029,5.8,-1.72,-1.6,9.6,-0.4,5.94,-0.7,0.26,18.09,-6.56,-1,11365,-0.097,0.863
12.7,17587,20.1562,15.2,-7,-9.75,0.23486,111.12,30.43,54.454,62.029,5.8,-1.72,-1.2,9.5,-1.4,6.14,-0.68,0.26,18.09,-6.28,-1,11365,0.319,0.729
12.8,17585,20.125,15.2,-6.75,-9.75,0.23467,111,30.43,53.864,62.073,5.72,-1.59,-1,9.5,-0.3,6.27,-0.77,0.26,18.09,-6.24,-1,11362,0.168,0.786
12.9,17585,20.125,15.2,-6.75,-9.75,0.23467,111,30.43,53.864,62.073,5.72,-1.59,-0.8,9.6,0.2,6.28,-0.83,0.29,18.09,-6.22,-1,11362,0.188,0.698
13,17583,20.0937,15.2,-6.75,-9.75,0.23461,111,30.43,53.343,62.101,5.65,-1.45,-0.8,9.4,-1.4,6.39,-0.83,0.32,18.09,-6.2,-1,11359,0.292,0.721
13.1,17583,20.0937,15.2,-6.75,-9.75,0.23461,111,30.43,53.343,62.101,5.65,-1.45,-0.8,9.7,-1.9,6.51,-0.77,0.32,18.1,-6.15,-1,11359,0.208,0.695
13.2,17580,20.0625,15.2,-6.75,-9.75,0.23442,110.94,30.43,52.89,62.134,5.59,-1.26,-1.1,9.7,-1.8,6.67,-0.8,0.32,18.09,-6.1,-1,11359,0.12,0.936
13.3,17580,20.0625,15.2,-6.75,-9.75,0.23442,110.94,30.43,52.89,62.134,5.59,-1.26,-0.8,10,-1.7,6.68,-0.67,0.32,18.09,-6.02,-1,11359,-0.23,0.869
13.4,17577,20.0625,15.2,-6.75,-9.75,0.23417,110.81,30.43,52.488,62.156,5.52,-1.08,-1,10.9,-1.2,6.88,-0.77,0.32,18.09,-5.86,-1,11358,-0.134,0.822
13.5,17577,20.0625,15.2,-6.75,-9.75,0.23417,110.81,30.43,52.488,62.156,5.52,-1.08,-1.5,11.5,-2.2,6.88,-0.77,0.32,18.09,-5.31,-1,11358,0.224,0.925
13.6,17574,20,15.21,-6.75,-9.5,0.23404,110.75,30.43,52.108,62.189,5.51,-0.9,-2.4,12.6,0.5,6.9,-0.67,0.29,18.1,-4.48,-1,11356,0.125,0.775
13.7,17574,20,15.21,-6.75,-9.5,0.23404,110.75,30.43,52.108,62.189,5.51,-0.9,-3.5,14.2,7,7.05,-0.57,0.49,18.09,-3.59,-1.4,11356,0.388,0.765
13.8,17569,20,15.21,-6.75,-9.5,0.23379,110.62,30.43,51.801,62.216,5.61,-0.81,-3.4,14.9,3,7.11,-0.75,0.85,18.09,-2.97,-2.5,11354,0.302,0.866
13.9,17569,20,15.21,-6.75,-9.5,0.23379,110.62,30.43,51.801,62.216,5.61,-0.81,-0.5,15.6,-4.9,7.22,-0.58,0.52,18.09,-2.82,-2.7,11354,0.317,0.788
14,17565,19.9375,15.21,-6.75,-9.5,0.23367,110.62,30.43,51.498,62.227,5.82,-0.81,1.6,17.6,-8.2,7.34,-0.5,-0.23,18.09,-2.2,-2.6,11354,0.103,0.633
14.1,17565,19.9375,15.21,-6.75,-9.5,0.23367,110.62,30.43,51.498,62.227,5.82,-0.81,2.9,15.4,-6.7,7.47,-0.65,-0.56,18.09,-1.06,-1.7,11354,-0.071,0.881
14.2,17561,19.9062,15.21,-6.75,-9.5,0.23342,110.5,30.43,51.243,62.233,6.17,-0.74,3.3,13.9,-5,7.65,-0.58,-0.5,18.09,-1.45,0.3,11354,-0.187,0.874
14.3,17561,19.9062,15.21,-6.75,-9.5,0.23342,110.5,30.43,51.243,62.233,6.17,-0.74,0,14.5,-7.2,7.9,-0.62,-0.46,18.09,-1.61,1,11354,-0.256,0.925
14.4,17557,19.875,15.22,-6.5,-9.5,0.23304,110.31,30.43,51.014,62.244,6.61,-0.51,-2.8,15.5,-7.8,8.09,-0.42,-0.5,18.09,-1.34,0.8,11354,-0.127,0.786
14.5,17557,19.875,15.22,-6.5,-9.5,0.23304,110.31,30.43,51.014,62.244,6.61,-0.51,-3.3,15.5,-6.4,8.29,-0.33,-0.5,18.09,-1.22,-0.3,11354,0.057,0.861
14.6,17553,19.8437,15.22,-6.5,-9.25,0.23292,110.25,30.43,50.812,62.233,7.08,-0.35,-3.4,14.9,-7.4,8.5,-0.23,-0.5,18.09,-1.25,-1.5,11354,0.148,0.742
14.7,17553,19.8437,15.22,-6.5,-9.25,0.23292,110.25,30.43,50.812,62.233,7.08,-0.35,-3.5,13.9,-5.2,8.82,-0.23,-0.5,18.09,-1.25,-1.8,11354,0.15,0.951
14.8,17548,19.8125,15.22,-6.25,-9.25,0.23261,110.12,30.43,50.599,62.216,7.54,-0.31,-2.6,11.7,-1.2,8.91,-0.25,-0.27,18.09,-1.52,-1.8,11353,0.332,1.018
14.9,17548,19.8125,15.22,-6.25,-9.25,0.23261,110.12,30.43,50.599,62.216,7.54,-0.31,-0.8,11.7,-1.8,9.27,-0.22,-0.27,18.09,-1.87,-1.8,11353,0.158,0.892
15,17544,19.75,15.23,-6.25,-9.25,0.23242,110.06,30.43,50.428,62.194,7.9,-0.35,1.1,12.9,-2.6,9.48,-0.1,-0.27,18.09,-1.7,-1.8,11350,0.471,0.982
15.1,17544,19.75,15.23,-6.25,-9.25,0.23242,110.06,30.43,50.428,62.194,7.9,-0.35,2.5,11.6,-3.3,9.7,-0.12,-0.3,18.09,-1.62,-1.6,11350,0.44,0.987
15.2,17541,19.7187,15.23,-6.25,-9,0.23211,109.94,30.43,50.282,62.178,8.22,-0.49,2.1,10.7,-3.8,9.86,-0.25,-0.27,18.09,-1.73,-0.9,11350,0.43,0.881
15.3,17541,19.7187,15.23,-6.25,-9,0.23211,109.94,30.43,50.282,62.178,8.22,-0.49,3.2,11.6,-2.9,10.01,-0.05,-0.23,18.09,-1.77,0.4,11350,0.529,0.949
15.4,17537,19.6875,15.23,-6,-9,0.23192,109.81,30.43,50.141,62.178,8.45,-0.58,1.3,12.9,-1.9,10.15,-0.12,-0.23,18.09,-1.77,0.9,11350,0.597,0.998
15.5,17537,19.6875,15.23,-6,-9,0.23192,109.81,30.43,50.141,62.178,8.45,-0.58,-2,13.9,-3,10.2,-0.08,-0.23,18.09,-1.62,0.8,11350,0.279,1
15.6,17534,19.6562,15.23,-6,-8.75,0.23179,109.75,30.43,50.026,62.189,8.61,-0.62,-2.9,14.6,-3.8,10.3,0.08,-0.23,18.1,-1.28,0.6,11348,0.466,1.057
15.7,17534,19.6562,15.23,-6,-8.75,0.23179,109.75,30.43,50.026,62.189,8.61,-0.62,-3.5,14.2,-4.3,10.37,0.08,-0.27,18.1,-1.11,-0.3,11348,0.229,0.933
15.8,17529,19.625,15.23,-5.75,-8.75,0.23148,109.62,30.43,49.913,62.205,8.7,-0.83,-3.2,13.1,-4.4,10.42,0.07,-0.27,18.09,-1.21,-2.1,11348,0.264,1.114
15.9,17529,19.625,15.23,-5.75,-8.75,0.23148,109.62,30.43,49.913,62.205,8.7,-0.83,0.3,13.4,-5.2,10.39,-0.03,-0.27,18.09,-1.25,-2.3,11348,0.135,1.003
16,17526,19.5625,15.24,-5.75,-8.75,0.23129,109.56,30.43,49.829,62.227,8.74,-1.09,2.3,10.8,-3.9,10.37,0.08,-0.27,18.09,-1.29,-2.3,11348,0.211,0.993
16.1,17526,19.5625,15.24,-5.75,-8.75,0.23129,109.56,30.43,49.829,62.227,8.74,-1.09,3.6,10.7,-1.2,10.4,0.05,-0.27,18.09,-1.65,-0.9,11348,0.289,1.034
16.2,17522,19.5312,15.24,-5.75,-8.5,0.23098,109.44,30.43,49.728,62.266,8.71,-1.33,3.6,11.8,-2.4,10.3,-0.08,-0.23,18.1,-1.73,1.1,11351,0.239,1.021
16.3,17522,19.5312,15.24,-5.75,-8.5,0.23098,109.44,30.43,49.728,62.266,8.71,-1.33,2.9,12.5,-4,10.33,-0.2,-0.2,18.1,-1.58,1.3,11351,0.221,0.982
16.4,17519,19.5,15.24,-5.5,-8.5,0.23067,109.31,30.43,49.658,62.332,8.65,-1.42,3.2,14,-3.2,10.22,-0.07,-0.2,18.09,-1.42,1.4,11351,0.229,1.062
16.5,17519,19.5,15.24,-5.5,-8.5,0.23067,109.31,30.43,49.658,62.332,8.65,-1.42,2.3,16.2,-2.3,10.19,0.05,-0.2,18.1,-0.83,1.4,11351,-0.074,1.031
16.6,17516,19.4687,15.24,-5.5,-8.25,0.23054,109.25,30.43,49.574,62.409,8.61,-1.37,2.5,17.4,-2,10.11,-0.15,-0.2,18.1,-0.1,1.4,11351,0.183,0.99
16.7,17516,19.4687,15.24,-5.5,-8.25,0.23054,109.25,30.43,49.574,62.409,8.61,-1.37,3.1,16.7,-2.5,10.09,-0.22,-0.2,18.09,0.22,1.4,11351,-0.167,1.047
16.8,17511,19.4375,15.25,-5.25,-8.25,0.23017,109.06,30.43,49.518,62.497,8.61,-1.24,2.4,15.2,-2.9,10.03,-0.1,-0.2,18.1,0.12,1.4,11351,0.07,1.016
16.9,17511,19.4375,15.25,-5.25,-8.25,0.23017,109.06,30.43,49.518,62.497,8.61,-1.24,0.1,14.4,-2.2,9.95,-0.27,-0.2,18.09,-0.2,1.4,11351,0.019,0.985
17,17508,19.375,15.25,-5.25,-8.25,0.22998,109,30.43,49.455,62.585,8.65,-1.03,0.8,14.8,-2.4,10,-0.23,-0.2,18.09,-0.39,1.4,11354,0.196,1.037
17.1,17508,19.375,15.25,-5.25,-8.25,0.22998,109,30.43,49.455,62.585,8.65,-1.03,0.8,15.4,-4.3,10.08,-0.22,-0.2,18.1,-0.26,1.4,11354,0.017,0.881
17.2,17505,19.3125,15.25,-5.25,-8,0.22961,108.81,30.43,49.406,62.662,8.71,-0.75,0,17.2,-4.5,9.98,-0.22,-0.2,18.09,-0.16,1.4,11357,0.085,0.964
17.3,17505,19.3125,15.25,-5.25,-8,0.22961,108.81,30.43,49.406,62.662,8.71,-0.75,-1.3,17.2,-3.8,9.97,-0.42,-0.2,18.09,0.06,1.4,11357,-0.069,0.949
17.4,17502,19.2812,15.25,-5,-8,0.22936,108.69,30.43,49.376,62.744,8.82,-0.42,-1.9,15.4,-2.6,10.06,-0.42,-0.17,18.1,-0.01,1.4,11359,0.148,0.99
17.5,17502,19.2812,15.25,-5,-8,0.22936,108.69,30.43,49.376,62.744,8.82,-0.42,-2.3,13.7,-3.2,10.19,-0.25,-0.17,18.1,-0.2,1.3,11359,0.04,0.972
17.6,17499,19.25,15.25,-5,-7.75,0.22917,108.62,30.43,49.331,62.821,8.93,-0.1,-2.9,13.3,-4,10.11,-0.2,-0.17,18.1,-0.38,0.7,11361,0.034,1.044
17.7,17499,19.25,15.25,-5,-7.75,0.22917,108.62,30.43,49.331,62.821,8.93,-0.1,-2.8,13.5,-3.9,10.19,-0.23,-0.17,18.09,-0.45,0.1,11361,0.029,1.003
17.8,17494,19.2187,15.26,-4.75,-7.75,0.22892,108.5,30.43,49.3,62.882,9.05,0.13,-0.6,13.5,-2.4,10.28,-0.25,-0.17,18.1,-0.47,0.1,11364,0.153,0.944
17.9,17494,19.2187,15.26,-4.75,-7.75,0.22892,108.5,30.43,49.3,62.882,9.05,0.13,0.7,12,-2.2,10.25,-0.22,-0.2,18.1,-0.5,0.1,11364,0.138,1.018
18,17491,19.1562,15.26,-4.75,-7.75,0.22867,108.37,30.43,49.27,62.937,9.15,0.29,0.4,11.8,-2.9,10.19,-0.3,-0.2,18.1,-0.86,0.1,11365,0.156,1.039
18.1,17491,19.1562,15.26,-4.75,-7.75,0.22867,108.37,30.43,49.27,62.937,9.15,0.29,0.2,12.6,-3.7,10.37,-0.1,-0.2,18.1,-1.03,0.1,11365,0.352,1.091
18.2,17488,19.0937,15.26,-4.75,-7.5,0.22823,108.25,30.43,49.244,62.981,9.22,0.42,0,13.8,-3.8,10.4,-0.03,-0.2,18.1,-0.93,0.1,11365,0.42,0.985
18.3,17488,19.0937,15.26,-4.75,-7.5,0.22823,108.25,30.43,49.244,62.981,9.22,0.42,-0.6,14.3,-3.9,10.44,-0.07,-0.2,18.1,-0.79,0.1,11365,0.277,0.897
18.4,17485,19.0625,15.26,-4.5,-7.5,0.22798,108.12,30.43,49.225,63.025,9.29,0.47,-0.9,13.7,-4.5,10.44,0.07,-0.23,18.1,-0.77,0.1,11367,0.289,1
18.5,17485,19.0625,15.26,-4.5,-7.5,0.22798,108.12,30.43,49.225,63.025,9.29,0.47,-2.6,13.4,-4.7,10.47,0.07,-0.2,18.1,-0.77,0.1,11367,0.319,0.977
18.6,17482,19.0312,15.26,-4.5,-7.25,0.22786,108,30.43,49.213,63.074,9.35,0.47,-3.3,14,-4.6,10.36,0.02,-0.2,18.1,-0.8,0,11367,0.166,0.812
18.7,17482,19.0312,15.26,-4.5,-7.25,0.22786,108,30.43,49.213,63.074,9.35,0.47,-2.1,14.5,-5.2,10.47,-0.05,-0.2,18.1,-0.8,-0.1,11367,0.198,1.006
18.8,17478,19,15.27,-4.25,-7.25,0.22742,107.87,30.43,49.19,63.129,9.4,0.43,-0.8,15.4,-5.8,10.5,0.08,-0.27,18.1,-0.66,-0.1,11367,0.181,1.029
18.9,17478,19,15.27,-4.25,-7.25,0.22742,107.87,30.43,49.19,63.129,9.4,0.43,-0.8,15.6,-5.2,10.51,0.23,-0.27,18.09,-0.48,-0.1,11367,0.1,0.801
19,17475,18.9375,15.27,-4.25,-7.25,0.22723,107.75,30.43,49.187,63.19,9.48,0.32,-0.9,15.2,-4.1,10.53,0.15,-0.27,18.1,-0.48,-0.1,11367,0.423,1.024
19.1,17475,18.9375,15.27,-4.25,-7.25,0.22723,107.75,30.43,49.187,63.19,9.48,0.32,-0.8,15.5,-3.1,10.4,0.21,-0.27,18.1,-0.45,-0.1,11367,0.607,1.068
19.2,17472,18.875,15.27,-4.25,-7,0.22686,107.62,30.43,49.16,63.25,9.56,0.21,-0.8,14.1,-3.6,10.5,0.11,-0.27,18.1,-0.51,-0.1,11367,0.42,0.946
19.3,17472,18.875,15.27,-4.25,-7,0.22686,107.62,30.43,49.16,63.25,9.56,0.21,0.3,13.3,-4.1,10.53,0.08,-0.27,18.1,-0.58,-0.1,11367,0.168,0.861
19.4,17470,18.8437,15.27,-4,-7,0.22648,107.37,30.43,49.152,63.322,9.65,0.09,1.8,14.4,-3.5,10.58,0,-0.27,18.1,-0.64,-0.1,11367,0.277,0.848
19.5,17470,18.8437,15.27,-4,-7,0.22648,107.37,30.43,49.152,63.322,9.65,0.09,3.3,15.4,-3.6,10.62,-0.05,-0.27,18.1,-0.55,0.2,11367,0.103,0.949
19.6,17467,18.7812,15.27,-4,-6.75,0.22629,107.31,30.43,49.141,63.415,9.74,-0.03,2.8,16,-4.4,10.62,-0.13,-0.23,18.1,-0.51,0.6,11367,0.176,0.977
19.7,17467,18.7812,15.27,-4,-6.75,0.22629,107.31,30.43,49.141,63.415,9.74,-0.03,1.5,16.1,-4.2,10.64,-0.07,-0.23,18.1,-0.38,0.7,11367,-0.018,0.964
19.8,17463,18.75,15.28,-4,-6.75,0.22592,107.19,30.43,49.138,63.509,9.85,-0.05,-0.8,14.8,-3.7,10.7,-0.08,-0.23,18.1,-0.36,0.7,11368,0.148,0.853
19.9,17463,18.75,15.28,-4,-6.75,0.22592,107.19,30.43,49.138,63.509,9.85,-0.05,-1.5,13.5,-3.1,10.67,-0.3,-0.2,18.1,-0.48,0.7,11368,-0.013,0.936
20,17461,18.6875,15.28,-4,-6.75,0.22579,107.12,30.43,49.131,63.608,9.97,-0.03,-2.3,13.1,-3.4,10.81,-0.13,-0.23,18.11,-0.67,0.5,11370,0.022,1.016
20.1,17461,18.6875,15.28,-4,-6.75,0.22579,107.12,30.43,49.131,63.608,9.97,-0.03,-1.5,14.3,-3.6,10.8,-0.25,-0.27,18.1,-0.69,0.5,11370,0.11,1.016
20.2,17458,18.625,15.28,-4,-6.5,0.22523,106.87,30.43,49.122,63.712,10.1,0.02,-1.1,16.1,-2.4,10.86,-0.07,-0.27,18.1,-0.44,0.5,11372,0.249,1.037
20.3,17458,18.625,15.28,-4,-6.5,0.22523,106.87,30.43,49.122,63.712,10.1,0.02,-0.8,16.3,-1,10.78,-0.22,-0.27,18.1,-0.12,0.5,11372,0.014,1.037
20.4,17455,18.5937,15.28,-3.75,-6.5,0.22486,106.69,30.43,49.115,63.817,10.26,0.1,-1.1,14.7,-0.8,10.89,-0.22,-0.27,18.1,-0.1,0.5,11373,0.11,0.985
20.5,17455,18.5937,15.28,-3.75,-6.5,0.22486,106.69,30.43,49.115,63.817,10.26,0.1,-1.2,14.5,-1.6,10.97,-0.18,-0.23,18.1,-0.2,0.5,11373,-0.076,1.044
20.6,17453,18.5,15.28,-3.75,-6.25,0.22461,106.56,30.43,49.112,63.921,10.41,0.21,-2.3,14.9,-1.9,11,-0.28,-0.27,18.1,-0.2,0.5,11376,0.032,0.964
20.7,17453,18.5,15.28,-3.75,-6.25,0.22461,106.56,30.43,49.112,63.921,10.41,0.21,-3.4,14.5,-2.5,11.05,-0.37,-0.2,18.1,-0.17,0.1,11376,0.145,0.962
20.8,17449,18.4687,15.28,-3.5,-6.25,0.22417,106.37,30.43,49.103,64.02,10.58,0.28,-2.9,15,-2.6,11.11,-0.4,-0.2,18.11,-0.17,-0.9,11376,0.143,1.052
20.9,17449,18.4687,15.28,-3.5,-6.25,0.22417,106.37,30.43,49.103,64.02,10.58,0.28,-1.5,14.4,-3.5,11.2,-0.33,-0.2,18.1,-0.2,-1.3,11376,0.266,0.892
21,17446,18.375,15.29,-3.5,-6.25,0.22386,106.25,30.43,49.096,64.092,10.75,0.29,-1.4,13.7,-3,11.3,-0.27,-0.2,18.1,-0.34,-1.3,11376,0.279,0.887
21.1,17446,18.375,15.29,-3.5,-6.25,0.22386,106.25,30.43,49.096,64.092,10.75,0.29,-0.2,12.6,-2.9,11.33,-0.28,-0.2,18.1,-0.57,-1.3,11376,0.098,1.037
21.2,17443,18.3125,15.29,-3.5,-6,0.22342,106,30.43,49.096,64.169,10.88,0.21,1.4,12.2,-3.5,11.39,-0.3,-0.2,18.1,-0.89,-1.3,11378,0.261,0.998
21.3,17443,18.3125,15.29,-3.5,-6,0.22342,106,30.43,49.096,64.169,10.88,0.21,1.1,12.1,-3.7,11.45,-0.48,-0.2,18.1,-0.9,-1.3,11378,0.216,0.962
21.4,17441,18.2812,15.29,-3.25,-6,0.22286,105.75,30.43,49.086,64.246,10.98,0.13,1.4,13.2,-2.8,11.42,-0.47,-0.23,18.1,-0.87,-1.3,11378,0.231,0.941
21.5,17441,18.2812,15.29,-3.25,-6,0.22286,105.75,30.43,49.086,64.246,10.98,0.13,2.9,13.6,-1.1,11.47,-0.28,-0.23,18.1,-0.82,-0.9,11378,0.322,0.956
21.6,17438,18.1875,15.29,-3.25,-6,0.22254,105.62,30.43,49.074,64.317,11.05,0.09,3.4,13.5,-0.7,11.47,-0.3,-0.23,18.11,-0.69,0.1,11378,0.357,1.047
21.7,17438,18.1875,15.29,-3.25,-6,0.22254,105.62,30.43,49.074,64.317,11.05,0.09,1,13.3,-2.3,11.48,-0.5,-0.2,18.11,-0.67,0.2,11378,0.297,1.081
21.8,17434,18.1562,15.29,-3,-6,0.22211,105.44,30.43,49.077,64.394,11.08,0.09,-3,13.6,-3,11.45,-0.42,-0.17,18.11,-0.66,0.1,11378,0.377,1.026
21.9,17434,18.1562,15.29,-3,-6,0.22211,105.44,30.43,49.077,64.394,11.08,0.09,-3,13.5,-3.3,11.44,-0.43,-0.17,18.1,-0.67,-0.6,11378,0.322,0.959
22,17432,18.0625,15.3,-3,-6,0.22186,105.31,30.43,49.077,64.455,11.1,0.06,-2.6,13.6,-3.8,11.44,-0.55,-0.17,18.1,-0.69,-1.5,11378,0.473,0.889
22.1,17432,18.0625,15.3,-3,-6,0.22186,105.31,30.43,49.077,64.455,11.1,0.06,-1.9,13.5,-3.9,11.52,-0.57,-0.2,18.1,-0.69,-1.6,11378,0.466,1.042
22.2,17430,18,15.3,-3,-5.75,0.22148,105.12,30.43,49.077,64.51,11.11,-0.03,-0.9,13.2,-2.7,11.52,-0.33,-0.2,18.1,-0.74,-1.6,11378,0.468,0.967
22.3,17430,18,15.3,-3,-5.75,0.22148,105.12,30.43,49.077,64.51,11.11,-0.03,0,12.4,-2,11.47,-0.58,-0.2,18.1,-0.82,-1.6,11378,0.372,0.98
22.4,17428,17.9687,15.3,-3,-5.75,0.22098,104.87,30.43,49.077,64.565,11.08,-0.17,0.5,12.4,-2,11.47,-0.42,-0.23,18.1,-0.95,-1.6,11378,0.362,1
22.5,17428,17.9687,15.3,-3,-5.75,0.22098,104.87,30.43,49.077,64.565,11.08,-0.17,2.3,13.7,-3.6,11.39,-0.38,-0.2,18.11,-0.86,-1.6,11378,0.398,0.959
22.6,17426,17.9062,15.3,-3,-5.5,0.22079,104.81,30.43,49.074,64.614,11.04,-0.31,2.4,13.5,-3.1,11.34,-0.6,-0.2,18.11,-0.77,-1.2,11378,0.294,0.936
22.7,17426,17.9062,15.3,-3,-5.5,0.22079,104.81,30.43,49.074,64.614,11.04,-0.31,2.6,14.1,-1.4,11.44,-0.6,-0.23,18.11,-0.77,-1,11378,0.163,0.938
22.8,17423,17.875,15.3,-2.75,-5.5,0.22036,104.62,30.43,49.07,64.664,11,-0.43,2.9,14.9,-1.8,11.28,-0.52,-0.23,18.11,-0.69,-1,11378,0.428,0.933
22.9,17423,17.875,15.3,-2.75,-5.5,0.22036,104.62,30.43,49.07,64.664,11,-0.43,2.6,15.5,-3.1,11.22,-0.55,-0.2,18.11,-0.36,-0.9,11378,0.145,0.881
23,17421,17.8125,15.3,-2.75,-5.5,0.22017,104.5,30.43,49.077,64.713,10.98,-0.53,2.9,16.2,-3.2,11.42,-0.68,-0.2,18.11,-0.09,-0.8,11379,0.156,1.075
23.1,17421,17.8125,15.3,-2.75,-5.5,0.22017,104.5,30.43,49.077,64.713,10.98,-0.53,3.2,16.6,-2.2,11.22,-0.62,-0.2,18.1,0.1,-0.4,11379,0.244,0.954
23.2,17419,17.7187,15.3,-2.75,-5.25,0.21973,104.31,30.43,49.074,64.768,10.99,-0.56,2.2,16.4,-1.4,11.17,-0.63,-0.2,18.1,0.12,-0.2,11379,0.188,0.964
23.3,17419,17.7187,15.3,-2.75,-5.25,0.21973,104.31,30.43,49.074,64.768,10.99,-0.56,1.4,15.4,-1.9,11.23,-0.6,-0.2,18.11,0.12,-0.2,11379,0.191,1.018
23.4,17417,17.6875,15.3,-2.5,-5.25,0.2193,104.12,30.43,49.077,64.823,11.04,-0.55,0.3,14.4,-1.4,11.33,-0.5,-0.17,18.1,0.03,-0.2,11381,0.282,0.887
23.5,17417,17.6875,15.3,-2.5,-5.25,0.2193,104.12,30.43,49.077,64.823,11.04,-0.55,0.3,14.2,-0.2,11.31,-0.52,-0.2,18.1,-0.15,-0.2,11381,-0.076,0.876
23.6,17415,17.625,15.31,-2.5,-5,0.21911,104,30.43,49.067,64.873,11.09,-0.53,0.7,13.5,-0.1,11.33,-0.58,-0.2,18.11,-0.29,-0.2,11384,0.183,0.881
23.7,17415,17.625,15.31,-2.5,-5,0.21911,104,30.43,49.067,64.873,11.09,-0.53,0.4,13.8,-1,11.39,-0.55,-0.17,18.11,-0.32,-0.2,11384,0.087,1.068
23.8,17412,17.5937,15.31,-2.25,-5,0.21867,103.81,30.43,49.077,64.922,11.13,-0.5,0.1,14.3,-0.3,11.33,-0.48,-0.17,18.11,-0.32,-0.2,11385,-0.192,0.889
23.9,17412,17.5937,15.31,-2.25,-5,0.21867,103.81,30.43,49.077,64.922,11.13,-0.5,0.1,14.3,0.1,11.36,-0.7,-0.2,18.11,-0.31,-0.2,11385,0.08,0.827
24,17409,17.5312,15.31,-2.25,-5,0.21842,103.69,30.43,49.081,64.966,11.18,-0.44,0.1,14.6,-2,11.48,-0.52,-0.17,18.11,-0.32,-0.2,11386,-0.137,0.928
24.1,17409,17.5312,15.31,-2.25,-5,0.21842,103.69,30.43,49.081,64.966,11.18,-0.44,0.7,16.1,-6.3,11.53,-0.58,-0.17,18.11,-0.12,-0.2,11386,-0.011,0.897
24.2,17407,17.4375,15.31,-2.25,-4.75,0.21798,103.5,30.43,49.07,65.01,11.24,-0.38,0.5,16,-5.6,11.42,-0.6,-0.2,18.11,0.09,-0.2,11388,0.06,0.964
24.3,17407,17.4375,15.31,-2.25,-4.75,0.21798,103.5,30.43,49.07,65.01,11.24,-0.38,1.3,17.3,-3.1,11.48,-0.48,-0.23,18.11,0.19,-0.2,11388,0.012,0.889
24.4,17405,17.4062,15.31,-2.25,-4.75,0.21748,103.31,30.43,49.067,65.06,11.33,-0.33,1.6,18.1,-1.1,11.56,-0.55,-0.2,18.11,0.5,-0.2,11388,0.027,1.006
24.5,17405,17.4062,15.31,-2.25,-4.75,0.21748,103.31,30.43,49.067,65.06,11.33,-0.33,1.1,17.3,0.2,11.58,-0.55,-0.14,18.1,0.69,-0.2,11388,-0.104,1.006
24.6,17402,17.3437,15.31,-2.25,-4.75,0.21723,103.19,30.43,49.074,65.109,11.43,-0.3,0.3,15,-0.2,11.66,-0.52,-0.14,18.11,0.55,-0.2,11388,0.289,0.912
24.7,17402,17.3437,15.31,-2.25,-4.75,0.21723,103.19,30.43,49.074,65.109,11.43,-0.3,-0.5,13.6,-0.4,11.69,-0.3,-0.14,18.1,-0.01,-0.2,11388,0.143,0.964
24.8,17399,17.2812,15.32,-2,-4.75,0.2168,102.94,30.43,49.067,65.148,11.51,-0.25,-1.7,12.7,-1.1,11.7,-0.43,-0.14,18.11,-0.48,-0.2,11388,0.087,1.073
24.9,17399,17.2812,15.32,-2,-4.75,0.2168,102.94,30.43,49.067,65.148,11.51,-0.25,-2.9,13.4,-1.1,11.75,-0.38,-0.14,18.1,-0.5,-0.3,11388,0.148,0.912
25,17397,17.2187,15.32,-2,-4.75,0.21655,102.81,30.43,49.067,65.197,11.58,-0.24,-2.1,15.4,-0.8,11.8,-0.33,-0.17,18.11,-0.17,-0.6,11388,0.145,0.912
25.1,17397,17.2187,15.32,-2,-4.75,0.21655,102.81,30.43,49.067,65.197,11.58,-0.24,-1.1,16.1,-0.9,11.81,-0.42,-0.1,18.1,0.22,-0.6,11388,0.249,1.07
25.2,17395,17.1562,15.32,-2,-4.5,0.21598,102.62,30.43,49.067,65.241,11.65,-0.25,-0.1,15.7,-1,11.8,-0.38,-0.1,18.1,0.27,-0.6,11388,0.272,0.9
25.3,17395,17.1562,15.32,-2,-4.5,0.21598,102.62,30.43,49.067,65.241,11.65,-0.25,-1.1,15.6,-0.8,11.88,-0.43,-0.1,18.11,0.25,-0.7,11388,0.352,0.786
25.4,17393,17.125,15.32,-1.75,-4.5,0.21561,102.37,30.43,49.074,65.291,11.74,-0.26,-1.1,15.4,-0.2,11.94,-0.3,-0.1,18.11,0.24,-0.7,11388,0.299,0.902
25.5,17393,17.125,15.32,-1.75,-4.5,0.21561,102.37,30.43,49.074,65.291,11.74,-0.26,-1,15.4,1.9,11.94,-0.27,-0.07,18.11,0.22,-0.7,11388,0.592,1.016
25.6,17391,17.0312,15.32,-1.75,-4.25,0.21542,102.31,30.43,49.07,65.351,11.82,-0.31,-0.7,15.5,1,11.99,-0.37,-0.07,18.11,0.18,-0.7,11388,0.486,0.848
25.7,17391,17.0312,15.32,-1.75,-4.25,0.21542,102.31,30.43,49.07,65.351,11.82,-0.31,-0.4,16.4,1.4,12.07,-0.22,-0.07,18.11,0.27,-0.6,11388,0.375,0.925
25.8,17388,17,15.32,-1.75,-4.25,0.21498,102.12,30.43,49.07,65.406,11.9,-0.34,-0.8,17.2,2.4,12.02,-0.3,-0.04,18.11,0.4,-0.7,11389,0.604,0.928
25.9,17388,17,15.32,-1.75,-4.25,0.21498,102.12,30.43,49.07,65.406,11.9,-0.34,0,16.5,2.8,12.14,-0.53,-0.04,18.11,0.53,-0.6,11389,0.486,0.923
26,17386,16.9375,15.32,-1.75,-4.25,0.2148,102,30.43,49.074,65.478,12.01,-0.4,0.2,15,2.1,12.22,-0.52,-0.04,18.11,0.43,-0.6,11389,0.662,0.778
26.1,17386,16.9375,15.32,-1.75,-4.25,0.2148,102,30.43,49.074,65.478,12.01,-0.4,0.1,13.8,1.7,12.24,-0.47,-0.01,18.11,0.16,-0.6,11389,0.42,0.907
26.2,17384,16.875,15.33,-1.75,-4,0.2143,101.81,30.43,49.07,65.555,12.11,-0.43,-0.3,13.7,1.3,12.21,-0.45,0.09,18.11,0.02,-0.6,11391,0.324,0.975
26.3,17384,16.875,15.33,-1.75,-4,0.2143,101.81,30.43,49.07,65.555,12.11,-0.43,-0.1,14.4,1.3,12.35,-0.48,0.06,18.11,0,-0.7,11391,0.259,1
26.4,17381,16.8437,15.33,-1.5,-4,0.21386,101.56,30.43,49.07,65.637,12.18,-0.44,-0.4,15.2,0.6,12.41,-0.38,0.06,18.11,0,-0.6,11393,0.365,0.814
26.5,17381,16.8437,15.33,-1.5,-4,0.21386,101.56,30.43,49.07,65.637,12.18,-0.44,-0.8,14.8,1.2,12.43,-0.47,0.09,18.11,0.04,-0.7,11393,0.181,0.907
26.6,17379,16.75,15.33,-1.5,-4,0.21361,101.5,30.43,49.081,65.725,12.25,-0.48,-1,14.1,3.7,12.43,-0.53,0.29,18.11,0.06,-0.7,11394,0.045,0.936
26.7,17379,16.75,15.33,-1.5,-4,0.21361,101.5,30.43,49.081,65.725,12.25,-0.48,-0.2,12.8,1.4,12.52,-0.53,0.29,18.11,-0.19,-0.6,11394,0.181,0.894
26.8,17377,16.7187,15.33,-1.5,-4,0.21305,101.25,30.43,49.067,65.819,12.28,-0.48,-0.6,11.8,-1.2,12.54,-0.58,0.22,18.1,-0.66,-0.7,11394,0.072,0.812
26.9,17377,16.7187,15.33,-1.5,-4,0.21305,101.25,30.43,49.067,65.819,12.28,-0.48,-3,10.6,-1.8,12.54,-0.6,0.22,18.11,-1.19,-0.7,11394,0.249,0.918
27,17375,16.6562,15.33,-1.5,-4,0.21286,101.12,30.43,49.07,65.918,12.24,-0.48,-3.3,10,-1.5,12.57,-0.63,0.22,18.11,-1.85,-1.4,11394,0.236,0.918
27.1,17375,16.6562,15.33,-1.5,-4,0.21286,101.12,30.43,49.07,65.918,12.24,-0.48,-3.6,9.9,-0.7,12.63,-0.72,0.22,18.1,-2.13,-2.5,11394,-0.054,0.876
27.2,17373,16.5937,15.33,-1.5,-3.75,0.21242,100.94,30.43,49.051,66,12.11,-0.61,-2.8,9.8,-1.5,12.6,-0.72,0.19,18.11,-2.14,-3.3,11395,-0.044,0.987
27.3,17373,16.5937,15.33,-1.5,-3.75,0.21242,100.94,30.43,49.051,66,12.11,-0.61,-1.1,9.6,-3.4,12.52,-0.82,0.19,18.11,-2.25,-3.4,11395,-0.018,0.933
27.4,17371,16.5625,15.33,-1.25,-3.75,0.21205,100.75,30.43,49.062,66.077,11.88,-0.82,-0.4,9.8,-2.4,12.44,-0.93,0.16,18.11,-2.3,-3.4,11395,-0.127,1.031
27.5,17371,16.5625,15.33,-1.25,-3.75,0.21205,100.75,30.43,49.062,66.077,11.88,-0.82,1,9.4,-2.4,12.35,-0.88,0.16,18.11,-2.47,-3.4,11395,-0.056,0.902
27.6,17369,16.5,15.34,-1.25,-3.5,0.21186,100.62,30.43,49.055,66.149,11.6,-1.04,2.2,9.2,-3.7,12.27,-0.9,0.16,18.11,-2.68,-3.4,11397,0.206,0.91
27.7,17369,16.5,15.34,-1.25,-3.5,0.21186,100.62,30.43,49.055,66.149,11.6,-1.04,2.9,12.2,-3.5,12.13,-0.98,0.13,18.11,-2.51,-2.5,11397,-0.056,0.928
27.8,17366,16.4687,15.34,-1,-3.5,0.21148,100.5,30.43,49.051,66.22,11.27,-1.21,2.2,13.7,-0.3,12.02,-1.02,0.16,18.11,-1.83,-0.9,11397,0.226,0.933
27.9,17366,16.4687,15.34,-1,-3.5,0.21148,100.5,30.43,49.051,66.22,11.27,-1.21,0.4,14.6,0.7,11.91,-1.07,0.19,18.11,-1.19,-0.8,11397,0.188,0.982
28,17364,16.4375,15.34,-1,-3.5,0.21136,100.44,30.43,49.048,66.303,10.96,-1.26,0,15.3,1,11.77,-1.13,0.26,18.11,-0.98,-0.8,11398,0.214,0.977
28.1,17364,16.4375,15.34,-1,-3.5,0.21136,100.44,30.43,49.048,66.303,10.96,-1.26,0,15.9,0.9,11.59,-1.1,0.26,18.11,-0.9,-0.8,11398,0.372,0.884
28.2,17362,16.375,15.34,-1,-3.5,0.21105,100.25,30.43,49.048,66.38,10.7,-1.22,-0.9,15.8,0.9,11.52,-1.03,0.26,18.1,-0.64,-0.8,11398,0.206,0.783
28.3,17362,16.375,15.34,-1,-3.5,0.21105,100.25,30.43,49.048,66.38,10.7,-1.22,-0.9,15.1,2.9,11.52,-1.1,0.26,18.11,-0.58,-0.8,11398,0.428,0.879
28.4,17360,16.3437,15.34,-1,-3.5,0.21073,100.12,30.43,49.036,66.446,10.49,-1.15,-0.4,13.6,2.9,11.36,-1.18,0.32,18.11,-0.86,-0.8,11400,0.372,0.83
28.5,17360,16.3437,15.34,-1,-3.5,0.21073,100.12,30.43,49.036,66.446,10.49,-1.15,-0.3,13,2.3,11.3,-1.12,0.45,18.11,-1.02,-0.8,11400,0.216,0.925
28.6,17358,16.3125,15.34,-1,-3.25,0.21055,100.06,19.38,49.048,66.512,10.34,-1.02,-0.1,15,1.1,11.34,-1.15,0.55,18.11,-1.09,-0.8,11402,0.299,0.912
28.7,17358,16.3125,15.34,-1,-3.25,0.21055,100.06,19.38,49.048,66.512,10.34,-1.02,0.3,15.7,0.5,11.2,-1.18,0.55,18.11,-0.58,-0.8,11402,0.599,0.987
28.8,17355,16.2812,15.34,-0.75,-3.25,0.2103,99.94,18.43,48.977,66.572,10.22,-0.84,-0.1,16.8,-0.6,11.22,-1.15,0.55,18.11,-0.32,-0.8,11403,0.652,0.912
28.9,17355,16.2812,15.34,-0.75,-3.25,0.2103,99.94,18.43,48.977,66.572,10.22,-0.84,-0.5,17,-0.8,11.25,-1.08,0.52,18.11,-0.13,-0.8,11403,0.289,0.861
29,17353,16.25,15.35,-0.75,-3.25,0.21017,99.87,17.76,48.92,66.622,10.17,-0.65,-0.5,16.2,1.2,11.23,-1.12,0.52,18.11,-0.1,-0.8,11404,0.266,0.825
29.1,17353,16.25,15.35,-0.75,-3.25,0.21017,99.87,17.76,48.92,66.622,10.17,-0.65,-0.2,17.9,2.6,11.27,-1.08,0.49,18.11,-0.04,-0.8,11404,0.241,0.915
29.2,17350,16.2187,15.35,-0.75,-3.25,0.20998,99.75,17.48,48.838,66.671,10.21,-0.44,-0.7,18.3,0.3,11.39,-1.07,0.49,18.11,0.46,-0.8,11406,0.211,0.92
29.3,17350,16.2187,15.35,-0.75,-3.25,0.20998,99.75,17.48,48.838,66.671,10.21,-0.44,-1.6,18.1,0.5,11.48,-1.15,0.52,18.12,0.89,-0.8,11406,0.115,0.928
29.4,17347,16.1875,15.35,-0.75,-3.25,0.20955,99.62,17.5,48.728,66.715,10.32,-0.23,-2.3,16.3,3.3,11.53,-1.05,0.49,18.11,0.77,-0.8,11408,0.33,0.817
29.5,17347,16.1875,15.35,-0.75,-3.25,0.20955,99.62,17.5,48.728,66.715,10.32,-0.23,-1.8,15.6,1.9,11.58,-1.07,0.52,18.1,0.53,-0.9,11408,0.259,0.954
29.6,17344,16.125,15.35,-0.75,-3,0.20942,99.5,17.3,48.59,66.743,10.46,-0.04,-2.6,16.1,-1.7,11.77,-1.02,0.52,18.11,0.47,-0.9,11409,0.198,0.98
29.7,17344,16.125,15.35,-0.75,-3,0.20942,99.5,17.3,48.59,66.743,10.46,-0.04,-3,15.6,-2.6,11.85,-0.88,0.39,18.1,0.5,-1.4,11409,0.211,0.998
29.8,17340,16.0937,15.35,-0.5,-3,0.20905,99.37,17.38,48.385,66.77,10.65,0.06,-3,14.7,-2.1,11.94,-0.87,0.35,18.11,0.37,-2.1,11410,0.186,0.843
29.9,17340,16.0937,15.35,-0.5,-3,0.20905,99.37,17.38,48.385,66.77,10.65,0.06,-2.7,14.2,-0.8,12.14,-0.93,0.35,18.11,0.02,-2.2,11410,0.269,0.809
30,17337,16.0312,15.36,-0.5,-3,0.2088,99.25,17.42,48.152,66.798,10.82,0.09,-3,14.8,-1,12.29,-0.75,0.35,18.11,-0.31,-2.3,11412,0.098,0.907
30.1,17337,16.0312,15.36,-0.5,-3,0.2088,99.25,17.42,48.152,66.798,10.82,0.09,-1.5,16.8,-0.5,12.43,-0.77,0.35,18.11,0.25,-2.3,11412,0.355,0.871
30.2,17334,16,15.36,-0.5,-3,0.20848,99.12,17.38,47.908,66.825,11,0.04,-1,15.5,1.5,12.55,-0.85,0.35,18.11,0.66,-2.3,11412,0.37,0.985
30.3,17334,16,15.36,-0.5,-3,0.20848,99.12,17.38,47.908,66.825,11,0.04,0.1,13.2,3.2,12.63,-0.78,0.35,18.1,-0.15,-2.4,11412,0.287,0.951
30.4,17331,15.9687,15.36,-0.5,-3,0.20817,98.94,17.58,47.578,66.853,11.16,-0.07,-0.4,12.6,2,12.79,-0.6,0.39,18.11,-0.89,-2.3,11412,0.393,0.975
30.5,17331,15.9687,15.36,-0.5,-3,0.20817,98.94,17.58,47.578,66.853,11.16,-0.07,-0.2,10.8,0.6,12.85,-0.73,0.42,18.11,-1.03,-2.3,11412,0.234,0.941
30.6,17328,15.9375,15.36,-0.5,-2.75,0.20817,98.94,17.57,47.262,66.891,11.21,-0.2,-0.6,7.9,-0.1,13.04,-0.65,0.42,18.1,-2.1,-2.4,11412,0.168,0.931
30.7,17328,15.9375,15.36,-0.5,-2.75,0.20817,98.94,17.57,47.262,66.891,11.21,-0.2,-0.8,9.7,-1.9,13.06,-0.85,0.42,18.11,-3.81,-2.3,11412,0.135,0.964
30.8,17324,15.9375,15.36,-0.5,-2.75,0.20792,98.81,17.42,46.895,66.935,11.11,-0.35,-0.3,11.1,-3.5,13.17,-0.78,0.39,18.1,-3.59,-2.4,11413,-0.013,0.972
30.9,17324,15.9375,15.36,-0.5,-2.75,0.20792,98.81,17.42,46.895,66.935,11.11,-0.35,-0.8,10.9,-3.2,13.15,-0.7,0.35,18.11,-2.66,-2.3,11413,0.229,1.047
31,17321,15.9062,15.37,-0.5,-2.75,0.20792,98.81,17.28,46.518,66.996,10.89,-0.49,-1.2,12.7,-2.7,13.09,-0.92,0.35,18.11,-2.49,-2.4,11413,0.272,1.011
31.1,17321,15.9062,15.37,-0.5,-2.75,0.20792,98.81,17.28,46.518,66.996,10.89,-0.49,0.7,13.3,-2.9,12.93,-0.83,0.35,18.1,-2.32,-2.4,11413,0.317,0.866
31.2,17318,15.9062,15.37,-0.5,-2.75,0.20786,98.81,17.37,46.146,67.056,10.61,-0.64,0,12.7,-3.9,12.87,-0.88,0.35,18.11,-2.3,-2.3,11413,0.319,0.881
31.3,17318,15.9062,15.37,-0.5,-2.75,0.20786,98.81,17.37,46.146,67.056,10.61,-0.64,-1.1,11.9,-4,12.79,-0.92,0.32,18.11,-2.3,-2.3,11413,0.292,0.938
31.4,17315,15.875,15.37,-0.25,-2.75,0.20773,98.75,17.48,45.788,67.122,10.26,-0.78,0,10.8,-3.5,12.71,-1,0.29,18.11,-2.44,-2.3,11413,0.143,0.856
31.5,17315,15.875,15.37,-0.25,-2.75,0.20773,98.75,17.48,45.788,67.122,10.26,-0.78,0.7,10,-3.9,12.6,-1.02,0.26,18.11,-2.85,-2.4,11413,0.224,1.037
31.6,17311,15.9062,15.37,-0.25,-2.5,0.2078,98.75,17.43,45.414,67.183,9.89,-0.9,2.2,13,-5.1,12.51,-1.12,0.22,18.11,-2.69,-2.4,11413,0.105,0.804
31.7,17311,15.9062,15.37,-0.25,-2.5,0.2078,98.75,17.43,45.414,67.183,9.89,-0.9,1.7,15.4,-5.1,12.35,-1.03,0.19,18.1,-1.97,-2.3,11413,0.133,0.812
31.8,17307,15.875,15.37,0,-2.5,0.20767,98.75,17.63,45.031,67.238,9.51,-0.98,1.2,18,-4.8,12.22,-1.15,0.22,18.11,-0.47,-2.3,11415,0.234,0.84
31.9,17307,15.875,15.37,0,-2.5,0.20767,98.75,17.63,45.031,67.238,9.51,-0.98,2.5,18.2,-5.5,12.08,-1.15,0.16,18.11,1.54,-1.9,11415,0.108,0.946
32,17303,15.875,15.38,0,-2.5,0.20761,98.69,17.4,44.671,67.293,9.28,-0.99,2.8,17.8,-7.1,11.88,-1.17,0.16,18.11,1.69,-1.1,11417,0.055,0.85
32.1,17303,15.875,15.38,0,-2.5,0.20761,98.69,17.4,44.671,67.293,9.28,-0.99,1,15.9,-6.9,11.78,-1.18,0.09,18.12,0.77,-0.8,11417,0.133,0.843
32.2,17300,15.875,15.38,0,-2.25,0.20761,98.69,17.51,44.313,67.337,9.14,-0.91,-0.4,16.6,-6.3,11.77,-1.17,-0.01,18.11,0.38,-0.8,11418,0.266,0.863
32.3,17300,15.875,15.38,0,-2.25,0.20761,98.69,17.51,44.313,67.337,9.14,-0.91,-0.9,18.3,-6.3,11.7,-1.1,-0.04,18.11,0.71,-0.8,11418,0.09,0.84
32.4,17297,15.875,15.38,0,-2.25,0.20755,98.69,17.4,43.99,67.37,9.08,-0.76,-3,18.6,-5.6,11.69,-1.17,-0.07,18.11,0.9,-0.9,11419,0.123,0.822
32.5,17297,15.875,15.38,0,-2.25,0.20755,98.69,17.4,43.99,67.37,9.08,-0.76,-3.2,19.3,-4.5,11.77,-1.2,-0.04,18.11,1.15,-1.4,11419,0.239,0.786
32.6,17293,15.875,15.38,0,-2.25,0.20748,98.69,17.42,43.652,67.386,9.12,-0.63,-1.9,20.3,-3.4,11.8,-1.25,-0.1,18.11,1.72,-1.5,11422,0.062,0.845
32.7,17293,15.875,15.38,0,-2.25,0.20748,98.69,17.42,43.652,67.386,9.12,-0.63,-0.5,19.8,-2.8,11.86,-1.15,-0.07,18.11,1.99,-1.5,11422,0.259,0.832
32.8,17288,15.8437,15.39,0.25,-2.25,0.20742,98.62,17.44,43.322,67.392,9.24,-0.48,-0.4,18.1,-3.2,11.94,-1.07,-0.04,18.11,1.9,-1.5,11424,0.156,0.856
32.9,17288,15.8437,15.39,0.25,-2.25,0.20742,98.62,17.44,43.322,67.392,9.24,-0.48,-0.5,16.1,-2.7,12.05,-1.02,-0.04,18.1,1.27,-1.5,11424,0.234,0.964
33,17284,15.8437,15.39,0.25,-2.25,0.20736,98.62,17.47,43.049,67.386,9.4,-0.34,-0.2,16.2,-2,12.19,-1,-0.04,18.1,0.74,-1.5,11426,0.15,0.837
33.1,17284,15.8437,15.39,0.25,-2.25,0.20736,98.62,17.47,43.049,67.386,9.4,-0.34,-0.4,15.4,-2.9,12.35,-0.97,-0.04,18.1,0.74,-1.5,11426,0.231,0.912
33.2,17281,15.8437,15.39,0.25,-2.25,0.20723,98.56,17.55,42.784,67.37,9.56,-0.26,-0.6,14.7,-3.1,12.49,-1.02,-0.04,18.11,0.71,-1.5,11428,0.1,0.814
33.3,17281,15.8437,15.39,0.25,-2.25,0.20723,98.56,17.55,42.784,67.37,9.56,-0.26,-1.1,14.3,-2.5,12.54,-0.95,-0.04,18.1,0.59,-1.5,11428,0.103,0.918
33.4,17277,15.8125,15.39,0.25,-2.25,0.20717,98.56,17.45,42.507,67.348,9.68,-0.21,-0.6,14.8,-2.2,12.71,-0.95,-0.07,18.11,0.53,-1.5,11428,0.13,0.837
33.5,17277,15.8125,15.39,0.25,-2.25,0.20717,98.56,17.45,42.507,67.348,9.68,-0.21,-0.7,14.8,-2.1,12.79,-0.87,-0.04,18.11,0.52,-1.5,11428,0.277,0.925
33.6,17273,15.8125,15.4,0.25,-2,0.20711,98.56,17.48,42.316,67.331,9.81,-0.2,-0.2,14.8,-1.6,12.87,-0.95,-0.07,18.11,0.52,-1.5,11429,0.365,0.954
33.7,17273,15.8125,15.4,0.25,-2,0.20711,98.56,17.48,42.316,67.331,9.81,-0.2,-0.4,16.7,-2.1,12.93,-0.8,-0.07,18.1,0.56,-1.5,11429,0.375,0.928
33.8,17268,15.8125,15.4,0.25,-2,0.20705,98.5,17.47,42.097,67.309,9.91,-0.25,-0.6,17.6,-2.3,13.09,-0.68,-0.01,18.11,1.06,-1.5,11427,0.314,0.905
33.9,17268,15.8125,15.4,0.25,-2,0.20705,98.5,17.47,42.097,67.309,9.91,-0.25,-0.5,17.5,-2.9,13.15,-0.7,-0.04,18.1,1.37,-1.5,11427,0.342,0.892
34,17264,15.8125,15.4,0.25,-2,0.20705,98.5,17.51,41.901,67.293,10.01,-0.33,-0.7,16.6,-3.5,13.2,-0.67,-0.04,18.11,1.29,-1.5,11429,0.176,0.907
34.1,17264,15.8125,15.4,0.25,-2,0.20705,98.5,17.51,41.901,67.293,10.01,-0.33,-0.6,15.5,-2.8,13.26,-0.4,-0.04,18.11,1.12,-1.5,11429,0.289,0.936
34.2,17260,15.7812,15.4,0.25,-2,0.20692,98.44,17.48,41.715,67.282,10.09,-0.47,-0.5,14.2,-3.1,13.36,-0.52,-0.04,18.11,0.59,-1.5,11429,0.279,0.869
34.3,17260,15.7812,15.4,0.25,-2,0.20692,98.44,17.48,41.715,67.282,10.09,-0.47,-0.2,13.9,-4.2,13.39,-0.45,-0.07,18.1,0.18,-1.5,11429,0.33,0.928
34.4,17257,15.7812,15.41,0.5,-2,0.20686,98.44,17.43,41.569,67.287,10.12,-0.63,-0.2,15.6,-4,13.47,-0.58,-0.07,18.11,0.27,-1.5,11427,0.188,0.861
34.5,17257,15.7812,15.41,0.5,-2,0.20686,98.44,17.43,41.569,67.287,10.12,-0.63,0,15.2,-2.7,13.5,-0.43,-0.07,18.11,0.4,-1.5,11427,0.4,0.951
34.6,17253,15.7812,15.41,0.5,-2,0.20686,98.44,17.45,41.436,67.298,10.14,-0.81,0.8,14.2,-2.1,13.51,-0.52,-0.1,18.11,0.4,-1.5,11427,0.246,0.928
34.7,17253,15.7812,15.41,0.5,-2,0.20686,98.44,17.45,41.436,67.298,10.14,-0.81,0.7,13.7,-2.9,13.47,-0.48,-0.1,18.11,0.29,-1.5,11427,0.125,1.016
34.8,17248,15.7812,15.41,0.5,-2,0.2068,98.44,17.51,41.296,67.326,10.13,-1.03,2.2,14.6,-3.2,13.5,-0.3,-0.1,18.1,0.25,-1.5,11427,0.317,0.814
34.9,17248,15.7812,15.41,0.5,-2,0.2068,98.44,17.51,41.296,67.326,10.13,-1.03,2.1,14.8,-3.1,13.47,-0.62,-0.07,18.11,0.34,-1.4,11427,0.241,0.819
35,17244,15.7812,15.41,0.5,-2,0.2068,98.44,17.63,41.204,67.37,10.11,-1.21,3.2,15.8,-2.9,13.47,-0.72,-0.07,18.11,0.53,-1.2,11429,0.203,0.848
35.1,17244,15.7812,15.41,0.5,-2,0.2068,98.44,17.63,41.204,67.37,10.11,-1.21,2.9,17.3,-4.2,13.48,-0.68,-0.04,18.1,0.78,0.2,11429,0.062,0.85
35.2,17239,15.7812,15.42,0.5,-1.75,0.20673,98.37,17.37,41.104,67.425,10.11,-1.26,0.7,16.4,-4.1,13.44,-0.83,-0.07,18.11,0.96,0.7,11429,0.269,0.858
35.3,17239,15.7812,15.42,0.5,-1.75,0.20673,98.37,17.37,41.104,67.425,10.11,-1.26,-1,16.8,-3.3,13.45,-0.55,-0.07,18.11,1.06,0.6,11429,0.095,0.912
35.4,17235,15.7812,15.42,0.5,-1.75,0.20655,98.37,17.35,40.99,67.491,10.15,-1.25,-1,16.7,-4,13.39,-0.67,-0.07,18.11,1.08,0.6,11430,0.108,0.949
35.5,17235,15.7812,15.42,0.5,-1.75,0.20655,98.37,17.35,40.99,67.491,10.15,-1.25,-2.3,16.6,-4,13.47,-0.57,-0.07,18.1,1.18,0.5,11430,0.272,0.871
35.6,17231,15.75,15.42,0.5,-1.75,0.20648,98.31,17.52,40.899,67.562,10.22,-1.13,-2.6,17.3,-2.3,13.53,-0.83,-0.1,18.11,1.21,0.3,11430,0.208,0.879
35.7,17231,15.75,15.42,0.5,-1.75,0.20648,98.31,17.52,40.899,67.562,10.22,-1.13,-1.9,17.1,-1.2,13.55,-0.77,-0.1,18.1,1.33,0.2,11430,0.314,0.907
35.8,17226,15.75,15.43,0.5,-1.75,0.20642,98.31,17.52,40.841,67.628,10.33,-0.97,-1.9,16.7,-1.5,13.48,-0.72,-0.04,18.11,1.35,0.1,11432,0.15,0.892
35.9,17226,15.75,15.43,0.5,-1.75,0.20642,98.31,17.52,40.841,67.628,10.33,-0.97,-1.5,16.6,-3.1,13.62,-0.85,-0.07,18.11,1.36,0.1,11432,0.168,0.944
36,17222,15.7187,15.43,0.5,-1.75,0.2063,98.25,17.48,40.743,67.689,10.46,-0.77,-2,15.3,-3.1,13.78,-0.88,-0.07,18.1,1.23,0.1,11432,0.304,0.819
36.1,17222,15.7187,15.43,0.5,-1.75,0.2063,98.25,17.48,40.743,67.689,10.46,-0.77,-1.8,14.3,-2.3,13.72,-0.77,-0.04,18.11,1.03,0.1,11432,0.292,0.889
36.2,17218,15.7187,15.43,0.5,-1.75,0.20617,98.19,17.47,40.676,67.755,10.6,-0.54,-0.8,13.8,-2.9,13.89,-0.75,-0.07,18.11,0.56,0.1,11432,0.261,0.845
36.3,17218,15.7187,15.43,0.5,-1.75,0.20617,98.19,17.47,40.676,67.755,10.6,-0.54,-1.8,13.4,-3.9,13.96,-0.73,-0.07,18.11,0.46,0.1,11432,0.092,1.024
36.4,17214,15.6875,15.43,0.75,-1.75,0.20605,98.12,17.63,40.616,67.815,10.72,-0.33,-1.9,13.3,-3.2,14,-0.75,-0.07,18.1,0.44,0.1,11434,0.357,0.959
36.5,17214,15.6875,15.43,0.75,-1.75,0.20605,98.12,17.63,40.616,67.815,10.72,-0.33,-1,12.7,-2.7,14.03,-0.8,-0.04,18.1,0.38,0.1,11434,0.148,0.91
36.6,17211,15.6875,15.43,0.75,-1.5,0.20605,98.12,17.53,40.567,67.859,10.82,-0.11,-0.8,12.3,-3.4,14.13,-0.65,-0.07,18.1,0.07,0.1,11434,0.282,0.941
36.7,17211,15.6875,15.43,0.75,-1.5,0.20605,98.12,17.53,40.567,67.859,10.82,-0.11,-0.6,11.7,-3.8,14.15,-0.53,-0.1,18.1,-0.15,0.1,11434,0.163,0.907
36.8,17206,15.6875,15.44,0.75,-1.5,0.20598,98.12,17.41,40.511,67.909,10.87,0.07,-0.7,11.8,-3.5,14.15,-0.67,-0.17,18.11,-0.38,0.1,11434,0.362,0.879
36.9,17206,15.6875,15.44,0.75,-1.5,0.20598,98.12,17.41,40.511,67.909,10.87,0.07,0,12.2,-3.2,14.24,-0.45,-0.14,18.11,-0.41,0.1,11434,0.317,0.985
37,17202,15.6875,15.44,0.75,-1.5,0.20605,98.12,17.53,40.453,67.947,10.87,0.25,-0.5,12.3,-4.1,14.27,-0.38,-0.17,18.11,-0.41,0.1,11434,0.193,0.874
37.1,17202,15.6875,15.44,0.75,-1.5,0.20605,98.12,17.53,40.453,67.947,10.87,0.25,-1.1,12.3,-4.6,14.26,-0.32,-0.17,18.11,-0.41,0.1,11434,0.206,1.018
37.2,17198,15.6875,15.44,0.75,-1.5,0.20598,98.12,17.47,40.427,67.986,10.82,0.38,-0.4,11.5,-3.6,14.21,-0.28,-0.14,18.1,-0.41,0,11434,0.335,1.037
37.3,17198,15.6875,15.44,0.75,-1.5,0.20598,98.12,17.47,40.427,67.986,10.82,0.38,-0.3,12.2,-3.4,14.15,-0.1,-0.14,18.1,-0.51,0.1,11434,0.211,0.964
37.4,17194,15.6875,15.45,0.75,-1.5,0.20586,98.06,17.53,40.379,68.024,10.74,0.46,-0.7,11.9,-4.2,14.15,-0.25,-0.17,18.11,-0.5,0.1,11434,0.34,0.918
37.5,17194,15.6875,15.45,0.75,-1.5,0.20586,98.06,17.53,40.379,68.024,10.74,0.46,-0.4,11.6,-3.9,14.03,-0.2,-0.17,18.1,-0.51,0.1,11434,0.196,1.013
37.6,17189,15.6562,15.45,0.75,-1.5,0.2058,98.06,17.43,40.369,68.057,10.62,0.51,-0.6,12.3,-3.1,14,-0.03,-0.17,18.11,-0.58,0.1,11434,0.337,0.946
37.7,17189,15.6562,15.45,0.75,-1.5,0.2058,98.06,17.43,40.369,68.057,10.62,0.51,-0.5,13.6,-3.1,13.99,-0.1,-0.2,18.11,-0.5,0.1,11434,0.345,0.869
37.8,17184,15.6562,15.45,1,-1.5,0.20567,98,17.5,40.312,68.107,10.49,0.49,0,13.9,-3.6,13.81,-0.07,-0.23,18.1,-0.2,0.1,11434,0.211,0.936
37.9,17184,15.6562,15.45,1,-1.5,0.20567,98,17.5,40.312,68.107,10.49,0.49,-0.3,15.2,-4,13.78,0,-0.2,18.1,-0.07,0.1,11434,0.098,0.941
38,17179,15.6562,15.46,1,-1.5,0.20561,98,17.49,40.287,68.156,10.38,0.48,0.7,15.6,-4,13.81,-0.05,-0.2,18.11,0.31,0.1,11434,0.37,0.949
38.1,17179,15.6562,15.46,1,-1.5,0.20561,98,17.49,40.287,68.156,10.38,0.48,0.7,15.8,-4.1,13.69,-0.03,-0.23,18.11,0.56,0.1,11434,0.153,0.874
38.2,17175,15.625,15.46,1,-1.25,0.20548,97.94,17.49,40.244,68.222,10.31,0.44,0.3,15.2,-4.8,13.61,-0.03,-0.2,18.11,0.56,0.1,11434,0.163,0.92
38.3,17175,15.625,15.46,1,-1.25,0.20548,97.94,17.49,40.244,68.222,10.31,0.44,0.2,15.1,-4.5,13.55,-0.08,-0.17,18.11,0.53,0.1,11434,0.226,0.876
38.4,17170,15.625,15.46,1,-1.25,0.20523,97.87,17.49,40.234,68.294,10.29,0.38,0.4,15.4,-3.7,13.59,0.1,-0.2,18.11,0.55,0.1,11435,0.163,0.962
38.5,17170,15.625,15.46,1,-1.25,0.20523,97.87,17.49,40.234,68.294,10.29,0.38,0.7,15.3,-3.7,13.58,-0.03,-0.2,18.11,0.53,0.1,11435,0.34,0.975
38.6,17165,15.5937,15.46,1,-1.25,0.20517,97.81,17.43,40.212,68.387,10.33,0.33,0.7,14.7,-3.9,13.66,-0.12,-0.23,18.11,0.52,0.1,11437,0.309,0.964
38.7,17165,15.5937,15.46,1,-1.25,0.20517,97.81,17.43,40.212,68.387,10.33,0.33,0.3,15.1,-3.3,13.67,-0.15,-0.2,18.1,0.49,0.1,11437,0.105,0.964
38.8,17160,15.5625,15.47,1,-1.25,0.20492,97.69,17.41,40.192,68.486,10.41,0.3,0.7,15.6,-2.7,13.7,-0.15,-0.23,18.1,0.5,0.1,11437,0.196,0.959
38.9,17160,15.5625,15.47,1,-1.25,0.20492,97.69,17.41,40.192,68.486,10.41,0.3,0.7,15.3,-3.2,13.67,-0.1,-0.23,18.1,0.5,0.1,11437,0.143,0.894
39,17156,15.5312,15.47,1,-1.25,0.2048,97.69,17.52,40.155,68.602,10.55,0.3,0.2,14,-4,13.77,-0.17,-0.23,18.11,0.49,0.1,11438,0.198,0.92
39.1,17156,15.5312,15.47,1,-1.25,0.2048,97.69,17.52,40.155,68.602,10.55,0.3,-1.1,12.5,-4.3,13.94,-0.23,-0.23,18.1,0.22,0.1,11438,0.123,0.853
39.2,17152,15.5312,15.47,1,-1.25,0.20473,97.62,17.52,40.151,68.723,10.69,0.32,0,11.7,-4.6,13.99,-0.37,-0.23,18.11,-0.73,0.1,11438,0.108,0.884
39.3,17152,15.5312,15.47,1,-1.25,0.20473,97.62,17.52,40.151,68.723,10.69,0.32,0,11.2,-4.8,14.05,-0.22,-0.2,18.11,-1.18,0.1,11438,0.362,0.814
39.4,17148,15.5312,15.47,1.25,-1.25,0.20467,97.62,17.48,40.137,68.833,10.79,0.4,0,11.4,-5.4,14.08,-0.32,-0.2,18.11,-1.18,0.1,11438,0.219,0.956
39.5,17148,15.5312,15.47,1.25,-1.25,0.20467,97.62,17.48,40.137,68.833,10.79,0.4,-0.4,11.3,-4.9,14.18,-0.38,-0.23,18.11,-1.19,0.1,11438,0.279,0.975
39.6,17145,15.5312,15.48,1.25,-1,0.20461,97.56,17.48,40.124,68.954,10.88,0.48,-0.1,11.6,-3.9,14.24,-0.57,-0.23,18.11,-1.18,0.1,11440,0.294,0.879
39.7,17145,15.5312,15.48,1.25,-1,0.20461,97.56,17.48,40.124,68.954,10.88,0.48,0,11.3,-4,14.24,-0.35,-0.23,18.11,-1.18,0.1,11440,0.13,0.835
39.8,17140,15.5312,15.48,1.25,-1,0.20461,97.56,17.52,40.096,69.075,10.93,0.6,-0.4,11.5,-4.4,14.3,-0.53,-0.23,18.1,-1.18,0.1,11440,0.249,0.946
39.9,17140,15.5312,15.48,1.25,-1,0.20461,97.56,17.52,40.096,69.075,10.93,0.6,-0.2,11.6,-3.9,14.3,-0.48,-0.27,18.11,-1.19,0.1,11440,0.309,0.796
40,17136,15.5,15.48,1.25,-1,0.20448,97.56,17.5,40.076,69.179,10.95,0.74,0,11.5,-4.5,14.33,-0.48,-0.23,18.11,-1.19,0.1,11440,0.33,0.866
40.1,17136,15.5,15.48,1.25,-1,0.20448,97.56,17.5,40.076,69.179,10.95,0.74,0.1,11.4,-5.7,14.38,-0.52,-0.23,18.11,-1.18,0.1,11440,0.249,0.969
40.2,17132,15.5,15.48,1.25,-1,0.20442,97.5,17.43,40.068,69.278,10.94,0.9,-0.1,11.3,-6.2,14.3,-0.35,-0.27,18.11,-1.19,0.1,11440,0.254,0.959
40.3,17132,15.5,15.48,1.25,-1,0.20442,97.5,17.43,40.068,69.278,10.94,0.9,-0.2,11.1,-5.7,14.3,-0.62,-0.27,18.1,-1.16,0.1,11440,0.39,0.871
40.4,17128,15.4687,15.49,1.25,-1,0.2043,97.44,17.44,40.073,69.366,10.91,1.04,0,11.4,-5.6,14.27,-0.38,-0.23,18.11,-1.18,0.1,11440,0.231,0.858
40.5,17128,15.4687,15.49,1.25,-1,0.2043,97.44,17.44,40.073,69.366,10.91,1.04,0,11.4,-5.9,14.35,-0.52,-0.27,18.11,-1.16,0.1,11440,0.178,1.029
40.6,17124,15.4687,15.49,1.25,-1,0.20417,97.44,17.47,40.055,69.454,10.87,1.22,-0.4,11.2,-5.9,14.27,-0.35,-0.27,18.11,-1.18,0.1,11439,0.118,1.026
40.7,17124,15.4687,15.49,1.25,-1,0.20417,97.44,17.47,40.055,69.454,10.87,1.22,-0.4,11.4,-4.8,14.24,-0.43,-0.3,18.11,-1.19,0.1,11439,0.092,0.995
40.8,17118,15.4375,15.49,1.25,-1,0.20405,97.37,17.54,40.031,69.531,10.81,1.36,0,11.2,-4.4,14.33,-0.32,-0.3,18.1,-1.19,0.1,11439,0.385,0.861
40.9,17118,15.4375,15.49,1.25,-1,0.20405,97.37,17.54,40.031,69.531,10.81,1.36,0,11,-5.4,14.18,-0.28,-0.33,18.11,-1.19,0.1,11439,0.362,0.936
41,17114,15.4375,15.5,1.25,-1,0.20398,97.37,17.38,40.021,69.603,10.73,1.47,-0.3,11.2,-5.7,14.15,-0.15,-0.33,18.1,-1.19,0.1,11439,0.052,0.85
41.1,17114,15.4375,15.5,1.25,-1,0.20398,97.37,17.38,40.021,69.603,10.73,1.47,0,11.5,-5.6,14.11,-0.17,-0.33,18.11,-1.19,0.1,11439,0.148,0.915
41.2,17109,15.4375,15.5,1.25,-1,0.20386,97.31,17.48,40.038,69.68,10.66,1.57,0.2,11.3,-5.4,14.13,-0.1,-0.33,18.1,-1.21,0.1,11440,0.289,0.713
41.3,17109,15.4375,15.5,1.25,-1,0.20386,97.31,17.48,40.038,69.68,10.66,1.57,0,11.4,-5.4,14.07,-0.02,-0.37,18.1,-1.22,0.1,11440,0.35,0.902
41.4,17105,15.4062,15.5,1.5,-1,0.20373,97.25,17.54,40.008,69.746,10.56,1.64,-0.3,11.3,-5.3,14.08,-0.07,-0.37,18.11,-1.21,0.1,11440,0.125,0.874
41.5,17105,15.4062,15.5,1.5,-1,0.20373,97.25,17.54,40.008,69.746,10.56,1.64,0.1,11.1,-4.8,14.02,-0.08,-0.3,18.11,-1.21,0.1,11440,0.224,0.949
41.6,17100,15.4062,15.51,1.5,-0.75,0.20361,97.19,17.44,40.016,69.823,10.47,1.67,-0.2,11.3,-5.3,13.91,-0.05,-0.33,18.1,-1.21,0.1,11440,0.357,0.956
41.7,17100,15.4062,15.51,1.5,-0.75,0.20361,97.19,17.44,40.016,69.823,10.47,1.67,-0.2,11.2,-5.5,13.88,0.07,-0.33,18.1,-1.22,0.1,11440,0.085,0.944
41.8,17094,15.4062,15.51,1.5,-0.75,0.20361,97.19,17.43,39.989,69.905,10.37,1.67,-0.4,11.2,-4.9,13.89,0.1,-0.33,18.11,-1.24,0.1,11440,0.198,0.98
41.9,17094,15.4062,15.51,1.5,-0.75,0.20361,97.19,17.43,39.989,69.905,10.37,1.67,0,11.7,-4.3,13.78,0.1,-0.37,18.11,-1.26,0.1,11440,0.418,0.874
42,17090,15.375,15.51,1.5,-0.75,0.20355,97.19,17.45,40.008,69.999,10.28,1.66,0,11.2,-6.1,13.72,0.07,-0.43,18.11,-1.26,0.1,11442,0.272,0.995
42.1,17090,15.375,15.51,1.5,-0.75,0.20355,97.19,17.45,40.008,69.999,10.28,1.66,-1.1,12.3,-7,13.81,0.11,-0.43,18.11,-1.28,0.1,11442,0.216,0.946
42.2,17085,15.375,15.51,1.5,-0.75,0.20348,97.12,17.44,39.979,70.092,10.21,1.63,-2.3,13.6,-5.9,13.73,0.11,-0.43,18.1,-1,0.1,11443,0.372,0.853
42.3,17085,15.375,15.51,1.5,-0.75,0.20348,97.12,17.44,39.979,70.092,10.21,1.63,-3,13.3,-4.2,13.7,0.07,-0.46,18.11,-0.86,0,11443,0.143,0.907
42.4,17081,15.375,15.52,1.5,-0.75,0.20336,97.12,17.52,40,70.186,10.16,1.57,-3.7,14.7,3.5,13.72,0.07,-0.37,18.11,-0.82,-1.1,11443,0.133,0.843
42.5,17081,15.375,15.52,1.5,-0.75,0.20336,97.12,17.52,40,70.186,10.16,1.57,-4.1,16.2,-1.2,13.67,0.08,0.35,18.1,-0.5,-2.7,11443,0.024,0.907
42.6,17077,15.375,15.52,1.5,-0.75,0.20342,97.12,17.47,39.996,70.301,10.13,1.37,-1.1,15.7,-5.9,13.62,0.02,-0.33,18.11,-0.17,-3,11445,0.37,0.9
42.7,17077,15.375,15.52,1.5,-0.75,0.20342,97.12,17.47,39.996,70.301,10.13,1.37,-1.1,14.4,-8.6,13.75,0.15,-0.56,18.11,-0.29,-3,11445,0.357,0.832
42.8,17071,15.375,15.52,1.75,-0.75,0.2033,97.12,17.44,39.979,70.406,10.16,1.06,-0.1,13.9,-9.7,13.89,-0.12,-0.56,18.11,-0.44,-3,11445,0.382,0.982
42.9,17071,15.375,15.52,1.75,-0.75,0.2033,97.12,17.44,39.979,70.406,10.16,1.06,1.3,13.9,-9.1,13.92,-0.2,-0.63,18.11,-0.47,-3,11445,0.324,0.866
43,17066,15.3437,15.53,1.75,-0.75,0.20323,97.06,17.58,39.983,70.516,10.2,0.75,2,14.7,-10,13.94,-0.23,-0.69,18.1,-0.45,-2.5,11443,0.236,0.827
43.1,17066,15.3437,15.53,1.75,-0.75,0.20323,97.06,17.58,39.983,70.516,10.2,0.75,2.4,15.5,-12.2,13.97,-0.43,-0.73,18.1,-0.32,-1.7,11443,0.246,0.858
43.2,17062,15.3437,15.53,1.75,-0.5,0.20311,97.06,17.38,40,70.631,10.27,0.53,1.4,16.3,-12.7,13.96,-0.5,-0.95,18.11,-0.16,-1.6,11444,0.148,0.923
43.3,17062,15.3437,15.53,1.75,-0.5,0.20311,97.06,17.38,40,70.631,10.27,0.53,2.3,16.5,-10.7,14.03,-0.55,-1.12,18.11,0.03,-1.6,11444,0.327,0.845
43.4,17058,15.3437,15.53,1.75,-0.5,0.20305,97,17.5,39.983,70.725,10.38,0.36,2.7,16.3,-9.9,14.13,-0.58,-1.15,18.11,0.15,-1.4,11444,0.128,0.933
43.5,17058,15.3437,15.53,1.75,-0.5,0.20305,97,17.5,39.983,70.725,10.38,0.36,2.5,15.5,-9.9,14.13,-0.67,-1.12,18.11,0.19,-0.9,11444,0.332,0.799
43.6,17054,15.3125,15.53,1.75,-0.5,0.20298,97,17.44,39.976,70.829,10.52,0.31,0.3,15.9,-10.7,14.13,-0.73,-1.12,18.11,0.24,-0.8,11444,0.292,0.845
43.7,17054,15.3125,15.53,1.75,-0.5,0.20298,97,17.44,39.976,70.829,10.52,0.31,-0.9,16.3,-10.5,14.24,-0.85,-1.12,18.1,0.34,-0.8,11444,0.423,0.866
43.8,17049,15.3125,15.54,1.75,-0.5,0.20286,96.94,17.43,39.976,70.906,10.71,0.32,-1.5,16.1,-11.3,14.32,-0.8,-1.18,18.1,0.52,-0.8,11443,0.279,0.949
43.9,17049,15.3125,15.54,1.75,-0.5,0.20286,96.94,17.43,39.976,70.906,10.71,0.32,-2.4,15.4,-12.4,14.35,-0.88,-1.28,18.11,0.55,-0.9,11443,0.201,0.969
44,17045,15.3125,15.54,1.75,-0.5,0.20286,96.94,17.51,39.999,70.972,10.89,0.39,-2.7,14.7,-12.9,14.49,-0.9,-1.35,18.1,0.43,-1,11443,0.37,0.98
44.1,17045,15.3125,15.54,1.75,-0.5,0.20286,96.94,17.51,39.999,70.972,10.89,0.39,-2.9,14.4,-11.5,14.52,-0.8,-1.35,18.11,0.32,-1.2,11443,0.277,0.879
44.2,17041,15.2812,15.54,1.75,-0.5,0.2028,96.87,17.47,39.986,71.005,11.07,0.46,-2.9,14.8,-11.5,14.62,-0.75,-1.38,18.11,0.29,-1.4,11443,0.297,0.912
44.3,17041,15.2812,15.54,1.75,-0.5,0.2028,96.87,17.47,39.986,71.005,11.07,0.46,-3.1,15.3,-11,14.7,-0.85,-1.35,18.11,0.32,-1.5,11443,0.342,0.975
44.4,17037,15.2812,15.55,1.75,-0.5,0.20273,96.87,17.44,39.989,71.011,11.28,0.49,-3.4,15.2,-10.2,14.81,-0.83,-1.38,18.11,0.34,-1.6,11445,0.307,0.843
44.5,17037,15.2812,15.55,1.75,-0.5,0.20273,96.87,17.44,39.989,71.011,11.28,0.49,-3.7,15.4,-9.4,14.87,-0.7,-1.38,18.1,0.35,-1.6,11445,0.241,0.925
44.6,17034,15.2812,15.55,1.75,-0.5,0.20267,96.87,17.47,39.973,71,11.47,0.49,-2.3,16,-8.3,14.97,-0.82,-1.35,18.11,0.41,-1.8,11445,0.229,0.969
44.7,17034,15.2812,15.55,1.75,-0.5,0.20267,96.87,17.47,39.973,71,11.47,0.49,-0.8,16.6,-6.5,15.03,-0.58,-1.28,18.11,0.65,-1.8,11445,0.173,0.871
44.8,17029,15.2812,15.55,1.75,-0.5,0.20261,96.87,17.44,39.958,70.967,11.67,0.42,-0.1,16.8,-6.5,15.16,-0.43,-1.25,18.11,0.81,-1.8,11445,0.33,0.884
44.9,17029,15.2812,15.55,1.75,-0.5,0.20261,96.87,17.44,39.958,70.967,11.67,0.42,0,17.1,-8.6,15.11,-0.53,-1.22,18.11,0.99,-1.8,11445,0.352,0.975
45,17025,15.2812,15.55,1.75,-0.5,0.20255,96.81,17.4,39.961,70.928,11.89,0.27,0.4,17.2,-9.7,15.24,-0.45,-1.28,18.11,1.18,-1.8,11445,0.226,0.993
45.1,17025,15.2812,15.55,1.75,-0.5,0.20255,96.81,17.4,39.961,70.928,11.89,0.27,1,17.2,-9,15.38,-0.35,-1.28,18.1,1.2,-1.8,11445,0.256,0.876
45.2,17022,15.25,15.55,1.75,-0.5,0.20236,96.75,17.45,39.971,70.89,12.1,0.13,2.1,16.8,-8.6,15.43,-0.35,-1.28,18.1,1.21,-1.7,11446,0.254,0.905
45.3,17022,15.25,15.55,1.75,-0.5,0.20236,96.75,17.45,39.971,70.89,12.1,0.13,2.4,16,-8.8,15.49,-0.07,-1.28,18.11,1.23,-1.2,11446,0.163,0.817
45.4,17019,15.25,15.56,1.75,-0.5,0.2023,96.75,17.44,39.966,70.851,12.33,-0.09,2.3,15.7,-8.3,15.58,-0.1,-1.32,18.11,1.23,-1,11446,0.337,0.964
45.5,17019,15.25,15.56,1.75,-0.5,0.2023,96.75,17.44,39.966,70.851,12.33,-0.09,2.2,15.2,-6.5,15.69,-0.13,-1.32,18.1,1.21,-0.9,11446,0.188,0.987
45.6,17016,15.25,15.56,1.75,-0.5,0.2023,96.75,17.52,39.982,70.807,12.56,-0.31,2.5,15.7,-5.6,15.79,-0.38,-1.28,18.1,1.21,-0.7,11446,0.274,0.887
45.7,17016,15.25,15.56,1.75,-0.5,0.2023,96.75,17.52,39.982,70.807,12.56,-0.31,2.4,15.8,-6.1,16,-0.1,-1.18,18.11,1.21,-0.6,11446,0.43,1.042
45.8,17012,15.2187,15.56,1.75,-0.5,0.20223,96.69,17.64,39.979,70.78,12.79,-0.57,1.3,15.7,-5.8,16.07,-0.3,-1.15,18.11,1.23,-0.6,11446,0.413,1.006
45.9,17012,15.2187,15.56,1.75,-0.5,0.20223,96.69,17.64,39.979,70.78,12.79,-0.57,0.4,16.1,-6.4,16.09,-0.13,-1.12,18.11,1.23,-0.6,11446,0.319,1.047
46,17009,15.2187,15.56,1.75,-0.5,0.20217,96.69,17.44,39.973,70.758,13,-0.83,0.7,16.2,-6.6,16.27,-0.07,-1.09,18.11,1.24,-0.6,11446,0.335,1.006
46.1,17009,15.2187,15.56,1.75,-0.5,0.20217,96.69,17.44,39.973,70.758,13,-0.83,1.5,15.9,-4.9,16.41,-0.18,-1.09,18.1,1.29,-0.6,11446,-0.006,1.003
46.2,17006,15.2187,15.56,1.75,-0.5,0.20211,96.69,17.39,39.968,70.747,13.19,-1.04,1.9,15.9,-3.7,16.36,-0.2,-0.89,18.1,1.32,-0.5,11446,0.143,1.029
46.3,17006,15.2187,15.56,1.75,-0.5,0.20211,96.69,17.39,39.968,70.747,13.19,-1.04,2.5,16,-1.3,16.57,-0.13,-0.69,18.11,1.32,-0.3,11446,0.249,0.99
46.4,17003,15.2187,15.57,1.75,-0.5,0.20205,96.62,17.52,39.971,70.758,13.39,-1.2,1.9,15.8,-3.1,16.63,-0.28,-0.69,18.11,1.32,0.1,11446,-0.001,0.902
46.5,17003,15.2187,15.57,1.75,-0.5,0.20205,96.62,17.52,39.971,70.758,13.39,-1.2,1.8,16.5,-5.3,16.66,-0.22,-0.76,18.1,1.35,0.2,11446,0.372,0.954
46.6,17000,15.1875,15.57,1.75,-0.5,0.20192,96.56,17.45,39.964,70.785,13.58,-1.32,1.1,17,-5.9,16.66,-0.55,-0.73,18.1,1.45,0.2,11446,0.272,0.977
46.7,17000,15.1875,15.57,1.75,-0.5,0.20192,96.56,17.45,39.964,70.785,13.58,-1.32,1.1,17,-5.9,16.82,-0.45,-0.76,18.11,1.6,0.2,11446,0.446,1.057
46.8,16996,15.1875,15.57,1.75,-0.5,0.20186,96.56,17.48,39.955,70.813,13.79,-1.41,2.2,16.8,-8.1,16.8,-0.58,-0.76,18.11,1.67,0.2,11446,0.287,0.944
46.9,16996,15.1875,15.57,1.75,-0.5,0.20186,96.56,17.48,39.955,70.813,13.79,-1.41,2.8,16.1,-6.3,16.82,-0.83,-0.76,18.11,1.69,0.3,11446,0.201,0.998
47,16993,15.1875,15.57,1.75,-0.5,0.2018,96.56,17.43,39.934,70.851,13.97,-1.41,3.3,16.2,-1.2,16.87,-0.47,-0.69,18.11,1.69,0.7,11447,0.234,0.92
47.1,16993,15.1875,15.57,1.75,-0.5,0.2018,96.56,17.43,39.934,70.851,13.97,-1.41,2.2,17,-1.9,16.93,-0.67,-0.56,18.11,1.7,1.1,11447,0.324,0.936
47.2,16991,15.1562,15.57,1.75,-0.5,0.20173,96.5,17.45,39.928,70.895,14.16,-1.27,0.7,17.3,-4.9,16.87,-0.8,-0.56,18.1,1.75,1.1,11447,0.269,0.982
47.3,16991,15.1562,15.57,1.75,-0.5,0.20173,96.5,17.45,39.928,70.895,14.16,-1.27,-0.8,17.1,-5.1,16.95,-0.78,-0.63,18.1,1.91,1.1,11447,0.292,1.003
47.4,16988,15.1562,15.58,1.75,-0.5,0.20155,96.44,17.58,39.938,70.945,14.36,-1.07,-1.4,17.6,-4.2,17.07,-0.63,-0.69,18.11,1.96,1.1,11447,0.418,0.995
47.5,16988,15.1562,15.58,1.75,-0.5,0.20155,96.44,17.58,39.938,70.945,14.36,-1.07,-2.1,16.1,-6.4,17.11,-0.47,-0.69,18.1,1.99,0.5,11447,0.4,0.941
47.6,16985,15.125,15.58,1.75,-0.5,0.20142,96.37,17.48,39.951,70.95,14.56,-0.99,-3.6,14.3,-7.2,17.18,-0.63,-0.73,18.11,1.78,-0.6,11447,0.398,1.013
47.7,16985,15.125,15.58,1.75,-0.5,0.20142,96.37,17.48,39.951,70.95,14.56,-0.99,-0.4,18.7,-7.3,17.26,-0.73,-0.73,18.11,1.76,-1.6,11447,0.352,0.923
47.8,16982,15.0937,15.58,1.5,-0.5,0.20111,96.25,17.64,39.961,70.923,14.76,-1.07,-1.7,11,-7.4,17.17,-0.62,-0.79,18.11,1.57,-2.1,11447,0.246,1.075
47.9,16982,15.0937,15.58,1.5,-0.5,0.20111,96.25,17.64,39.961,70.923,14.76,-1.07,2.8,11.5,-7.1,17.3,-0.48,-0.79,18.11,1.21,-0.9,11447,0.42,0.954
48,16979,15.0625,15.58,1.5,-0.5,0.20098,96.19,17.43,39.931,70.851,14.94,-1.28,4.1,15.6,-4.9,17.31,-0.83,-0.76,18.11,1.43,0,11447,0.526,0.951
48.1,16979,15.0625,15.58,1.5,-0.5,0.20098,96.19,17.43,39.931,70.851,14.94,-1.28,7.1,12.5,-4,17.42,-0.58,-0.73,18.11,1.61,2.2,11447,0.324,0.897
48.2,16977,15.0312,15.58,1.5,-0.75,0.20073,96.12,17.41,39.931,70.763,15.13,-1.53,4.7,15,-3.6,17.53,-0.65,-0.69,18.1,1.82,4.1,11447,0.299,0.907
48.3,16977,15.0312,15.58,1.5,-0.75,0.20073,96.12,17.41,39.931,70.763,15.13,-1.53,1.4,12.2,-4.3,17.57,-0.33,-0.69,18.1,2.14,4.5,11447,0.377,0.964
48.4,16975,15.0312,15.58,1.25,-0.75,0.20055,96,17.51,39.961,70.642,15.32,-1.75,4.6,14.8,-4,17.6,-0.92,-0.69,18.1,2.03,4.4,11447,0.317,0.931
48.5,16975,15.0312,15.58,1.25,-0.75,0.20055,96,17.51,39.961,70.642,15.32,-1.75,5.1,16.6,-2.9,17.57,-0.38,-0.69,18.1,2.12,4.7,11447,0.372,1.047
48.6,16974,15,15.59,1.25,-1,0.20048,95.94,17.43,39.948,70.488,15.53,-2.04,2.8,11.3,-3,17.66,-0.35,-0.66,18.11,2.14,5,11447,0.312,1.037
48.7,16974,15,15.59,1.25,-1,0.20048,95.94,17.43,39.948,70.488,15.53,-2.04,2.7,16.4,-2.7,17.79,-0.5,-0.73,18.11,2.23,4.7,11447,0.249,1.044
48.8,16972,14.9687,15.59,1,-1,0.20023,95.81,17.7,39.928,70.301,15.74,-2.42,4.5,15.2,-1.3,17.83,-0.52,-0.66,18.1,2.36,5.1,11447,0.435,0.91
48.9,16972,14.9687,15.59,1,-1,0.20023,95.81,17.7,39.928,70.301,15.74,-2.42,4.4,11,-0.7,17.83,-0.03,-0.59,18.11,2.24,6.5,11447,0.428,0.827
49,16970,14.9062,15.59,1,-1,0.19998,95.75,17.56,39.937,70.142,15.96,-2.61,3.3,14.7,0,17.9,-0.33,-0.56,18.1,2.35,8,11447,0.418,0.982
49.1,16970,14.9062,15.59,1,-1,0.19998,95.75,17.56,39.937,70.142,15.96,-2.61,3.4,10.3,0,17.95,-0.42,-0.59,18.1,2.26,9.6,11447,0.249,0.944
49.2,16969,14.875,15.59,1,-1.25,0.19967,95.56,17.53,39.944,70.076,16.19,-2.36,2.5,12.3,0.7,18.09,0.3,-0.5,18.1,1.93,10.8,11447,0.108,1.068
49.3,16969,14.875,15.59,1,-1.25,0.19967,95.56,17.53,39.944,70.076,16.19,-2.36,-1.5,12.1,0.6,18.26,-0.23,-0.27,18.1,2,11,11447,0.355,1.024
49.4,16969,14.8437,15.59,1,-1.25,0.19942,95.5,17.51,39.91,70.032,16.45,-1.91,-4.2,7.4,-0.5,18.28,0.15,-0.2,18.11,2.08,9.6,11449,0.266,0.936
49.5,16969,14.8437,15.59,1,-1.25,0.19942,95.5,17.51,39.91,70.032,16.45,-1.91,-3.8,16.7,-1.2,18.25,0.18,-0.14,18.1,2.15,5.5,11449,0.322,0.905
49.6,16969,14.8125,15.59,1,-1.25,0.1993,95.44,17.51,39.937,69.938,16.7,-1.79,-0.1,11.9,-1.3,18.45,0.51,-0.14,18.1,2.2,1.7,11455,0.42,1.008
49.7,16969,14.8125,15.59,1,-1.25,0.1993,95.44,17.51,39.937,69.938,16.7,-1.79,0.7,9,-1.9,18.5,0.53,-0.17,18.1,1.99,1,11455,0.249,0.995
49.8,16970,14.7812,15.59,0.75,-1.25,0.19905,95.31,17.39,39.909,69.812,16.91,-2.11,2.8,14.4,-1.5,18.58,0.31,-0.23,18.1,1.87,2,11456,0.299,0.923
49.9,16970,14.7812,15.59,0.75,-1.25,0.19905,95.31,17.39,39.909,69.812,16.91,-2.11,2,10.1,1,18.76,0.15,-0.17,18.1,2.08,6.2,11456,0.337,0.946
50,16970,14.7812,15.59,0.75,-1.25,0.19905,95.25,17.58,39.937,69.751,17.09,-2.25,2.5,10.5,3.8,18.63,0.71,-0.17,18.1,1.9,8.1,11456,0.44,0.894
50.1,16970,14.7812,15.59,0.75,-1.25,0.19905,95.25,17.58,39.937,69.751,17.09,-2.25,5.2,12.1,2.3,18.82,0.6,-0.01,18.1,1.94,10.1,11456,0.208,0.944
50.2,16969,14.75,15.59,0.75,-1.5,0.19892,95.19,17.45,39.909,69.779,17.27,-2.07,-2.3,11.1,-1,19.01,0.51,-0.04,18.1,2.17,10.9,11458,0.324,0.99
50.3,16969,14.75,15.59,0.75,-1.5,0.19892,95.19,17.45,39.909,69.779,17.27,-2.07,-2.6,10.1,-1.1,19.04,0.93,-0.01,18.1,2.26,9.3,11458,0.362,0.933
50.4,16968,14.75,15.59,0.5,-1.5,0.19861,95.06,17.54,39.928,69.834,17.43,-1.79,-3.7,14.3,-1.5,19.07,0.4,-0.04,18.1,2.35,7.7,11461,0.017,0.923
50.5,16968,14.75,15.59,0.5,-1.5,0.19861,95.06,17.54,39.928,69.834,17.43,-1.79,-2.7,10.7,-2.6,19.2,0.68,-0.04,18.1,2.23,5,11461,0.35,1.047
50.6,16967,14.6875,15.59,0.5,-1.75,0.19842,95,17.43,39.903,69.894,17.58,-1.76,-5.1,13,-3.5,19.34,0.78,-0.1,18.1,2.18,3,11462,0.135,0.92
50.7,16967,14.6875,15.59,0.5,-1.75,0.19842,95,17.43,39.903,69.894,17.58,-1.76,0.5,18.5,-2.1,19.58,0.41,-0.14,18.1,2.26,1.9,11462,0.345,0.874
50.8,16966,14.6562,15.59,0.25,-1.75,0.19811,94.87,17.48,39.916,69.966,17.71,-2,2.8,14.1,-0.4,19.33,0.46,-0.14,18.1,2.39,3.4,11462,0.11,0.982
50.9,16966,14.6562,15.59,0.25,-1.75,0.19811,94.87,17.48,39.916,69.966,17.71,-2,0,9.5,-0.4,19.74,0.21,-0.17,18.1,2.29,6.6,11462,0.249,0.972
51,16965,14.5937,15.59,0.25,-1.75,0.19786,94.75,17.64,39.899,70.021,17.8,-2.39,-0.7,17.6,-1.7,19.93,0.56,-0.17,18.1,2.57,8,11464,0.43,0.915
51.1,16965,14.5937,15.59,0.25,-1.75,0.19786,94.75,17.64,39.899,70.021,17.8,-2.39,-2.2,16.9,-3.2,20.01,0.36,-0.1,18.1,2.7,7.4,11464,0.294,0.949
51.2,16965,14.5625,15.59,0.25,-2,0.19761,94.62,17.53,39.916,70.059,17.89,-3.02,-2.6,12,-3.3,20.14,-0.15,-0.14,18.1,2.83,5.7,11468,0.342,0.848
51.3,16965,14.5625,15.59,0.25,-2,0.19761,94.62,17.53,39.916,70.059,17.89,-3.02,3.6,14.6,-2.5,20.11,-0.57,-0.1,18.1,3.14,5.8,11468,0.244,0.837
51.4,16965,14.5625,15.59,0,-2,0.1973,94.5,17.41,39.881,70.12,17.97,-3.47,4.2,17.6,-1.7,20.2,-0.25,-0.07,18.1,3.49,8.7,11468,0.282,0.969
51.5,16965,14.5625,15.59,0,-2,0.1973,94.5,17.41,39.881,70.12,17.97,-3.47,4.8,15.1,0.9,20.34,-0.2,-0.01,18.1,3.76,11.1,11468,0.506,0.905
51.6,16964,14.5,15.59,0,-2,0.19723,94.44,17.45,39.902,70.208,18.08,-3.43,4,13.1,1,20.39,-0.67,-0.01,18.09,4.09,12.3,11471,0.156,0.949
51.7,16964,14.5,15.59,0,-2,0.19723,94.44,17.45,39.902,70.208,18.08,-3.43,0.7,16.7,0.4,20.49,-1.05,-0.01,18.1,4.39,14.1,11471,0.282,0.91
51.8,16960,14.4375,15.59,0,-2,0.19623,94.06,17.39,39.899,70.351,18.21,-2.78,-2.7,15.4,-1.2,20.45,-0.68,-0.01,18.1,4.47,12.5,11471,0.158,0.894
51.9,16960,14.4375,15.59,0,-2,0.19623,94.06,17.39,39.899,70.351,18.21,-2.78,-1.5,13.5,-1.9,20.53,-0.35,-0.01,18.09,4.39,8.8,11471,0.163,0.863
52,16959,14.3125,15.59,0,-2,0.1958,93.87,17.52,39.879,70.477,18.32,-2.05,-4.1,15.7,-3.3,20.79,-0.82,-0.07,18.1,4.35,5.1,11495,0.347,0.972
52.1,16959,14.3125,15.59,0,-2,0.1958,93.87,17.52,39.879,70.477,18.32,-2.05,-5.7,16.7,-3.3,20.88,-0.53,-0.04,18.1,4.29,2.1,11495,0.272,0.869
52.2,16960,14.25,15.59,0,-2.25,0.19523,93.56,17.5,39.874,70.543,18.41,-1.55,-0.4,13.5,-3.4,21.04,-0.8,-0.1,18.1,3.79,-0.5,11496,0.362,0.843
52.3,16960,14.25,15.59,0,-2.25,0.19523,93.56,17.5,39.874,70.543,18.41,-1.55,-0.7,13.1,-2.7,21.12,-0.57,-0.14,18.09,3.56,-1.1,11496,0.337,0.817
52.4,16961,14.2187,15.59,-0.25,-2.25,0.19486,93.31,17.38,39.906,70.527,18.37,-1.82,-3.8,15.6,-2.7,21.27,-0.52,-0.17,18.09,3.83,-1.7,11498,0.365,0.848
52.5,16961,14.2187,15.59,-0.25,-2.25,0.19486,93.31,17.38,39.906,70.527,18.37,-1.82,-3.3,16.2,-1.4,21.47,-0.68,-0.17,18.09,3.98,-1.9,11498,0.261,0.98
52.6,16960,14.0937,15.59,-0.25,-2.5,0.19442,93.19,17.46,39.909,70.477,18.19,-2.43,4.4,14.9,0.7,21.71,-0.82,-0.04,18.09,4.33,-0.1,11500,0.241,0.69
52.7,16960,14.0937,15.59,-0.25,-2.5,0.19442,93.19,17.46,39.909,70.477,18.19,-2.43,2.8,15.2,0.2,21.42,-1.03,-0.04,18.09,5.36,4.8,11500,0.448,0.814
52.8,16955,14.0625,15.6,-0.75,-2.5,0.19367,92.81,17.52,39.909,70.395,17.94,-3.04,4.7,18.3,-1,21.22,-0.97,0.16,18.09,6.17,8.7,11480,0.312,0.915
52.9,16955,14.0625,15.6,-0.75,-2.5,0.19367,92.81,17.52,39.909,70.395,17.94,-3.04,0.2,15.7,-1.6,21.5,-1.08,0.09,18.09,6.54,10.7,11480,0.435,0.887
53,16952,13.9687,15.6,-0.75,-2.5,0.19336,92.69,17.43,39.899,70.395,17.71,-3.46,4.8,15.6,-0.3,21.23,-1.27,-0.04,18.09,6.79,12.2,11478,0.231,0.863
53.1,16952,13.9687,15.6,-0.75,-2.5,0.19336,92.69,17.43,39.899,70.395,17.71,-3.46,2.9,17.4,-0.2,20.84,-0.9,0.06,18.09,6.92,13.2,11478,0.423,0.814
53.2,16949,13.9062,15.6,-0.75,-2.75,0.19298,92.44,17.5,39.879,70.323,17.5,-3.61,-1.5,20.2,-0.5,21.15,-1.15,-0.01,18.09,7.23,14,11481,0.183,0.83
53.3,16949,13.9062,15.6,-0.75,-2.75,0.19298,92.44,17.5,39.879,70.323,17.5,-3.61,-3,19.1,-0.5,21.28,-1.35,0.06,18.08,7.73,13.1,11481,0.461,0.915
53.4,16944,13.8437,15.6,-1,-2.75,0.19211,92.12,17.64,39.906,70.367,17.29,-3.46,-2.1,19.4,1,20.93,-1.42,-0.14,18.08,7.7,12.3,11483,0.456,0.848
53.5,16944,13.8437,15.6,-1,-2.75,0.19211,92.12,17.64,39.906,70.367,17.29,-3.46,-4.2,22.7,0.2,20.71,-1.17,-0.2,18.08,8.75,11.8,11483,0.266,0.822
53.6,16939,13.7187,15.61,-1,-3,0.19173,91.94,17.53,39.886,70.428,17.15,-3.24,-7.5,24.4,-2,21.44,-1.49,-0.1,18.08,8.82,9.8,11483,0.39,0.783
53.7,16939,13.7187,15.61,-1,-3,0.19173,91.94,17.53,39.886,70.428,17.15,-3.24,-5.6,23.9,-2.1,21.38,-1.15,-0.01,18.09,9.3,6.8,11483,0.385,0.708
53.8,16933,13.6875,15.61,-1.25,-3,0.19123,91.69,17.56,39.919,70.417,17.08,-3.35,-1.1,22.9,-2.6,21.09,-1.2,0.13,18.08,9.27,4.2,11484,0.415,0.693
53.9,16933,13.6875,15.61,-1.25,-3,0.19123,91.69,17.56,39.919,70.417,17.08,-3.35,-3.4,28.8,-3.7,21.38,-1.69,0.06,18.08,9.71,2.6,11484,0.35,0.729
54,16930,13.625,15.61,-1.25,-3,0.19092,91.5,17.57,39.906,70.351,17.06,-3.99,-5.6,28.3,-2.3,21.54,-1.74,-0.04,18.08,10.04,1.8,11484,0.236,0.814
54.1,16930,13.625,15.61,-1.25,-3,0.19092,91.5,17.57,39.906,70.351,17.06,-3.99,3.5,24.2,-1.8,21.17,-1.57,0.09,18.08,10.23,2,11484,0.362,0.61
54.2,16927,13.5312,15.62,-1.25,-3.25,0.1903,91.25,17.54,39.91,70.252,17.13,-4.73,3.8,26.3,-1.8,21.34,-1.89,-0.01,18.08,9.97,5.3,11484,0.236,0.693
54.3,16927,13.5312,15.62,-1.25,-3.25,0.1903,91.25,17.54,39.91,70.252,17.13,-4.73,1,25.1,-1.5,21.82,-1.85,0.16,18.08,9.95,9,11484,0.388,0.806
54.4,16925,13.4687,15.62,-1.25,-3.25,0.18955,90.87,17.53,39.902,70.098,17.31,-5.36,2.9,23.5,0,21.41,-2.15,0.13,18.08,10.1,11.9,11487,0.181,0.75
54.5,16925,13.4687,15.62,-1.25,-3.25,0.18955,90.87,17.53,39.902,70.098,17.31,-5.36,3.8,21.7,-1.1,21.68,-2.15,0.26,18.08,9.86,13,11487,0.057,0.83
54.6,16921,13.3125,15.62,-1.25,-3.25,0.18886,90.62,17.45,39.874,69.944,17.52,-5.78,1.6,18,-1.3,22.42,-2.07,0.22,18.08,9.54,15.3,11486,0.332,0.879
54.7,16921,13.3125,15.62,-1.25,-3.25,0.18886,90.62,17.45,39.874,69.944,17.52,-5.78,0.1,18.1,-2.3,21.95,-2.47,0.42,18.07,9.86,15.7,11486,0.393,0.762
54.8,16915,13.2187,15.62,-1.25,-3.25,0.18717,89.87,17.52,39.892,69.856,17.72,-5.62,1,20.8,-1.6,21.98,-2.45,0.45,18.08,9.84,16.3,11487,0.087,0.949
54.9,16915,13.2187,15.62,-1.25,-3.25,0.18717,89.87,17.52,39.892,69.856,17.72,-5.62,-0.4,19.7,-1.5,22.93,-2.27,0.26,18.07,9.98,16.5,11487,0.214,0.91
55,16912,13,15.62,-1.25,-3.25,0.18655,89.56,17.54,39.895,69.845,17.89,-4.5,-3,14.6,-2.7,22.98,-2.05,0.45,18.07,9.94,15.5,11487,0.208,0.794
55.1,16912,13,15.62,-1.25,-3.25,0.18655,89.56,17.54,39.895,69.845,17.89,-4.5,-8,22.1,-1.9,23.08,-2.37,0.19,18.07,9.8,10.9,11487,0.261,0.693
55.2,16906,12.8125,15.63,-1.25,-3.25,0.18511,88.87,17.67,39.919,69.812,17.95,-2.85,-3.9,27.2,-0.7,23.55,-1.39,0.22,18.07,9.46,6.1,11491,0.075,0.75
55.3,16906,12.8125,15.63,-1.25,-3.25,0.18511,88.87,17.67,39.919,69.812,17.95,-2.85,-3.4,26.7,-2,24.11,-1.6,0.09,18.07,11.19,3.7,11491,0.277,0.944
55.4,16900,12.6875,15.63,-1.25,-3.25,0.18361,88.19,17.46,39.886,69.702,17.85,-1.33,-2.7,24.4,-2.1,23.47,-1.32,0.16,18.07,10.89,2,11491,0.335,0.737
55.5,16900,12.6875,15.63,-1.25,-3.25,0.18361,88.19,17.46,39.886,69.702,17.85,-1.33,-4.4,29.4,-1.5,23.7,-1.2,-0.01,18.07,11.04,0.5,11491,0.332,0.703
55.6,16895,12.5937,15.64,-1.25,-3,0.18336,88,17.45,39.834,69.542,17.56,-0.04,-2.9,37.5,-1,24.17,0,-0.14,18.07,10.96,-0.9,11493,0.077,0.556
55.7,16895,12.5937,15.64,-1.25,-3,0.18336,88,17.45,39.834,69.542,17.56,-0.04,-1,37.9,-0.5,24.19,0.78,-0.46,18.07,9.49,-2.5,11493,0.201,0.773
55.8,16889,12.5625,15.64,-1,-3,0.1833,87.87,17.43,39.826,69.333,17.1,0.71,-4.1,36.5,-1.4,24.76,0.9,0.13,18.07,8.05,-3.2,11493,0.279,0.618
55.9,16889,12.5625,15.64,-1,-3,0.1833,87.87,17.43,39.826,69.333,17.1,0.71,-1,44.9,-0.5,24.87,0.63,0.13,18.07,6.51,-3,11493,0.246,0.796
56,16883,12.625,15.64,-1,-3,0.18374,88,17.57,39.884,69.108,16.31,1.01,-0.5,48.1,2,24.3,1.56,-0.01,18.07,5.74,-1.7,11496,0.186,0.685
56.1,16883,12.625,15.64,-1,-3,0.18374,88,17.57,39.884,69.108,16.31,1.01,2.2,42.4,2.1,23.71,2.32,-0.14,18.06,4.79,-0.6,11496,0.251,0.796
56.2,16878,12.8437,15.65,-1,-2.75,0.18549,88.62,17.33,39.864,68.827,15.22,0.88,1.6,23.8,2.5,23.71,1.94,-0.3,18.07,3.08,0.6,11496,0.299,0.835
56.3,16878,12.8437,15.65,-1,-2.75,0.18549,88.62,17.33,39.864,68.827,15.22,0.88,3.7,17,2.3,23.6,1.66,-0.1,18.07,0.72,2.4,11496,0.322,0.858
56.4,16871,13,15.65,-1,-2.75,0.18774,89.62,17.6,39.881,68.508,13.77,0.1,4,20.3,0.7,23.63,1.89,-0.14,18.06,-1.19,3.6,11496,0.287,0.768
56.5,16871,13,15.65,-1,-2.75,0.18774,89.62,17.6,39.881,68.508,13.77,0.1,5.8,17.4,2.3,22.97,2.34,-0.04,18.06,-3.37,4.8,11496,0.11,0.662
56.6,16866,13.4062,15.65,-1,-3,0.18942,90.31,17.46,39.85,68.189,11.94,-1.34,3.8,10.6,4.7,21.71,1.86,-0.3,18.07,-5.11,7.4,11496,0.259,0.713
56.7,16866,13.4062,15.65,-1,-3,0.18942,90.31,17.46,39.85,68.189,11.94,-1.34,2.6,14.6,3.5,21.44,1.68,-0.17,18.06,-6.65,8.8,11496,0.183,0.801
56.8,16854,13.6562,15.66,-1.25,-3,0.19273,91.87,17.65,39.839,67.931,10,-3.44,5.3,18.1,3,21.25,1.81,-0.14,18.07,-7.49,9.6,11499,0.181,0.682
56.9,16854,13.6562,15.66,-1.25,-3,0.19273,91.87,17.65,39.839,67.931,10,-3.44,5.4,9.2,3.8,19.6,1.78,0.03,18.06,-4.54,12,11499,0.299,0.719
57,16836,13.9375,15.67,-1.25,-3,0.19348,92.44,17.43,39.825,67.766,7.86,-5.99,3.6,1.3,4.8,18.2,0.96,0.13,18.06,-2.76,15.7,11499,0.024,0.762
57.1,16836,13.9375,15.67,-1.25,-3,0.19348,92.44,17.43,39.825,67.766,7.86,-5.99,4.5,5.2,2.2,17.98,0.8,0.22,18.06,-4.14,16.1,11499,0.047,0.77
57.2,16810,13.8437,15.69,-1.25,-3.25,0.19236,92.37,17.5,39.834,67.771,5.73,-7.96,6.6,8.7,1,16.74,0.78,0.39,18.06,-5.18,16.8,11501,0.166,0.801
57.3,16810,13.8437,15.69,-1.25,-3.25,0.19236,92.37,17.5,39.834,67.771,5.73,-7.96,6.3,4.1,1.8,15.38,0.15,0.42,18.06,-4.97,18.4,11501,0.047,0.819
57.4,16785,13.7187,15.71,-1.25,-3.25,0.19005,91.56,17.54,39.847,67.964,3.72,-8.71,5.8,3.4,3.9,14.89,0.11,0.49,18.06,-4.97,19.7,11501,0.045,0.695
57.5,16785,13.7187,15.71,-1.25,-3.25,0.19005,91.56,17.54,39.847,67.964,3.72,-8.71,4.9,9.2,2.2,13.91,0.13,0.65,18.06,-4.85,19.6,11501,0.337,0.618
57.6,16765,13.5,15.72,-1.25,-3.25,0.18923,91.19,17.55,39.805,68.277,1.9,-8.4,0.2,10,0.7,12.76,-0.02,0.62,18.06,-4.58,19.4,11500,0.166,0.641
57.7,16765,13.5,15.72,-1.25,-3.25,0.18923,91.19,17.55,39.805,68.277,1.9,-8.4,-2.1,10.3,-1.1,12.14,-0.53,0.58,18.05,-3.59,15.7,11500,0.211,0.726
57.8,16748,13.4375,15.73,-1.25,-3.25,0.1888,90.81,17.51,39.834,68.585,0.43,-7.72,-1.6,10.5,-2.1,11.55,-0.33,0.42,18.06,-2.54,8.9,11500,0.019,0.638
57.9,16748,13.4375,15.73,-1.25,-3.25,0.1888,90.81,17.51,39.834,68.585,0.43,-7.72,-1.4,8.3,-3.3,10.47,-0.25,0.32,18.06,-2.3,4.7,11500,0.128,0.695
58,16740,13.4687,15.74,-1.25,-3.25,0.18911,90.87,17.55,39.805,68.816,-0.9,-6.9,-0.4,8.8,-3.5,9.97,-0.75,0.26,18.06,-2.8,4.1,11501,0.206,0.628
58.1,16740,13.4687,15.74,-1.25,-3.25,0.18911,90.87,17.55,39.805,68.816,-0.9,-6.9,-0.1,9.7,-4.4,9.7,-1.03,0.26,18.06,-3.25,4.1,11501,-0.021,0.62
58.2,16734,13.625,15.74,-1.25,-3,0.1903,91.31,17.58,39.822,69.009,-1.97,-6.01,-1.5,9.9,-5,9.06,-0.65,0.09,18.06,-3.11,4.1,11501,0.019,0.525
58.3,16734,13.625,15.74,-1.25,-3,0.1903,91.31,17.58,39.822,69.009,-1.97,-6.01,-1.3,9.3,-3.3,8.66,-0.77,0.09,18.06,-3.11,4.1,11501,0.156,0.607
58.4,16727,13.7187,15.74,-1,-3,0.19173,91.94,17.53,39.802,69.135,-2.77,-5.02,-2.6,10.1,-2.8,8.69,-1.15,0.09,18.05,-3.2,4.1,11505,0.282,0.726
58.5,16727,13.7187,15.74,-1,-3,0.19173,91.94,17.53,39.802,69.135,-2.77,-5.02,-2.3,11.1,-2.5,8.5,-0.98,0.09,18.06,-3.03,3.6,11505,0.13,0.517
58.6,16720,13.9375,15.75,-1,-3,0.19248,92.31,17.53,39.812,69.218,-3.31,-4,-2.5,12.9,-2.4,8.24,-0.87,0.06,18.05,-2.78,3,11505,0.208,0.607
58.7,16720,13.9375,15.75,-1,-3,0.19248,92.31,17.53,39.812,69.218,-3.31,-4,-2.1,13.2,-0.2,8.3,-1.23,0.09,18.05,-2.49,2.6,11505,0.173,0.659
58.8,16709,14.0312,15.76,-1,-3,0.19373,92.94,17.5,39.808,69.245,-3.58,-3.04,0.5,11.4,1.9,8.41,-1.2,0.16,18.05,-2.51,2.6,11508,0.188,0.659
58.9,16709,14.0312,15.76,-1,-3,0.19373,92.94,17.5,39.808,69.245,-3.58,-3.04,1,11.1,1.6,8.24,-0.98,0.22,18.05,-2.86,2.6,11508,0.193,0.602
59,16700,14.2187,15.76,-1,-3,0.19442,93.31,17.5,39.787,69.245,-3.69,-2.02,-0.7,10.8,-0.2,8.38,-0.97,0.22,18.05,-3.02,2.6,11508,0.272,0.543
59.1,16700,14.2187,15.76,-1,-3,0.19442,93.31,17.5,39.787,69.245,-3.69,-2.02,-1.5,11,-1.3,8.69,-1.05,0.26,18.06,-3.04,2.6,11508,0.15,0.597
59.2,16691,14.4687,15.77,-1,-3,0.19592,94,17.54,39.808,69.212,-3.62,-1.03,-2.4,10.2,-0.9,8.72,-0.78,0.26,18.06,-3.06,2.4,11511,0.181,0.731
59.3,16691,14.4687,15.77,-1,-3,0.19592,94,17.54,39.808,69.212,-3.62,-1.03,-2.9,10.1,-0.9,8.8,-0.6,0.29,18.05,-3.07,1.5,11511,0.156,0.698
59.4,16682,14.5937,15.77,-0.75,-3,0.19761,94.81,17.56,39.797,69.163,-3.44,-0.21,-3.1,11.3,-0.8,9.31,-0.58,0.26,18.05,-3.06,0.5,11511,0.193,0.675
59.5,16682,14.5937,15.77,-0.75,-3,0.19761,94.81,17.56,39.797,69.163,-3.44,-0.21,-2.4,11.9,-1,9.41,-0.3,0.26,18.05,-2.96,0.4,11511,0.153,0.711
59.6,16672,14.8437,15.78,-0.75,-3,0.19842,95.25,17.6,39.787,69.086,-3.17,0.4,-0.5,12.7,-1.7,9.69,-0.1,0.22,18.05,-2.88,0.4,11515,0.12,0.695
59.7,16672,14.8437,15.78,-0.75,-3,0.19842,95.25,17.6,39.787,69.086,-3.17,0.4,-0.4,14.1,-2,10.11,0.02,0.19,18.05,-2.72,0.4,11515,0.324,0.814
59.8,16659,15,15.79,-0.75,-3,0.20042,96.19,17.51,39.808,69.014,-2.86,0.77,0.5,13.2,-0.5,10.39,-0.03,0.19,18.05,-2.42,0.4,11515,0.314,0.706
59.9,16659,15,15.79,-0.75,-3,0.20042,96.19,17.51,39.808,69.014,-2.86,0.77,2.2,12.7,1.2,10.47,0.15,0.19,18.05,-2.4,0.4,11515,0.133,0.804
60,16648,15.2812,15.79,-0.75,-3,0.2013,96.62,17.52,39.794,68.948,-2.47,0.96,3.3,10.8,-0.4,10.7,0.3,0.19,18.05,-2.38,0.8,11517,0.299,0.801
60.1,16648,15.2812,15.79,-0.75,-3,0.2013,96.62,17.52,39.794,68.948,-2.47,0.96,2.9,9.8,0.5,11.16,0.7,0.19,18.05,-2.37,1.9,11517,0.057,0.791
60.2,16637,15.5937,15.8,-0.75,-3,0.20323,97.56,17.43,39.8,68.915,-2.06,1.03,1.6,9.3,1.3,11.34,0.51,0.22,18.05,-2.37,2.2,11517,0.208,0.755
60.3,16637,15.5937,15.8,-0.75,-3,0.20323,97.56,17.43,39.8,68.915,-2.06,1.03,-0.6,10.3,0.2,11.52,0.71,0.22,18.06,-2.37,2.2,11517,0.272,0.654
60.4,16625,15.7187,15.81,-0.75,-3,0.20455,98.31,17.5,39.784,68.915,-1.66,0.98,-1.8,12.2,-1.4,11.85,0.86,0.22,18.05,-2.25,2.2,11513,0.15,0.711
60.5,16625,15.7187,15.81,-0.75,-3,0.20455,98.31,17.5,39.784,68.915,-1.66,0.98,-2.5,12.2,-1.4,12.03,0.75,0.22,18.05,-1.78,2.2,11513,0.337,0.822
60.6,16614,15.9375,15.82,-0.75,-3,0.20517,98.69,17.56,39.805,68.965,-1.25,0.82,-2.4,12,-1,12.16,0.78,0.22,18.05,-1.5,1.9,11513,0.246,0.843
60.7,16614,15.9375,15.82,-0.75,-3,0.20517,98.69,17.56,39.805,68.965,-1.25,0.82,-2.9,12.2,-1.4,12.46,1.01,0.16,18.05,-1.48,1.2,11513,0.135,0.91
60.8,16598,16.0625,15.83,-0.75,-3,0.20686,99.5,17.51,39.808,69.053,-0.87,0.62,-3,12.7,-2.7,12.77,0.76,0.19,18.05,-1.45,0.6,11513,0.178,0.881
60.9,16598,16.0625,15.83,-0.75,-3,0.20686,99.5,17.51,39.808,69.053,-0.87,0.62,-0.6,10.1,-3.4,12.8,0.61,0.16,18.05,-1.45,0.6,11513,0.299,0.954
61,16587,16.2812,15.83,-0.75,-3,0.20742,99.81,17.47,39.794,69.19,-0.49,0.32,3.3,8.4,-2.8,13.25,0.48,0.16,18.05,-1.68,0.7,11513,0.302,0.907
61.1,16587,16.2812,15.83,-0.75,-3,0.20742,99.81,17.47,39.794,69.19,-0.49,0.32,3.4,6.5,-3,13.48,0.61,0.19,18.05,-1.87,1.5,11513,0.466,0.982
61.2,16577,16.5625,15.84,-0.75,-3,0.20892,100.56,17.37,39.808,69.372,-0.15,0.07,3.7,5,-1,13.21,0.65,0.19,18.05,-1.9,2.2,11513,0.249,0.969
61.3,16577,16.5625,15.84,-0.75,-3,0.20892,100.56,17.37,39.808,69.372,-0.15,0.07,3.3,6.1,1.7,13.29,0.55,0.32,18.05,-1.94,2.6,11513,0.289,0.931
61.4,16566,16.6562,15.85,-0.5,-3,0.21048,101.31,17.51,39.815,69.597,0.13,-0.06,2.2,5.7,5.3,13.7,0.58,0.58,18.05,-2,2.7,11513,0.176,1.042
61.5,16566,16.6562,15.85,-0.5,-3,0.21048,101.31,17.51,39.815,69.597,0.13,-0.06,-0.8,6.7,3.5,13.73,0.58,0.81,18.05,-2.07,2.7,11513,0.186,1.075
61.6,16555,16.875,15.85,-0.5,-2.75,0.21092,101.62,17.6,39.797,69.861,0.34,-0.1,-1.9,7.1,0,13.66,0.61,0.75,18.05,-2.1,2.5,11513,0.256,1.088
61.7,16555,16.875,15.85,-0.5,-2.75,0.21092,101.62,17.6,39.797,69.861,0.34,-0.1,-2.3,7.6,-2.5,13.97,0.18,0.62,18.05,-2.15,2.3,11513,0.128,0.995
61.8,16540,17.0312,15.86,-0.25,-2.75,0.21255,102.31,17.68,39.819,70.114,0.49,-0.12,-2.6,8.3,-5.2,13.96,0.16,0.39,18.05,-2.15,1.6,11513,0.264,0.938
61.9,16540,17.0312,15.86,-0.25,-2.75,0.21255,102.31,17.68,39.819,70.114,0.49,-0.12,-3.1,9.2,-4.6,13.07,0.6,0.39,18.06,-2.13,1.1,11513,0.272,1.088
62,16529,17.3125,15.87,-0.25,-2.75,0.21386,102.94,17.5,39.802,70.389,0.59,-0.05,-3.2,9.4,-3.9,13.25,0.02,0.39,18.05,-2.11,0.5,11513,0.322,1.114
62.1,16529,17.3125,15.87,-0.25,-2.75,0.21386,102.94,17.5,39.802,70.389,0.59,-0.05,-3.4,8.9,-3.5,13.42,-0.57,0.35,18.05,-2.15,-0.1,11513,0.261,1.042
62.2,16517,17.5312,15.88,-0.25,-2.75,0.21498,103.62,17.4,39.818,70.648,0.65,-0.02,-3.7,8.7,-3.3,13.37,0.38,0.39,18.05,-2.34,-1.1,11513,0.425,0.985
62.3,16517,17.5312,15.88,-0.25,-2.75,0.21498,103.62,17.4,39.818,70.648,0.65,-0.02,-4.1,10,-2.7,13.42,0.03,0.42,18.06,-2.44,-1.9,11513,0.163,1.021
62.4,16505,17.625,15.89,0,-2.75,0.21573,104.06,17.39,39.805,70.884,0.71,-0.09,-4,12.4,-2.1,13.4,-0.55,0.42,18.06,-2.13,-2.2,11513,0.042,0.949
62.5,16505,17.625,15.89,0,-2.75,0.21573,104.06,17.39,39.805,70.884,0.71,-0.09,-3.7,13.5,-1.4,13.23,-0.23,0.42,18.05,-1.51,-2.7,11513,0.251,1.011
62.6,16493,17.7812,15.89,0,-2.25,0.21636,104.37,17.43,39.825,71.11,0.8,-0.2,-2.3,13.6,-0.9,13.39,-1.15,0.42,18.06,-1.09,-2.9,11513,0.234,0.993
62.7,16493,17.7812,15.89,0,-2.25,0.21636,104.37,17.43,39.825,71.11,0.8,-0.2,1.2,13,-1.1,13.04,-0.13,0.49,18.05,-1.08,-2.9,11513,0.395,0.941
62.8,16478,17.875,15.9,0.5,-2.25,0.2168,104.75,17.6,39.808,71.313,0.92,-0.25,2.9,12.3,-0.1,13.07,-0.45,0.52,18.06,-1.15,-2.2,11481,0.145,1.109
62.9,16478,17.875,15.9,0.5,-2.25,0.2168,104.75,17.6,39.808,71.313,0.92,-0.25,2.5,11.8,0,12.85,-0.45,0.55,18.05,-1.15,-0.8,11481,0.156,0.928
63,16467,18.0312,15.91,0.5,-2.25,0.2178,105.12,17.51,39.822,71.539,1.09,-0.17,-1.1,11.6,-0.6,13.21,-1.17,0.55,18.06,-1.19,-0.7,11481,0.095,1.055
63.1,16467,18.0312,15.91,0.5,-2.25,0.2178,105.12,17.51,39.822,71.539,1.09,-0.17,-2.7,12.7,-0.4,13.03,-0.97,0.55,18.06,-1.34,-0.7,11481,0.279,1.008
63.2,16456,18.3125,15.92,0.5,-2,0.21892,105.69,17.47,39.808,71.742,1.27,-0.02,-3.6,13.5,-0.5,12.98,-0.83,0.55,18.06,-1.31,-1.3,11481,0.166,1.055
63.3,16456,18.3125,15.92,0.5,-2,0.21892,105.69,17.47,39.808,71.742,1.27,-0.02,-4,13.6,-0.6,13.17,-1.05,0.58,18.06,-1.19,-2.2,11481,0.145,1.024
63.4,16445,18.4062,15.93,0.75,-2,0.22048,106.44,17.45,39.826,71.913,1.49,-0.02,-4.1,13.1,-0.5,12.76,-1.49,0.55,18.06,-1.18,-2.8,11481,0.236,1.137
63.5,16445,18.4062,15.93,0.75,-2,0.22048,106.44,17.45,39.826,71.913,1.49,-0.02,-3.3,12,-1.1,12.52,-1.65,0.58,18.06,-1.21,-3.2,11481,0.342,0.956
63.6,16435,18.5937,15.93,0.75,-1.75,0.22092,106.75,17.55,39.819,72.039,1.69,-0.07,-3,11.3,-3,12.43,-1.84,0.62,18.06,-1.34,-3.3,11481,0.272,1.075
63.7,16435,18.5937,15.93,0.75,-1.75,0.22092,106.75,17.55,39.819,72.039,1.69,-0.07,-0.7,10.1,-3.2,12.3,-1.32,0.55,18.06,-1.7,-3.3,11481,0.186,1.044
63.8,16421,18.6562,15.94,1,-1.75,0.22142,107.06,17.44,39.834,72.116,1.92,-0.05,1.3,9.6,-1.7,12.66,-1.27,0.55,18.06,-2.07,-3.3,11481,0.289,1.093
63.9,16421,18.6562,15.94,1,-1.75,0.22142,107.06,17.44,39.834,72.116,1.92,-0.05,1.2,8.4,-2.1,12.36,-1.03,0.55,18.06,-2.41,-3.3,11481,0.388,1.042
64,16410,18.8437,15.95,1,-1.75,0.22236,107.44,17.6,39.812,72.171,2.13,-0.23,-0.7,8.6,-2.7,12.41,-1.4,0.55,18.06,-2.73,-3.3,11478,0.153,1.099
64.1,16410,18.8437,15.95,1,-1.75,0.22236,107.44,17.6,39.812,72.171,2.13,-0.23,-2.3,9.3,-1.4,12.88,-1.64,0.52,18.06,-2.78,-3.3,11478,0.357,1.101
64.2,16400,19.0625,15.95,1,-1.5,0.22336,108,17.4,39.839,72.215,2.31,-0.36,-2,8.5,-0.8,12.41,-1.18,0.52,18.06,-2.85,-3.3,11478,0.284,1.106
64.3,16400,19.0625,15.95,1,-1.5,0.22336,108,17.4,39.839,72.215,2.31,-0.36,-1.1,9.3,-1,12.54,-1.25,0.52,18.06,-2.97,-3.3,11478,0.201,0.98
64.4,16390,19.125,15.96,1.25,-1.5,0.22436,108.5,17.53,39.818,72.243,2.47,-0.48,0.3,11.1,-0.6,12.68,-0.8,0.52,18.06,-2.61,-3.3,11477,0.297,1.078
64.5,16390,19.125,15.96,1.25,-1.5,0.22436,108.5,17.53,39.818,72.243,2.47,-0.48,0.4,11.1,-0.7,12.25,-1.2,0.52,18.07,-2.22,-3.3,11477,0.337,1.184
64.6,16380,19.3125,15.97,1.25,-1.25,0.22479,108.75,17.51,39.829,72.243,2.63,-0.74,-0.9,10.3,-1.2,12.32,-1.17,0.52,18.07,-2.35,-3.3,11477,0.423,1.013
64.7,16380,19.3125,15.97,1.25,-1.25,0.22479,108.75,17.51,39.829,72.243,2.63,-0.74,-1.6,11.2,-1.8,12.47,-0.73,0.52,18.07,-2.48,-3.3,11477,0.372,0.975
64.8,16368,19.4687,15.98,1.5,-1.25,0.22604,109.31,17.48,39.832,72.243,2.8,-1.1,-0.2,12.2,-1.4,12.55,-0.95,0.49,18.07,-2.49,-3.3,11475,0.236,1.187
64.9,16368,19.4687,15.98,1.5,-1.25,0.22604,109.31,17.48,39.832,72.243,2.8,-1.1,1.9,12,-0.5,12.35,-1.07,0.49,18.07,-2.3,-3.2,11475,0.398,1.07
65,16359,19.5937,15.98,1.5,-1.25,0.22617,109.5,17.44,39.834,72.265,3.01,-1.46,2.7,11.3,-0.5,12.35,-1.05,0.52,18.07,-2,-2.5,11475,0.34,1.223
