   missn_time ,   Vind_kias ,   Vind_keas ,   Vtrue_ktas ,   Vtrue_ktgs ,   Machratio ,   VVI_fpm ,   Gloadnorml ,   Gloadaxial ,   Gload_side ,   pitch_deg ,   roll_deg ,   hding_true ,   hding_mag ,   alpha_deg ,   beta_deg ,   hpath_deg ,   vpath_deg ,   slip_deg ,   altftmsl ,   altftagl ,   onrunwy ,   dist__ft ,   N1_1_pcnt ,   Ngear__lb ,   MLgear__lb ,   MRgear__lb ,   L/Dratio ,   cltotal ,   cdtotal,
13.53981,21.35523,22.60679,21.89459,0.18092,0.03412,-0.27127,1.00065,0.0803,0.01634,-0.04305,-1.13619,92.07081,68.33755,-1.90865,12.32413,94.10796,-1.73254,0.02318,23.48501,0.62373,1,2.2247,65.19955,650.07086,3782.3645,3779.34668,3.18936,0.69015,0.21639, 
13.62117,22.2171,23.60044,22.85694,0.31243,0.03562,-0.30032,0.99922,0.08395,0.01723,-0.03691,-1.13883,92.04361,68.31036,-3.2323,12.66125,93.92278,-1.26681,0.023,23.48409,0.62261,1,2.26077,65.34145,650.30994,3796.75586,3788.98975,2.62021,0.56618,0.21608, 
13.72631,22.58417,23.94525,23.19089,0.50405,0.03614,-0.34087,1.00241,0.09496,0.01271,-0.02787,-1.14039,91.99742,68.26417,-3.41005,12.49214,93.07861,-0.47222,0.02331,23.48294,0.62122,1,2.33651,65.68977,645.03601,3812.24707,3802.10132,2.60816,0.55902,0.21433, 
13.82237,22.8811,24.23668,23.47314,0.67692,0.03658,-0.33595,1.00315,0.08888,0.01078,-0.02212,-1.14862,91.95757,68.22431,-3.48854,12.31076,92.20371,0.13387,0.02413,23.48266,0.62077,1,2.43519,66.17776,639.12823,3827.77612,3793.64575,2.55479,0.55645,0.21781, 
13.91614,22.4916,23.64599,22.90105,0.82944,0.03569,-0.28521,1.00201,0.0805,0.01257,-0.02225,-1.16445,91.92991,68.19666,-3.5532,12.55371,91.733,0.40481,0.02579,23.48314,0.6209,1,2.55696,66.78608,644.21661,3844.49805,3770.20776,2.46276,0.56904,0.23106, 
14.00254,21.88877,23.01867,22.29349,0.95981,0.03474,-0.21604,1.00106,0.07499,0.01453,-0.02947,-1.1831,91.91614,68.18288,-3.63912,12.74266,91.57719,0.48376,0.02856,23.48399,0.6215,1,2.68991,67.44469,661.53094,3857.87329,3739.83398,2.41131,0.58319,0.24186, 
14.10287,21.25154,22.4099,21.70391,1.10299,0.03382,-0.12287,1.00088,0.07203,0.01823,-0.04554,-1.20333,91.91148,68.17822,-3.70974,12.81366,91.70995,0.5431,0.03414,23.48532,0.62237,1,2.86705,68.31026,690.37482,3869.75098,3704.2522,2.38474,0.60017,0.25167, 
14.18413,20.90217,22.02201,21.32823,1.21752,0.03324,-0.04178,1.00047,0.07123,0.01979,-0.06183,-1.2145,91.91207,68.17881,-3.72504,12.81357,91.95711,0.54278,0.04104,23.48658,0.62317,1,3.02818,69.08466,709.80634,3869.84058,3685.42139,2.36206,0.61174,0.25898, 
14.29051,20.48705,21.64251,20.96069,1.36633,0.03267,0.05997,0.99936,0.07009,0.02015,-0.08338,-1.22026,91.91272,68.17946,-3.81969,12.75276,92.29372,0.47771,0.05316,23.48826,0.62427,1,3.26282,70.18633,732.11108,3859.17944,3667.47705,2.35566,0.62595,0.26572, 
14.38826,20.23389,21.40978,20.73529,1.50202,0.03232,0.13462,0.99932,0.06938,0.01887,-0.10015,-1.21937,91.91122,68.17796,-3.87167,12.6575,92.47846,0.38638,0.06645,23.48961,0.62486,1,3.5017,71.27255,746.57776,3849.41382,3663.29883,2.3759,0.63798,0.26852, 
14.50307,20.0878,21.2344,20.56544,1.66099,0.03205,0.19372,0.99935,0.06908,0.01715,-0.11336,-1.21637,91.90751,68.17425,-3.91492,12.55749,92.54498,0.2885,0.08381,23.49083,0.62518,1,3.81126,72.61273,752.96509,3842.03711,3663.49756,2.40318,0.65156,0.27112, 
14.60681,20.02661,21.22109,20.55255,1.80496,0.03203,0.22447,0.99973,0.06933,0.01598,-0.11874,-1.21626,91.90358,68.17032,-4.01674,12.46693,92.50145,0.23609,0.10077,23.49167,0.62506,1,4.1172,73.86855,752.24353,3844.09595,3663.42896,2.43185,0.6578,0.27049, 
14.7078,20.0878,21.29785,20.62689,1.94636,0.03215,0.24312,1.00014,0.07018,0.01577,-0.11853,-1.21972,91.90028,68.16702,-4.03975,12.43228,92.43007,0.2158,0.11907,23.49236,0.62476,1,4.43927,75.13384,745.65656,3852.32739,3661.49121,2.44789,0.66283,0.27078, 
14.82447,20.23996,21.42528,20.75031,2.11221,0.03234,0.26153,1.00043,0.07155,0.01545,-0.11337,-1.22709,91.89919,68.16591,-4.07447,12.40156,92.34344,0.2169,0.14157,23.49318,0.62419,1,4.8421,76.64944,734.10852,3866.12207,3656.07227,2.47805,0.66926,0.27008, 
14.92771,21.01927,22.44591,21.73878,2.2583,0.03388,0.28785,1.0024,0.06976,0.01601,-0.1067,-1.2372,91.90575,68.17248,-3.97413,11.91974,92.27275,0.28214,0.16078,23.49419,0.62399,1,5.22551,78.01235,721.46454,3881.49756,3645.86035,2.60684,0.66336,0.25447, 
15.03908,22.14518,23.56843,22.82594,2.41244,0.03557,0.35683,1.00204,0.06924,0.01709,-0.09994,-1.25031,91.92612,68.19284,-3.75356,11.5243,92.25143,0.38209,0.18247,23.49611,0.6243,1,5.66742,79.48069,701.82123,3893.00513,3624.23071,2.69797,0.65471,0.24267, 
15.13668,22.99879,24.39586,23.6273,2.55049,0.03682,0.4466,1.00075,0.07279,0.01877,-0.0963,-1.26268,91.95673,68.22346,-3.65779,11.26921,92.28153,0.4149,0.20264,23.49832,0.62498,1,6.07835,80.74658,690.28455,3897.72437,3599.86011,2.75509,0.64862,0.23543, 
15.23154,23.75994,25.14146,24.34942,2.69773,0.03795,0.53922,1.00027,0.08254,0.01984,-0.0948,-1.27399,91.99866,68.26538,-3.63149,11.0665,92.35004,0.41101,0.2237,23.50066,0.62581,1,6.50061,81.95031,684.60406,3902.60767,3578.74561,2.7938,0.64202,0.2298, 
15.31569,24.31138,25.77251,24.96059,2.84561,0.0389,0.61674,1.00019,0.09313,0.02066,-0.09425,-1.28367,92.04773,68.31445,-3.5929,10.9504,92.42281,0.39535,0.24287,23.50276,0.62635,1,6.89674,82.9916,680.80609,3905.79858,3562.86084,2.81985,0.63773,0.22616, 
15.41878,25.03265,26.46004,25.62646,3.058,0.03994,0.70377,1.00064,0.11254,0.01797,-0.09289,-1.3048,92.13807,68.40479,-3.49261,10.84372,92.43495,0.3802,0.2646,23.50535,0.62695,1,7.41352,84.21976,672.04565,3929.86523,3529.07935,2.78776,0.64171,0.23019, 
15.51471,25.62857,27.09155,26.23808,3.28997,0.04089,0.78057,1.00077,0.13114,0.01942,-0.08949,-1.34053,92.2774,68.54412,-3.43494,10.79006,92.43224,0.36966,0.28313,23.50783,0.62732,1,7.93075,85.30715,660.10608,3973.46094,3476.02808,2.68179,0.64762,0.24149, 
15.60877,26.22968,27.69209,26.81969,3.55585,0.0418,0.85531,1.00099,0.15467,0.02571,-0.08299,-1.38749,92.48405,68.75075,-3.36275,10.74296,92.54385,0.36565,0.30537,23.51039,0.62774,1,8.47783,86.31644,644.06659,4028.81641,3413.43091,2.67719,0.65612,0.24508, 
15.70273,26.81273,28.30429,27.41261,3.8646,0.04272,0.93361,1.00117,0.17932,0.03337,-0.07249,-1.43509,92.7608,69.02751,-3.26253,10.74825,92.82997,0.36764,0.33658,23.51315,0.62796,1,9.07059,87.26409,622.08795,4082.01953,3354.55371,2.68006,0.66801,0.24925, 
15.78918,27.32954,28.87887,27.96909,4.1913,0.04359,1.01382,1.00096,0.2069,0.04259,-0.05879,-1.46749,93.06931,69.33601,-3.14907,10.74255,93.24716,0.37456,0.37408,23.51595,0.62826,1,9.66379,88.08211,594.86926,4112.58154,3317.99536,2.79202,0.68039,0.24369, 
15.88983,27.97749,29.46766,28.53933,4.63014,0.04448,1.12195,1.00381,0.23797,0.0496,-0.03918,-1.47464,93.44849,69.71518,-2.72165,10.39664,93.889,0.40363,0.43113,23.51968,0.62876,1,10.41973,88.96145,559.1452,4109.74414,3317.51416,2.97444,0.73027,0.24552, 
15.98573,28.48609,29.89387,28.95212,5.09462,0.04512,1.2787,1.00535,0.26035,0.04482,-0.02291,-1.45405,93.80081,70.0675,-2.14254,9.70876,94.40088,0.48856,0.48589,23.52451,0.63016,1,11.21371,89.72606,522.75787,4063.60205,3333.79199,3.30016,0.80497,0.24392, 
16.06163,28.86697,30.24692,29.29405,5.48869,0.04565,1.45746,1.00436,0.27566,0.04026,-0.01658,-1.43357,94.0736,70.34029,-1.8997,9.23237,94.68681,0.53513,0.52281,23.52943,0.63204,1,11.89772,90.28109,508.2515,4020.15649,3337.90698,3.44546,0.84007,0.24382, 
16.17216,29.40195,30.78342,29.81365,6.09668,0.04646,1.76397,1.0001,0.29446,0.03818,-0.02031,-1.41447,94.46452,70.7312,-1.94723,8.71608,95.00068,0.52995,0.56881,23.53761,0.63572,1,12.98909,91.01376,513.01239,3969.51611,3317.79663,3.46073,0.84642,0.24458, 
16.27074,29.85345,31.21841,30.23493,6.67009,0.04712,2.01,0.99669,0.30782,0.0379,-0.03254,-1.4125,94.79919,71.06586,-2.33072,8.44983,95.26205,0.45564,0.6083,23.54465,0.63848,1,14.06042,91.58876,541.42816,3945.71509,3289.86328,3.3324,0.81948,0.24591, 
16.35896,30.18866,31.57777,30.58298,7.20174,0.04766,2.15972,0.99553,0.31761,0.03946,-0.04389,-1.42047,95.08315,71.34982,-2.85661,8.31515,95.49292,0.3721,0.64353,23.54994,0.63975,1,15.10295,92.04584,573.16956,3950.23022,3270.59229,3.13064,0.77596,0.24786, 
16.46004,30.5965,32.00041,30.99231,7.8283,0.0483,2.23303,0.99613,0.32471,0.03784,-0.04863,-1.43997,95.39632,71.66299,-3.56038,8.26375,95.73268,0.28907,0.68343,23.55459,0.63978,1,16.39561,92.5032,602.37085,3984.86621,3252.95776,2.88169,0.71797,0.24915, 
16.55583,30.97521,32.44197,31.41996,8.43497,0.04897,2.22099,0.99663,0.33144,0.04226,-0.03795,-1.46726,95.69666,71.96331,-4.19525,8.3706,95.96345,0.23013,0.72093,23.55776,0.63849,1,17.71993,92.87578,609.6449,4038.44287,3239.39575,2.60472,0.65966,0.25325, 
16.63163,31.2631,32.79102,31.75801,8.91917,0.04949,2.17081,0.99823,0.33411,0.04685,-0.01652,-1.48795,95.93752,72.20418,-4.64159,8.52829,96.17893,0.20239,0.7549,23.55962,0.63668,1,18.83765,93.13167,602.46527,4087.51978,3242.64331,2.40189,0.6179,0.25726, 
16.74159,31.73454,33.32917,32.27921,9.63034,0.05031,2.07584,1.00051,0.33927,0.05273,0.03556,-1.50627,96.28809,72.55473,-5.15295,8.82496,96.53532,0.1954,0.81123,23.56197,0.63302,1,20.57214,93.44746,569.15741,4147.91211,3269.40796,2.16098,0.56879,0.26321, 
16.84018,32.20288,33.83976,32.77372,10.27282,0.05108,2.01726,1.00321,0.34201,0.05629,0.09888,-1.50793,96.59998,72.86661,-5.42338,9.14528,96.87632,0.22105,0.86699,23.56456,0.62913,1,22.23875,93.67426,517.79114,4190.40869,3313.91919,2.02286,0.54266,0.26826, 
16.92868,33.24916,35.32585,34.21299,10.85014,0.05332,2.0411,1.01367,0.34197,0.06492,0.16306,-1.49396,96.87285,73.13947,-4.72176,9.99618,97.21869,0.30829,0.92158,23.56862,0.6263,1,23.8273,93.81953,450.45239,4201.19434,3358.52197,2.1422,0.58391,0.27257, 
17.03043,34.95847,37.05944,35.89198,11.50878,0.05594,2.32843,1.01804,0.34126,0.06661,0.23101,-1.4523,97.16746,73.43407,-3.51499,10.71799,97.64301,0.47871,0.9926,23.5783,0.62608,1,25.75847,93.90788,331.16443,4136.63184,3398.44067,2.42906,0.66876,0.27532, 
17.11273,36.09498,38.26098,37.05567,12.0404,0.05775,2.81144,1.01721,0.3399,0.0646,0.2672,-1.40336,97.39093,73.65753,-2.47668,10.98387,97.95983,0.60829,1.04809,23.59086,0.62928,1,27.40341,93.91987,253.59851,4040.21631,3409.2395,2.67486,0.73876,0.27619, 
17.21945,37.46636,39.5676,38.32114,12.72449,0.05972,3.71294,1.01023,0.3393,0.06278,0.27341,-1.33458,97.66029,73.92688,-1.30084,10.91585,98.33691,0.72049,1.11547,23.61264,0.63729,1,29.64614,93.87164,197.08574,3858.78223,3385.87646,3.00709,0.82571,0.27459, 
17.31598,38.47158,40.51921,39.24277,13.34371,0.06116,4.67304,1.00366,0.33808,0.05808,0.23598,-1.28226,97.87789,74.14447,-0.42542,10.57539,98.63653,0.75871,1.17112,23.63576,0.64713,1,31.77989,93.78886,211.49922,3691.58887,3330.91553,3.26681,0.88436,0.27071, 
17.41028,39.25786,41.26527,39.96535,13.94696,0.06228,5.60825,0.99368,0.33554,0.05427,0.17041,-1.25034,98.06014,74.32671,0.19369,10.0529,98.89421,0.72928,1.21998,23.65931,0.65764,1,33.96127,93.69404,261.54254,3549.56836,3254.0918,3.40238,0.9039,0.26567, 
17.49723,39.85972,41.7896,40.47318,14.50088,0.06308,6.34466,0.99111,0.33275,0.04877,0.10458,-1.24037,98.1956,74.46215,0.6025,9.44643,99.09217,0.66144,1.25955,23.67975,0.66656,1,36.0589,93.6104,312.96689,3457.50146,3182.21558,3.62379,0.93711,0.2586, 
17.59756,40.44958,42.27544,40.94373,15.13508,0.06381,6.97915,0.99208,0.33052,0.04121,0.03292,-1.25084,98.31735,74.58389,0.87171,8.66286,99.2516,0.58017,1.29313,23.7009,0.67501,1,38.57897,93.53026,399.65591,3391.3147,3088.34546,3.87997,0.96579,0.24892, 
17.67964,40.82407,42.6054,41.26329,15.65257,0.06431,7.33853,0.99125,0.32723,0.0348,-0.01579,-1.27413,98.39606,74.6626,0.87963,8.02806,99.33537,0.5172,1.31206,23.71622,0.67989,1,40.72053,93.47722,462.82724,3373.89941,3016.93994,4.01111,0.96295,0.24007, 
17.78634,41.21898,42.89244,41.54131,16.31903,0.06474,7.58172,0.98889,0.32486,0.02652,-0.04513,-1.31727,98.48486,74.75137,0.73275,7.26059,99.38442,0.41954,1.32517,23.73276,0.68128,1,43.61155,93.42321,504.13177,3414.92383,2944.66699,4.0243,0.93413,0.23212, 
17.88307,41.492,43.19767,41.83693,16.91952,0.0652,7.57753,0.99821,0.32147,0.02382,-0.02709,-1.35889,98.56644,74.83295,0.65399,6.76313,99.39067,0.36059,1.32787,23.74452,0.67673,1,46.33482,93.38716,481.35413,3515.10352,2935.12476,4.11163,0.92875,0.22588, 
17.99364,42.1668,43.89495,42.51224,17.59794,0.06625,7.54385,1.01096,0.31913,0.02561,0.03876,-1.39034,98.66665,74.93313,1.38115,6.52026,99.39769,0.40057,1.32977,23.75849,0.66871,1,49.56832,93.3588,341.04657,3621.0105,2965.94116,4.18744,0.95872,0.22895, 
18.09199,42.78224,44.53242,43.12965,18.19079,0.06722,8.08975,1.05746,0.31599,0.03621,0.18006,-1.40727,98.76488,75.03133,1.89239,6.37191,99.47317,0.80635,1.34416,23.78454,0.67355,1,52.54877,93.34345,794.94012,3554.63672,2861.04395,4.273,0.99162,0.23207, 
18.1872,43.3465,45.12701,43.70553,18.76399,0.06811,9.53269,0.99366,0.31934,0.02575,0.42488,-1.42273,98.88819,75.15464,2.51647,6.30442,99.50008,0.88296,1.35301,23.8234,0.69279,1,55.52729,93.33611,489.11209,3378.81079,2660.38696,4.32788,1.03674,0.23955, 
18.27194,43.80556,45.62498,44.18784,19.27266,0.06887,10.70955,0.97069,0.32407,0.02884,0.70582,-1.43468,99.03304,75.29947,3.17286,6.27848,99.52172,0.76804,1.35695,23.85602,0.70935,1,58.25661,93.33488,382.39331,3273.854,2542.34839,4.39866,1.08179,0.24594, 
18.37575,44.40658,46.24184,44.78529,19.88487,0.0698,11.68763,1.02712,0.32117,0.03718,1.1186,-1.41046,99.24664,75.51305,3.8885,6.29557,99.58558,0.77107,1.36982,23.89183,0.68657,1,61.69785,93.33902,226.76373,3808.21069,2472.09424,4.48917,1.13641,0.25315, 
18.43527,44.62988,46.56301,45.09635,20.2226,0.07028,12.45861,1.08732,0.31784,0.03925,1.36911,-1.34788,99.382,75.64839,4.12062,6.2828,99.63911,1.04672,1.38095,23.92158,0.66381,1,63.72094,93.34396,14.29779,3926.94214,3003.82764,4.56729,1.15801,0.25354, 
18.56269,45.27147,47.18917,45.70285,20.94293,0.07123,16.38528,1.11233,0.32642,0.04541,1.88252,-1.22629,99.69365,75.96002,4.41982,6.25987,99.78495,1.83795,1.40554,24.0293,0.65284,1,68.16315,93.35896,0,3848.50635,3170.74292,4.71096,1.19406,0.25346, 
18.67013,45.77828,47.72632,46.22315,21.5528,0.07204,22.0526,1.04481,0.33526,0.04644,2.30226,-1.18459,99.97471,76.24106,4.70736,6.22572,99.93841,2.25698,1.4323,24.16342,0.68028,1,72.02722,93.37524,0,3501.02197,2838.72339,4.76727,1.21505,0.25487, 
18.7728,46.2132,48.20848,46.69021,22.13879,0.07277,28.05914,0.97282,0.34391,0.05483,2.71242,-1.19019,100.25241,76.51874,5.09761,6.17564,100.11698,2.2718,1.46604,24.30643,0.7194,1,75.82307,93.39308,0,3159.70117,2437.80518,4.8794,1.25003,0.25618, 
18.87411,46.66247,48.68413,47.15097,22.7202,0.07348,33.21858,0.935,0.35157,0.06025,3.13527,-1.21482,100.51427,76.78058,5.57207,6.12271,100.33565,2.03877,1.51614,24.4411,0.75272,1,79.66835,93.41219,0,2945.88354,2155.24536,5.06098,1.30535,0.25792, 
18.95241,47.03185,49.13592,47.5886,23.16959,0.07417,36.27752,0.9321,0.35653,0.06336,3.47049,-1.23477,100.70009,76.96638,5.86192,6.1914,100.51256,1.81869,1.55956,24.53462,0.76784,1,82.70783,93.42757,0,2899.71167,2049.89722,5.1344,1.33798,0.26059, 
19.06334,47.53021,49.659,48.09528,23.80413,0.07495,39.36419,0.95933,0.36288,0.06601,3.95235,-1.24786,100.93556,77.20183,6.06534,6.22679,100.77059,1.60728,1.62452,24.65303,0.77083,1,87.1173,93.44993,0,2981.28174,2068.42749,5.21635,1.36764,0.26218, 
19.16195,47.93388,50.05755,48.48135,24.36139,0.07556,41.46647,0.99394,0.36785,0.06578,4.38329,-1.23765,101.11964,77.38589,6.07887,6.28483,100.99374,1.59434,1.67955,24.75453,0.76304,1,91.13489,93.46973,0,3095.14282,2172.88672,5.26721,1.37909,0.26182, 
19.25738,48.25285,50.40013,48.8132,24.89433,0.07607,43.60797,1.01025,0.37287,0.06604,4.80116,-1.21386,101.27988,77.5461,5.98419,6.38695,101.20319,1.69873,1.72886,24.85946,0.75887,1,95.11031,93.48858,0,3124.33154,2244.55249,5.28983,1.37679,0.26027, 
19.34171,48.4888,50.64488,49.05031,25.36043,0.07644,45.83274,1.00206,0.37632,0.06716,5.17339,-1.19191,101.40797,77.67417,5.90083,6.47894,101.38401,1.79952,1.7703,24.96108,0.76513,1,98.69498,93.50486,0,3047.20776,2222.23901,5.31577,1.37618,0.25889, 
19.44412,48.77649,50.93096,49.32747,25.92373,0.07688,48.8185,0.97844,0.38214,0.06659,5.62541,-1.17162,101.54198,77.80815,5.93733,6.63084,101.6052,1.84896,1.82299,25.09252,0.78282,1,103.13709,93.52383,0,2865.01416,2091.34399,5.47725,1.40774,0.25702, 
19.52162,48.9548,51.13737,49.52745,26.34889,0.07719,51.04797,0.96056,0.38564,0.06594,5.95071,-1.1585,101.6264,77.89257,6.02432,6.77189,101.76942,1.82675,1.86328,25.19398,0.7966,1,106.56264,93.53747,0,2741.40503,1978.15845,5.5648,1.43072,0.2571, 
19.63194,49.30203,51.60493,49.98038,26.94903,0.07789,53.8482,0.9541,0.38865,0.06889,6.38365,-1.13065,101.72182,77.98796,6.20325,7.4834,101.99963,1.74741,1.92027,25.336,0.80684,1,111.53618,93.55584,0,2658.93066,1925.80774,5.48175,1.43476,0.26173, 
19.73001,49.51564,51.91546,50.28122,27.48199,0.07836,55.89874,0.87447,0.39296,0.07006,6.75716,-1.05496,101.78456,78.05066,6.747,7.7608,102.21138,1.5914,1.9749,25.45773,0.825,1,116.0494,93.5709,0,2591.89038,1164.06885,5.46411,1.47527,0.26999, 
19.82436,49.7234,52.27875,50.63313,28.01444,0.07891,56.22882,0.74968,0.39508,0.07348,7.12694,-0.85185,101.82767,78.09376,7.77184,8.00072,102.43982,0.94069,2.04832,25.54208,0.89542,1,120.47672,93.58427,0,1581.39099,924.26373,5.31286,1.52409,0.28687, 
19.90815,49.90079,52.45275,50.80167,28.49644,0.07917,53.83357,0.77628,0.40526,0.07409,7.49064,-0.69723,101.84902,78.11508,8.95644,8.34074,102.64581,0.2991,2.12102,25.56866,0.91328,1,124.48116,93.59528,0,1406.74194,1086.58667,5.22049,1.60369,0.30719, 
20.01039,49.30452,52.31889,50.67203,29.09663,0.07897,48.27747,0.90437,0.43351,0.08365,7.9798,-0.60343,101.83044,78.09647,10.69155,9.07666,102.92549,-0.09469,2.20826,25.55739,0.88974,1,129.46051,93.6075,0,1695.49646,1518.79785,5.11061,1.75574,0.34355, 
20.08686,49.17491,52.46142,50.81006,29.54603,0.07919,43.7542,0.99845,0.45217,0.08405,8.35623,-0.59562,101.76129,78.02731,11.57239,9.31626,103.13184,-0.03859,2.26364,25.54226,0.86133,1,133.25215,93.61578,0,1987.38513,1773.38745,5.08093,1.84721,0.36356, 
20.19691,49.4164,52.83952,51.17625,30.18744,0.07976,38.87936,1.04063,0.46279,0.07543,8.85272,-0.63883,101.54514,77.81112,11.94097,9.14575,103.39825,0.32804,2.32757,25.54448,0.84332,1,138.81204,93.6265,0,2100.49414,1797.68701,5.15365,1.90847,0.37031, 
20.29372,49.9475,53.2945,51.61693,30.74078,0.08044,36.72908,0.98652,0.45563,0.06563,9.21699,-0.69845,101.24171,77.50767,11.62084,8.53828,103.57661,0.57217,2.36711,25.57422,0.86101,1,143.79886,93.63474,0,1871.26965,1482.76111,5.32815,1.90901,0.35829, 
20.38125,50.51675,53.70607,52.01556,31.23047,0.08106,35.66346,0.92093,0.44349,0.05671,9.46513,-0.75687,100.8821,77.14803,10.98726,7.76432,103.7011,0.58529,2.3967,25.60988,0.88767,1,148.38591,93.64136,0,1633.33789,1132.97363,5.59075,1.89316,0.33862, 
20.4818,51.24757,54.16563,52.46068,31.77826,0.08176,34.19942,0.87733,0.43229,0.02799,9.64001,-0.80674,100.39618,76.66208,10.16379,6.73979,103.76599,0.40395,2.41126,25.64123,0.90304,1,153.74216,93.64803,0,1539.17188,923.06903,5.88672,1.8357,0.31184, 
20.57729,51.82386,54.52298,52.8068,32.28272,0.0823,31.91893,0.88522,0.4284,-0.00174,9.70865,-0.79321,99.9092,76.17507,9.39325,5.82048,103.72298,0.20264,2.38139,25.65284,0.89641,1,158.91284,93.65352,0,1596.12427,1071.10059,6.04847,1.76071,0.2911, 
20.65238,52.1567,54.72297,53.0005,32.66838,0.0826,29.59633,0.90055,0.42605,-0.03351,9.72427,-0.72528,99.53587,75.80173,8.9541,5.23943,103.60558,0.0829,2.32167,25.65096,0.88398,1,163.03458,93.65732,0,1638.0575,1333.35486,5.9602,1.68354,0.28246, 
20.76132,52.4617,54.91059,53.18221,33.21384,0.08288,25.85901,0.94636,0.43045,-0.06272,9.74144,-0.52054,99.05972,75.32555,8.62016,4.70458,103.32931,0.02492,2.18224,25.63854,0.86159,1,169.10168,93.66207,0,1606.04175,1825.30725,5.96028,1.64549,0.27608, 
20.85828,52.55753,54.97944,53.24888,33.69249,0.08299,22.91604,0.98848,0.43709,-0.08066,9.77159,-0.32579,98.71361,74.9794,8.62695,4.55395,103.02219,0.12052,2.02834,25.63122,0.84067,1,174.58432,93.66553,0,1576.31506,2188.57324,6.00405,1.64982,0.27478, 
20.94543,52.49911,54.84583,53.11947,34.12138,0.08279,21.14495,0.99595,0.43849,-0.08995,9.81109,-0.20479,98.46841,74.73418,8.45833,4.20223,102.72643,0.27797,1.88078,25.63752,0.83133,1,179.57968,93.66772,0,1511.72559,2329.69849,6.11163,1.65529,0.27084, 
21.04532,52.50145,54.78071,53.05642,34.61163,0.08269,20.21761,0.96875,0.43475,-0.09044,9.85551,-0.20022,98.25976,74.52549,8.13316,3.35643,102.37927,0.40267,1.70279,25.65928,0.84125,1,185.38222,93.66865,0,1417.91675,2157.59229,6.39303,1.67332,0.26174, 
21.12654,52.68812,55.02429,53.29235,35.01183,0.08305,19.93511,0.93836,0.43055,-0.08117,9.88452,-0.35989,98.1385,74.40421,8.09596,2.7606,102.11784,0.4212,1.56364,25.68232,0.85839,1,190.16084,93.66804,0,1484.81604,1763.13318,6.57319,1.68436,0.25625, 
21.23221,53.21424,55.61226,53.86183,35.53288,0.08394,19.54947,0.92818,0.42821,-0.07304,9.91743,-0.6597,98.04076,74.30643,8.28392,2.19867,101.80135,0.3751,1.39803,25.71,0.87155,1,196.46126,93.66581,0,1760.5177,1239.94836,6.69277,1.7048,0.25472, 
21.32856,53.86979,56.32309,54.5503,36.00528,0.08502,19.03121,0.9385,0.42791,-0.06822,9.95408,-0.83536,98.02079,74.28643,8.56943,1.95825,101.52557,0.35381,1.26108,25.73221,0.87667,1,202.28572,93.66312,0,1886.26367,1057.71399,6.64762,1.70976,0.2572, 
21.42248,54.58045,57.12673,55.32866,36.4622,0.08623,18.50807,0.93889,0.42632,-0.05817,10.02398,-0.83686,98.07684,74.34244,8.93342,1.93885,101.2795,0.34187,1.14005,25.75291,0.88735,1,208.03674,93.66064,0,1729.61609,1053.79041,6.53758,1.71449,0.26225, 
21.50878,55.19532,57.87212,56.05061,36.87936,0.08735,18.03393,0.94431,0.42641,-0.047,10.13276,-0.72998,98.19759,74.46317,9.23997,2.07411,101.09008,0.3389,1.0447,25.7715,0.89671,1,213.38576,93.65877,0,1497.51233,1115.67175,6.55893,1.73972,0.26525, 
21.60896,55.95278,58.69743,56.84996,37.35978,0.0886,17.6248,0.96326,0.42891,-0.03657,10.29926,-0.56725,98.41349,74.67903,9.62176,2.40485,100.91569,0.37887,0.95477,25.79556,0.90051,1,219.67015,93.65708,0,1251.85547,1246.75732,6.56589,1.77695,0.27063, 
21.68981,56.45935,59.31055,57.4438,37.74438,0.08952,17.60354,0.96141,0.42872,-0.0244,10.44847,-0.44923,98.64626,74.91177,9.87418,2.78063,100.81366,0.43385,0.89737,25.82033,0.90866,1,224.80151,93.65608,0,1027.56189,1289.6886,6.54405,1.79062,0.27363, 
21.79559,57.10128,60.02589,58.13665,38.24636,0.0906,17.90942,0.93037,0.42589,-0.0014,10.65784,-0.36821,99.01882,75.28429,10.22117,3.33038,100.749,0.44518,0.85009,25.85721,0.93044,1,231.5941,93.65523,0,706.95532,1135.75928,6.5347,1.81076,0.2771, 
21.89219,57.53165,60.54453,58.63899,38.70467,0.09139,18.07638,0.92341,0.42741,0.01928,10.85728,-0.36351,99.4108,75.67624,10.55554,3.87693,100.757,0.40365,0.83992,25.88827,0.94066,1,237.87411,93.65485,0,614.14929,989.89453,6.51256,1.83266,0.2814, 
21.98614,57.71056,60.86014,58.94469,39.15421,0.09186,18.04659,0.94661,0.43908,0.04804,11.0538,-0.40541,99.81667,76.08207,11.23426,4.84675,100.83179,0.40237,0.86255,25.91622,0.94204,1,244.05464,93.65482,0,634.85626,903.2088,6.45552,1.8917,0.29304, 
22.07296,57.66376,61.01971,59.09926,39.5766,0.0921,18.13304,0.93631,0.44311,0.07022,11.21811,-0.48645,100.18037,76.44574,11.68304,5.76264,100.96759,0.42488,0.91899,25.94456,0.95147,1,249.83054,93.65504,0,605.237,706.7561,6.34179,1.92293,0.30322, 
22.17344,57.57644,61.04116,59.12006,40.0682,0.09214,18.26498,0.91486,0.44198,0.08813,11.37024,-0.58553,100.56718,76.83251,11.86401,6.59197,101.1724,0.39571,1.01585,25.97676,0.96066,1,256.5925,93.65549,0,604.63812,462.84125,6.22468,1.94042,0.31173, 
22.26865,57.59988,61.16556,59.24057,40.53103,0.09232,18.1528,0.92502,0.44353,0.09873,11.46209,-0.63764,100.88969,77.15498,11.84273,7.24235,101.39578,0.36517,1.12735,26.00331,0.95545,1,263.0762,93.65607,0,688.91028,442.35135,6.1472,1.93981,0.31556, 
22.36239,57.69142,61.29296,59.36398,40.98107,0.09252,17.94455,0.9269,0.44102,0.10753,11.49482,-0.64232,101.15664,77.42191,11.56706,7.71473,101.63784,0.3573,1.24793,26.02807,0.9534,1,269.53165,93.65672,0,679.49792,483.70419,6.12062,1.92794,0.31499, 
22.46067,57.8974,61.47267,59.53805,41.44531,0.09279,17.65591,0.92041,0.43484,0.11341,11.4622,-0.62178,101.37288,77.6381,11.10854,7.99287,101.90685,0.33034,1.38312,26.05201,0.95319,1,276.37579,93.65743,0,666.81842,502.21509,6.11679,1.89962,0.31056, 
22.54022,58.15332,61.69041,59.74895,41.81425,0.09312,17.31414,0.93568,0.43199,0.11741,11.38647,-0.59655,101.49384,77.75904,10.59271,8.06899,102.13261,0.32143,1.49591,26.06947,0.94351,1,281.97113,93.65801,0,755.84784,602.57739,6.161,1.86983,0.30349, 
22.65654,58.689,62.10728,60.15273,42.34126,0.09375,16.92245,0.9447,0.42362,0.11336,11.2021,-0.56026,101.57401,77.83915,9.74049,7.89516,102.45556,0.34699,1.65479,26.0971,0.93472,1,290.24332,93.6589,0,819.98547,759.47186,6.25077,1.80465,0.28871, 
22.73985,59.1991,62.4993,60.53242,42.71051,0.09434,16.78582,0.93375,0.41422,0.10488,11.0294,-0.54611,101.56532,77.83044,9.12593,7.61122,102.66991,0.34766,1.7595,26.11842,0.93662,1,296.22903,93.65955,0,823.95898,772.48724,6.33705,1.75146,0.27638, 
22.85716,59.98989,63.17169,61.18367,43.22084,0.09535,16.55176,0.94475,0.40632,0.091,10.75933,-0.52605,101.47384,77.73891,8.42494,7.02039,102.93304,0.33976,1.88591,26.14713,0.92728,1,304.7464,93.66052,0,951.59845,896.83789,6.40082,1.67075,0.26102, 
22.95872,60.83699,63.95114,61.93862,43.65358,0.09653,16.42693,0.95735,0.4005,0.07023,10.54973,-0.48362,101.34031,77.60533,8.12729,6.2202,103.10944,0.36392,1.96458,26.17377,0.92607,1,312.20023,93.66145,0,931.52594,1046.4447,6.48209,1.62319,0.25041, 
23.05411,61.81755,64.89234,62.85023,44.05564,0.09795,16.56427,0.9709,0.39942,0.05166,10.40305,-0.44014,101.19007,77.45506,8.43216,5.16314,103.2247,0.41148,2.00632,26.20358,0.9344,1,319.26672,93.66241,0,812.02063,1032.74658,6.65681,1.6386,0.24615, 
23.14104,62.67323,65.79417,63.7237,44.42282,0.09931,17.07077,0.99039,0.40279,0.03543,10.31786,-0.41233,101.05174,77.3167,9.02245,4.36422,103.28915,0.49205,2.01986,26.23876,0.94144,1,325.76459,93.66341,0,701.9325,979.11932,6.74998,1.67481,0.24812, 
23.24101,63.54637,66.76776,64.66669,44.8512,0.10078,18.36002,0.97459,0.40398,0.02707,10.27266,-0.41384,100.91586,77.18078,9.85009,3.75963,103.33262,0.59076,2.01422,26.29231,0.96859,1,333.30298,93.66466,0,384.84503,719.81732,6.78989,1.73246,0.25515, 
23.32216,64.08675,67.47571,65.35239,45.20696,0.10185,19.73353,0.9385,0.4025,0.02615,10.26801,-0.45715,100.8432,77.10808,10.51443,3.5155,103.35979,0.60055,2.00539,26.34118,1.00071,1,339.47711,93.66576,0,119.36729,361.61386,6.73633,1.7709,0.26289, 
23.4275,64.67578,68.1582,66.01347,45.68129,0.10288,21.21836,0.92404,0.40726,0.0318,10.28608,-0.5522,100.82112,77.08595,11.1225,3.49171,103.40197,0.54579,2.00051,26.40045,1.02769,1,347.56482,93.66729,0,0,0,6.73664,1.81965,0.27011, 
23.52378,65.03343,68.56526,66.40777,46.12024,0.10349,22.15124,0.94399,0.41141,0.03221,10.30656,-0.64651,100.87907,77.14386,11.32368,3.73324,103.43818,0.53149,1.99892,26.45055,1.055,1,355.03122,93.66872,0,0,0,6.71277,1.83786,0.27379, 
23.61763,65.26514,68.79102,66.62646,46.54603,0.10384,22.9774,0.94429,0.40954,0.03754,10.32084,-0.73836,101.00897,77.27373,11.19893,4.05025,103.47838,0.53424,2.00078,26.4998,1.08615,1,362.3765,93.67007,0,0,0,6.68005,1.82687,0.27348, 
23.70412,65.39288,68.86388,66.69708,46.93405,0.10395,23.69332,0.93875,0.40573,0.04491,10.33213,-0.80822,101.1889,77.45362,10.91724,4.41516,103.52643,0.52758,2.00986,26.54528,1.10695,1,369.20685,93.67129,0,0,0,6.67777,1.81273,0.27146, 
23.80367,65.44165,68.86684,66.69999,47.37421,0.10395,24.34412,0.92601,0.39975,0.05511,10.34146,-0.86332,101.45132,77.716,10.53909,4.75757,103.60197,0.49637,2.03422,26.5953,1.13856,1,377.1377,93.67256,0,0,0,6.64112,1.78783,0.26921, 
23.88388,65.45103,68.82742,66.66183,47.7244,0.10389,24.59628,0.91379,0.39523,0.05993,10.34713,-0.88319,101.69316,77.9578,10.30155,4.95876,103.67727,0.44766,2.06486,26.631,1.16159,1,383.5806,93.67348,0,0,0,6.58441,1.76548,0.26813, 
23.98917,66.01115,69.68462,67.4921,48.17558,0.10518,24.37065,0.92695,0.38999,0.0711,10.36236,-0.86505,102.03878,78.30337,10.10115,5.30383,103.79439,0.37936,2.11481,26.66852,1.1728,1,392.10974,93.67451,0,0,0,6.56444,1.74701,0.26613, 
24.08513,67.16125,70.84531,68.61629,48.57059,0.10694,23.84225,0.94805,0.38603,0.08139,10.38944,-0.78966,102.36661,78.63116,9.95769,5.62632,103.92844,0.36624,2.17407,26.6982,1.18853,1,399.9516,93.67522,0,0,0,6.54169,1.72888,0.26429, 
24.1944,68.21465,71.92716,69.66415,49.00628,0.10857,23.3649,0.96493,0.38348,0.09648,10.44702,-0.6331,102.73093,78.99543,9.82118,5.83261,104.11661,0.39823,2.25605,26.73449,1.20057,1,408.95737,93.67591,0,0,0,6.51707,1.70726,0.26197, 
24.29164,69.00705,72.70997,70.42235,49.38521,0.10975,23.33724,0.98094,0.38314,0.10714,10.55007,-0.47399,103.00732,79.27177,9.80649,5.84799,104.32366,0.45643,2.34866,26.77365,1.21462,1,417.03769,93.67651,0,0,0,6.50089,1.69845,0.26126, 
24.38579,69.64787,73.37074,71.06238,49.74373,0.11075,23.89371,1.00056,0.38481,0.10897,10.7136,-0.33969,103.21068,79.47509,9.91766,5.72636,104.53384,0.55018,2.43976,26.82259,1.24408,1,424.91919,93.67711,0,0,0,6.51317,1.70127,0.26121, 
24.46926,70.11327,73.89338,71.56862,50.05559,0.11154,25.08419,1.02113,0.38818,0.11123,10.90932,-0.23984,103.33381,79.59819,10.10848,5.51239,104.72527,0.67201,2.51777,26.88022,1.27218,1,431.9552,93.67767,0,0,0,6.53044,1.71179,0.26212, 
24.57178,70.692,74.49384,72.15028,50.43176,0.11244,27.8096,1.0525,0.3949,0.11104,11.20727,-0.15884,103.40202,79.66635,10.4316,5.11272,104.96479,0.8799,2.6103,26.97674,1.33664,1,440.65582,93.67843,0,0,0,6.59918,1.73622,0.2631, 
24.64804,71.08154,74.93317,72.57588,50.70686,0.11311,31.019,1.07487,0.40039,0.10756,11.45759,-0.13641,103.38829,79.65258,10.70662,4.748,105.13932,1.08011,2.67337,27.07292,1.40989,1,447.16898,93.67902,0,0,0,6.65229,1.75242,0.26343, 
24.75777,71.63361,75.5617,73.1848,51.09475,0.11406,37.79033,1.10918,0.40845,0.08813,11.84074,-0.16952,103.27928,79.54352,11.14309,4.11271,105.36093,1.43776,2.74622,27.25925,1.55027,1,456.60306,93.67991,0,0,0,6.73186,1.77843,0.26418, 
24.85557,72.14236,76.15304,73.75774,51.43055,0.11495,46.41586,1.13888,0.41507,0.06853,12.1843,-0.24768,103.13528,79.39948,11.49498,3.55958,105.50723,1.82068,2.7788,27.48163,1.74221,1,465.07053,93.68074,0,0,0,6.78352,1.79785,0.26503, 
24.95008,72.66273,76.85447,74.43736,51.74523,0.11601,57.36769,1.17234,0.42145,0.05703,12.50431,-0.34451,102.99229,79.25645,11.84048,3.15255,105.61187,2.24825,2.78716,27.7566,1.97887,1,473.30457,93.68154,0,0,0,6.79589,1.81736,0.26742, 
25.03364,73.55077,77.94171,75.49068,52.01512,0.11765,69.45568,1.21792,0.42796,0.05531,12.76474,-0.44567,102.87728,79.14139,12.15341,3.14437,105.69077,2.70355,2.78533,28.05928,2.24688,1,480.62689,93.68227,0,0,0,6.80522,1.83676,0.2699, 
25.13614,74.81306,79.21999,76.72923,52.32896,0.11958,88.00352,1.25667,0.4261,0.05662,13.03015,-0.59591,102.75887,79.02293,12.01579,3.34441,105.7807,3.3467,2.77969,28.5201,2.67205,1,489.6579,93.6832,0,0,0,6.84526,1.83567,0.26817, 
25.2132,75.74071,80.08861,77.57093,52.54771,0.12089,104.8448,1.26807,0.41775,0.06145,13.18264,-0.72303,102.68998,78.95401,11.61172,3.65197,105.84918,3.85782,2.77681,28.93744,3.05169,1,496.48245,93.68394,0,0,0,6.86283,1.81268,0.26413, 
25.32299,76.89052,81.09454,78.54593,52.83254,0.12241,132.9034,1.27107,0.4022,0.07407,13.32764,-0.91244,102.61988,78.88385,10.79777,4.20554,105.96168,4.59239,2.78246,29.64277,3.71131,1,506.25192,93.68515,0,0,0,6.91366,1.77254,0.25638, 
25.42039,77.66551,81.71393,79.14661,53.06233,0.12335,161.52142,1.25939,0.38774,0.08731,13.37832,-1.10014,102.57139,78.83533,10.09421,4.70364,106.08157,5.22428,2.80212,30.37357,4.39825,1,514.95978,93.68636,0,0,0,6.88526,1.72939,0.25117, 
25.51474,78.11927,82.04594,79.469,53.27266,0.12385,191.98688,1.23756,0.37641,0.09772,13.36814,-1.2969,102.52464,78.78853,9.61407,5.07709,106.21301,5.78927,2.83501,31.1716,5.15108,1,523.42987,93.68762,0,0,0,6.77372,1.68465,0.2487, 
25.6084,78.27778,82.13831,79.55936,53.47795,0.12399,224.27005,1.21664,0.36993,0.10278,13.33346,-1.49094,102.46932,78.73317,9.40194,5.27461,106.34949,6.3051,2.87744,32.04521,5.99168,1,531.87061,93.68893,0,0,0,6.63238,1.65113,0.24895, 
25.70169,78.04382,81.80311,79.23565,53.68538,0.12349,257.84622,1.1978,0.3682,0.10224,13.31683,-1.6411,102.40048,78.66428,9.35193,5.11037,106.48228,6.762,2.92475,32.9885,6.89362,1,540.31,93.69017,0,0,0,6.55362,1.63828,0.24998, 
25.77639,77.8738,81.63822,79.07676,53.85615,0.12324,285.49838,1.19398,0.36934,0.09626,13.33333,-1.71856,102.33448,78.59824,9.54335,4.85958,106.57753,7.12359,2.95964,33.79465,7.67451,1,547.09265,93.69108,0,0,0,6.47296,1.63896,0.2532, 
25.88538,77.64339,81.41083,78.85777,54.1094,0.1229,326.92957,1.20248,0.37166,0.08403,13.41839,-1.73869,102.22898,78.49269,9.7783,4.31395,106.69045,7.6554,2.99782,35.05338,8.90042,1,557.02777,93.69197,0,0,0,6.44161,1.6599,0.25768, 
25.98255,77.46616,81.20003,78.65481,54.33298,0.12259,364.99841,1.20822,0.37154,0.06986,13.53783,-1.70803,102.13003,78.39369,9.87234,3.75654,106.76405,8.13762,3.01548,36.25785,10.06886,1,565.92413,93.69164,0,0,0,6.43385,1.67675,0.26061, 
26.07031,77.28217,80.9485,78.4123,54.52999,0.12221,400.23434,1.2002,0.36815,0.057,13.6679,-1.67414,102.04645,78.31007,9.82615,3.28866,106.8074,8.56576,3.01716,37.41441,11.20339,1,573.99054,93.69017,0,0,0,6.39618,1.67585,0.26201, 
26.17097,77.11524,80.65105,78.12562,54.74172,0.12176,441.43835,1.17982,0.35879,0.04746,13.82609,-1.65766,101.96677,78.23035,9.46071,2.89876,106.83861,9.02656,3.00576,38.81613,12.56774,1,583.27582,93.68736,0,0,0,6.3793,1.6599,0.2602, 
26.26621,77.02288,80.44003,77.92262,54.92175,0.12145,480.7926,1.15768,0.34741,0.04072,13.96847,-1.6935,101.91311,78.17664,8.8936,2.68954,106.85506,9.41589,2.98651,40.21068,13.9343,1,592.09351,93.68401,0,0,0,6.41405,1.63815,0.2554, 
26.34152,77.02448,80.33041,77.81759,55.04823,0.12128,511.8476,1.12918,0.33652,0.03899,14.05761,-1.76946,101.89085,78.15434,8.3813,2.64319,106.86222,9.68226,2.96776,41.35517,15.06289,1,599.08447,93.68122,0,0,0,6.39464,1.60252,0.2506, 
26.45707,77.06908,80.26173,77.75285,55.21589,0.12118,558.65637,1.08169,0.32052,0.0376,14.1602,-1.94041,101.90199,78.16542,7.59232,2.83033,106.86797,9.99496,2.93884,43.17032,16.86236,1,609.84088,93.67735,0,0,0,6.33376,1.53806,0.24284, 
26.54188,77.15501,80.28115,77.77306,55.32086,0.12122,591.76501,1.05046,0.31075,0.03918,14.22996,-2.07444,101.95263,78.21602,7.15387,3.14358,106.87043,10.15738,2.9192,44.5358,18.22795,1,617.75397,93.67503,0,0,0,6.22555,1.49273,0.23977, 
26.66252,77.22338,80.37215,77.86319,55.45402,0.12136,636.40399,1.02611,0.30374,0.0508,14.36093,-2.21401,102.09258,78.35591,6.84476,3.75308,106.8882,10.32389,2.90265,46.5137,20.19119,1,629.03485,93.67244,0,0,0,6.08216,1.4543,0.23911, 
26.76936,77.26787,80.481,77.97048,55.56393,0.12152,673.23547,1.02346,0.30323,0.06545,14.54489,-2.24102,102.26768,78.53096,6.93829,4.3962,106.93185,10.44801,2.9092,48.29252,21.96533,1,639.04633,93.67073,0,0,0,5.92588,1.44556,0.24394, 
26.85252,77.26311,80.54381,78.03275,55.64827,0.12162,700.29321,1.03661,0.30672,0.0774,14.75032,-2.18785,102.4223,78.68555,7.21132,4.86649,106.98767,10.5596,2.92874,49.69519,23.35384,1,646.85236,93.66969,0,0,0,5.83391,1.46105,0.25044, 
26.96815,77.17887,80.62846,78.11678,55.76633,0.12175,736.15881,1.06024,0.31295,0.09173,15.13246,-2.01653,102.63686,78.90004,7.66169,5.36971,107.10193,10.76256,2.976,51.67904,25.31787,1,657.72668,93.66858,0,0,0,5.72814,1.49036,0.26018, 
27.06873,77.22815,80.77298,78.25863,55.86111,0.12198,766.22705,1.07706,0.31577,0.09978,15.55552,-1.81339,102.80083,79.06396,7.89919,5.56482,107.22859,10.97619,3.02915,53.44228,27.06197,1,667.20404,93.66784,0,0,0,5.6772,1.5086,0.26573, 
27.15821,77.31709,80.95842,78.43987,55.93872,0.12226,792.48047,1.10334,0.32156,0.11014,16.00528,-1.62724,102.9112,79.1743,8.27178,5.66918,107.36372,11.20854,3.08253,55.04633,28.64312,1,675.64734,93.66732,0,0,0,5.64085,1.53822,0.27269, 
27.26085,77.47249,81.24003,78.71471,56.02195,0.12269,822.65332,1.15307,0.33239,0.11624,16.5833,-1.45637,102.97265,79.23569,8.81325,5.65063,107.54201,11.5616,3.14972,56.93798,30.51991,1,685.34723,93.66684,0,0,0,5.68199,1.59669,0.28101, 
27.34395,77.61651,81.48494,78.95354,56.08482,0.12306,847.75452,1.20068,0.34205,0.11377,17.05582,-1.38184,102.96101,79.22401,9.22485,5.52682,107.69308,11.93262,3.20147,58.52179,32.08148,1,693.2099,93.66653,0,0,0,5.76494,1.65319,0.28677, 
27.45282,77.83755,81.78222,79.24388,56.15971,0.12351,882.50342,1.24312,0.35107,0.10975,17.59207,-1.38193,102.87046,79.13341,9.62407,5.29725,107.8856,12.51784,3.25701,60.68532,34.22597,1,703.5235,93.66623,0,0,0,5.82696,1.6994,0.29164, 
27.55166,78.0957,82.05514,79.51048,56.2205,0.12393,916.46191,1.26667,0.35567,0.10408,17.9587,-1.46801,102.72708,78.98998,9.80638,5.04903,108.05086,13.11112,3.29761,62.74677,36.2629,1,712.89893,93.66605,0,0,0,5.88613,1.72041,0.29228, 
27.64823,78.38275,82.30496,79.75473,56.27263,0.12431,952.04535,1.27518,0.35502,0.09435,18.18886,-1.63462,102.54411,78.80696,9.75015,4.68179,108.19334,13.72017,3.32678,64.85696,38.34736,1,722.06744,93.66599,0,0,0,5.95868,1.72198,0.28899, 
27.73623,78.61414,82.4837,79.92995,56.31237,0.12459,986.44458,1.27341,0.35079,0.08597,18.28371,-1.85418,102.35542,78.61824,9.47217,4.27367,108.30111,14.27715,3.34331,66.86572,40.33857,1,730.42963,93.66602,0,0,0,6.06515,1.71305,0.28244, 
27.83889,78.96771,82.63688,80.08099,56.34686,0.12482,1028.6908,1.25287,0.34016,0.07299,18.25353,-2.18234,102.12381,78.38657,8.92035,3.7119,108.39712,14.90319,3.35188,69.3074,42.74968,1,740.19061,93.66619,0,0,0,6.16751,1.6802,0.27243, 
27.92237,79.21443,82.7069,80.15086,56.36378,0.12493,1064.28198,1.22499,0.32969,0.06263,18.12078,-2.50534,101.93822,78.20094,8.32464,3.22504,108.44579,15.3663,3.34861,71.36614,44.79656,1,748.1311,93.66644,0,0,0,6.2751,1.64103,0.26151, 
28.03051,79.00034,82.01867,79.48685,56.37196,0.1239,1111.13367,1.1476,0.31472,0.04578,17.8394,-2.99197,101.72065,77.98332,7.38888,2.4968,108.46378,15.85441,3.3303,74.1162,47.52769,1,758.41956,93.6669,0,0,0,6.31651,1.56442,0.24767, 
28.12947,78.24014,81.08199,78.58174,56.36991,0.12249,1153.38953,1.06992,0.30306,0.02424,17.51339,-3.47343,101.56324,77.82587,6.50353,1.65664,108.42758,16.13721,3.2961,76.69032,50.08952,1,767.83521,93.66745,0,0,0,6.36064,1.49382,0.23485, 
28.24194,77.501,80.14445,77.67609,56.35585,0.12108,1198.96057,0.98833,0.2922,-0.00209,17.12407,-4.01166,101.47112,77.7337,5.73874,0.6921,108.31517,16.28232,3.22595,79.65195,53.04171,1,778.53442,93.6681,0,0,0,6.25963,1.41303,0.22574, 
28.34181,76.83783,79.41208,76.96897,56.33512,0.11998,1235.896,0.92953,0.28628,-0.02592,16.84525,-4.38053,101.50082,77.76335,5.35437,0.0224,108.15313,16.26789,3.12893,82.28788,55.66272,1,788.03174,93.66858,0,0,0,6.06123,1.35326,0.22326, 
28.43848,76.16727,78.70968,76.29073,56.31466,0.11892,1267.7583,0.90562,0.28645,-0.04048,16.69147,-4.47607,101.66721,77.92969,5.34002,-0.33842,107.95186,16.17883,3.00418,84.82858,58.19964,1,797.2218,93.66848,0,0,0,5.94124,1.34127,0.22576, 
28.52449,75.58987,78.12402,75.72518,56.30329,0.11804,1292.86292,0.90312,0.28974,-0.0475,16.66446,-4.30201,101.94407,78.20651,5.5791,-0.40151,107.7578,16.08178,2.88151,87.07468,60.4331,1,805.39526,93.66744,0,0,0,5.87288,1.35647,0.23097, 
28.62967,74.84258,77.47028,75.09428,56.30378,0.11706,1319.71484,0.91965,0.29822,-0.0458,16.76927,-3.76348,102.45274,78.71513,6.1913,-0.0894,107.5251,15.98117,2.72873,89.80496,63.16063,1,815.39087,93.66479,0,0,0,5.84532,1.40263,0.23996, 
28.72782,74.1424,76.84228,74.48804,56.32178,0.11612,1341.60925,0.93831,0.30715,-0.02964,16.99013,-2.93118,103.09312,79.35546,6.8326,0.68262,107.34522,15.92935,2.60114,92.34194,65.69447,1,824.71887,93.66104,0,0,0,5.82866,1.45305,0.24929, 
28.82375,73.58913,76.47005,74.12962,56.35593,0.11556,1360.78796,0.97124,0.31873,-0.00559,17.29866,-1.82616,103.85036,80.11266,7.59152,1.60098,107.23901,15.9318,2.50922,94.81975,68.16811,1,833.84149,93.65661,0,0,0,5.84627,1.51759,0.25958, 
28.9197,73.15424,76.2317,73.90097,56.40533,0.1152,1378.56799,1.00811,0.33067,0.02546,17.66415,-0.45231,104.69674,80.95898,8.29936,2.55569,107.22626,16.00248,2.45776,97.30644,70.6584,1,842.97241,93.65204,0,0,0,5.86097,1.58475,0.27039, 
29.0082,72.93246,76.27081,73.94106,56.46336,0.11527,1394.44141,1.05023,0.34141,0.05774,18.00621,0.94092,105.49699,81.75919,8.77548,3.39295,107.31812,16.14413,2.45035,99.61911,72.96121,1,851.40356,93.64828,0,0,0,5.93251,1.6504,0.2782, 
29.11012,73.12067,76.50832,74.17397,56.5284,0.11563,1412.8927,1.06598,0.34344,0.08404,18.35087,2.49226,106.36842,82.63058,8.85872,4.41852,107.53976,16.36033,2.48292,102.31564,75.65434,1,861.12335,93.64478,0,0,0,5.90296,1.66579,0.2822, 
29.20747,73.10725,76.51386,74.18188,56.57887,0.11564,1430.88232,1.05924,0.34128,0.10622,18.62078,3.86789,107.11478,83.37688,8.70462,5.1979,107.84886,16.5616,2.54278,104.92633,78.25282,1,870.41638,93.6422,0,0,0,5.83902,1.65594,0.2836, 
29.28418,72.99805,76.46606,74.13757,56.60936,0.11558,1445.16711,1.04947,0.33854,0.12106,18.79565,4.84595,107.62038,83.88246,8.48547,5.75338,108.1552,16.70032,2.6104,107.00509,80.31943,1,877.74365,93.64068,0,0,0,5.80397,1.6436,0.28319, 
29.39614,72.919,76.35709,74.03482,56.63938,0.11542,1465.8324,1.035,0.33358,0.1364,18.9963,6.03798,108.19568,84.4577,8.19765,6.32616,108.67619,16.86457,2.73099,110.0681,83.37495,1,888.4447,93.63921,0,0,0,5.72756,1.62637,0.28395, 
29.49531,72.87522,76.37009,74.05012,56.65312,0.11544,1483.60095,1.02235,0.32836,0.14243,19.11255,6.85347,108.5349,84.79688,7.91282,6.61794,109.19184,16.97665,2.85306,112.80267,86.09167,1,897.92657,93.63861,0,0,0,5.69167,1.60648,0.28225, 
29.58463,72.91395,76.43147,74.11197,56.65751,0.11554,1498.95312,1.00959,0.32319,0.14488,19.15878,7.38727,108.69693,84.95886,7.64862,6.72429,109.68235,17.04959,2.96668,115.27866,88.5617,1,906.46838,93.63859,0,0,0,5.66697,1.58417,0.27954, 
29.68769,73.14921,76.61806,74.29574,56.65409,0.11583,1515.61584,0.99401,0.31585,0.14229,19.14744,7.77844,108.72489,84.98678,7.29884,6.59672,110.26015,17.09877,3.09503,118.14424,91.41015,1,916.32281,93.63911,0,0,0,5.65807,1.55241,0.27437, 
29.77097,73.42049,76.82153,74.49518,56.6465,0.11614,1528.10645,0.98319,0.31041,0.13798,19.08876,7.92322,108.62965,84.89149,6.95588,6.32418,110.72637,17.11465,3.19637,120.46336,93.71195,1,924.28613,93.63995,0,0,0,5.71318,1.52785,0.26743, 
29.8792,73.91693,77.1845,74.85023,56.63158,0.11669,1542.86255,0.96467,0.30144,0.12601,18.94932,7.88936,108.36433,84.62612,6.48899,5.72679,111.31261,17.10346,3.31917,123.47622,96.70792,1,934.63226,93.64156,0,0,0,5.76227,1.48534,0.25777, 
29.97824,74.39687,77.53065,75.18864,56.61437,0.11722,1554.73035,0.9503,0.29426,0.11444,18.76941,7.64185,108.00359,84.26534,6.07276,4.98003,111.81746,17.06455,3.41445,126.22749,99.43282,1,944.09711,93.6435,0,0,0,5.8299,1.45051,0.24881, 
30.07535,75.11102,78.09009,75.73386,56.5933,0.11807,1564.73901,0.92827,0.28565,0.10224,18.55854,7.13897,107.55252,83.81423,5.55295,4.02294,112.27435,16.992,3.49252,128.91513,102.10943,1,953.37488,93.64581,0,0,0,5.86133,1.39652,0.23826, 
30.16423,75.37687,78.15643,75.80056,56.57646,0.11818,1572.3728,0.91915,0.28665,0.0852,18.3566,6.40302,107.06503,83.32671,5.51189,2.93374,112.64437,16.90371,3.54657,131.36139,104.54198,1,961.86273,93.64825,0,0,0,5.90014,1.37902,0.23373, 
30.26706,74.99819,77.5714,75.23599,56.57542,0.1173,1579.41016,0.91922,0.29734,0.05729,18.14891,5.26126,106.44106,82.70268,6.04103,1.69059,112.99337,16.80286,3.57541,134.17543,107.34087,1,971.68182,93.65134,0,0,0,5.91289,1.39705,0.23627, 
30.35021,74.23006,76.78088,74.47137,56.59444,0.11611,1583.94507,0.92423,0.30984,0.03454,18.04095,4.17945,105.92567,82.18726,6.81003,0.8611,113.19935,16.7379,3.56332,136.44035,109.59947,1,979.62286,93.65397,0,0,0,5.83807,1.4311,0.24513, 
30.46359,72.73363,75.39112,73.12644,56.64942,0.11401,1589.02429,0.94861,0.32876,0.01133,17.99627,2.57196,105.26052,81.52205,7.86911,0.35604,113.37904,16.6983,3.50505,139.52141,112.65701,1,990.45874,93.6575,0,0,0,5.83674,1.52211,0.26078, 
30.56933,71.37444,74.14363,71.91915,56.71999,0.11213,1593.25928,0.95593,0.3394,0.00404,18.02126,0.93112,104.70831,80.96979,8.48069,0.45581,113.46012,16.70082,3.42514,142.39648,115.52441,1,1000.57666,93.66051,0,0,0,5.83031,1.58636,0.27209, 
30.65677,70.47118,73.23021,71.03522,56.77772,0.11075,1596.61829,0.94599,0.34004,-0.00069,18.05902,-0.53242,104.31656,80.578,8.5188,0.88584,113.47218,16.69917,3.35384,144.77678,117.89603,1,1008.95251,93.6627,0,0,0,5.84075,1.61058,0.27575, 
30.77159,69.73943,72.54102,70.36967,56.83429,0.10972,1600.62317,0.91301,0.33062,0.01209,18.07937,-2.54778,103.9114,80.1728,7.85582,1.68517,113.43388,16.65009,3.26413,147.90115,121.01564,1,1019.96277,93.66512,0,0,0,5.93294,1.58705,0.2675, 
30.86205,69.62495,72.38409,70.2196,56.85656,0.10948,1602.9928,0.87751,0.31896,0.02706,18.05608,-4.18986,103.66619,79.92755,7.06336,2.30053,113.38189,16.54781,3.21584,150.35211,123.46754,1,1028.64319,93.66671,0,0,0,5.96192,1.53408,0.25731, 
30.97365,69.87832,72.64844,70.47895,56.85461,0.10989,1604.14709,0.83474,0.30338,0.0419,17.98516,-6.24948,103.42334,79.68465,6.03742,2.84709,113.29514,16.33479,3.18831,153.34671,126.44959,1,1039.35278,93.66841,0,0,0,5.93506,1.45042,0.24438, 
31.07335,70.164,72.68886,70.52065,56.82475,0.10996,1602.86292,0.77149,0.2887,0.03063,17.90892,-8.07201,103.2472,79.50845,4.86211,2.66219,113.1744,16.05307,3.17924,155.98128,129.08344,1,1048.91748,93.66983,0,0,0,5.84098,1.34015,0.22944, 
31.16999,70.36661,72.85911,70.68815,56.77126,0.11022,1598.63757,0.73408,0.28149,0.01363,17.87682,-9.68145,103.13292,79.39413,4.3005,1.92312,112.9905,15.66029,3.1451,158.47757,131.57004,1,1058.18054,93.67123,0,0,0,5.71463,1.26863,0.222, 
31.25892,70.74232,73.2888,71.10707,56.71402,0.11087,1591.78894,0.749,0.2834,-0.00174,17.93207,-10.95035,103.08527,79.34645,4.6416,1.20708,112.76336,15.28566,3.08995,160.71547,133.80708,1,1066.69629,93.67258,0,0,0,5.67781,1.27705,0.22492, 
31.36099,71.26948,73.93294,71.73444,56.64396,0.11185,1580.85901,0.80353,0.29137,-0.02851,18.12529,-12.10431,103.11284,79.37397,5.7171,0.57733,112.41393,14.92565,2.99017,163.22203,136.31467,1,1076.46021,93.67421,0,0,0,5.59349,1.34264,0.24004, 
31.44387,71.58905,74.41917,72.20802,56.58429,0.11259,1570.3783,0.85947,0.3001,-0.04171,18.39858,-12.65864,103.23593,79.49702,6.71156,0.28676,112.06073,14.71631,2.8799,165.21843,138.30127,1,1084.37866,93.67558,0,0,0,5.50439,1.41549,0.25716, 
31.55252,71.92769,74.84353,72.62232,56.50851,0.11324,1555.82715,0.9365,0.31396,-0.04366,18.89496,-12.85488,103.55873,79.81978,7.69442,0.35225,111.54376,14.58225,2.72834,167.80365,140.88133,1,1094.74585,93.67741,0,0,0,5.57723,1.52552,0.27353, 
31.65121,71.71066,74.66204,72.44846,56.45369,0.11297,1543.28674,0.98142,0.32608,-0.02588,19.40512,-12.66183,104.00419,80.26518,8.31965,1.37987,111.07177,14.61051,2.6147,170.14592,143.20459,1,1104.15308,93.67904,0,0,0,5.62917,1.60834,0.28572, 
31.76395,71.34693,74.14226,71.94659,56.37555,0.11219,1530.474,0.95241,0.31766,-0.01051,19.96853,-12.1185,104.68602,80.94696,7.42617,2.25056,110.57728,14.6146,2.50682,172.82224,145.86646,1,1114.88708,93.68077,0,0,0,5.77482,1.58745,0.27489, 
31.86492,70.9104,73.5741,71.39753,56.29224,0.11133,1519.81592,0.90583,0.3077,0.01087,20.38765,-11.37882,105.43461,81.6955,6.37958,3.30406,110.21249,14.55171,2.44183,175.21048,148.23848,1,1124.48645,93.68214,0,0,0,5.86373,1.53698,0.26212, 
31.96295,70.40496,73.00803,70.85034,56.20944,0.11048,1509.45728,0.86523,0.30533,0.05679,20.66153,-10.50022,106.24619,82.50705,5.39271,4.39589,109.96423,14.42778,2.42678,177.5098,150.51949,1,1133.79175,93.68327,0,0,0,6.0945,1.49473,0.24526, 
32.06039,70.11326,73.09606,70.93788,56.13068,0.11062,1498.58081,0.85121,0.30133,0.08798,20.78561,-9.66706,107.04339,83.30419,5.16943,5.56609,109.82799,14.24768,2.48079,179.76668,152.76242,1,1143.02747,93.68395,0,0,0,5.9289,1.46643,0.24734, 
32.15823,70.97095,74.14361,71.95661,56.04539,0.11221,1487.04541,0.88663,0.30094,0.11189,20.77761,-8.88763,107.78492,84.04567,5.52216,6.69471,109.76075,14.12854,2.57809,182.00638,154.97246,1,1152.28833,93.68401,0,0,0,5.78279,1.48277,0.25641, 
32.23621,71.47066,74.86101,72.65456,55.97514,0.1133,1477.84839,0.90141,0.30031,0.12748,20.68092,-8.30335,108.3192,84.57993,5.70354,7.44683,109.74625,14.07233,2.67377,183.7793,156.72841,1,1159.65967,93.68393,0,0,0,5.63193,1.47739,0.26232, 
32.34983,72.12704,75.59909,73.37331,55.874,0.11442,1464.81909,0.90308,0.29807,0.14555,20.43599,-7.47296,108.98714,85.2478,5.8032,8.25095,109.78459,14.00716,2.82335,186.3475,159.26414,1,1170.38159,93.68394,0,0,0,5.40827,1.44965,0.26804, 
32.45096,72.52409,76.12094,73.88204,55.78914,0.11521,1453.64783,0.91029,0.29753,0.15621,20.16535,-6.72069,109.45803,85.71864,5.8926,8.76293,109.87127,13.95838,2.95292,188.62083,161.51093,1,1179.91077,93.68417,0,0,0,5.2947,1.44013,0.27199, 
32.54161,72.80277,76.45048,74.2038,55.71926,0.11571,1444.04663,0.91787,0.29801,0.16462,19.89279,-6.03892,109.77048,86.03105,6.01571,9.0416,109.98582,13.92872,3.06633,190.64984,163.52403,1,1188.43921,93.68458,0,0,0,5.22237,1.43863,0.27547, 
32.64645,73.04175,76.75349,74.50026,55.64888,0.11618,1433.52698,0.92395,0.29912,0.16821,19.55652,-5.24067,110.00095,86.26148,6.20178,9.1517,110.1523,13.90073,3.19429,192.98891,165.83551,1,1198.29089,93.6853,0,0,0,5.16618,1.43523,0.27781, 
32.74481,73.17605,76.90563,74.65009,55.59523,0.11641,1424.28503,0.93916,0.30168,0.1668,19.23081,-4.47319,110.09203,86.35252,6.48407,9.07886,110.33316,13.89244,3.31131,195.17827,168.01093,1,1207.52405,93.68622,0,0,0,5.1681,1.45166,0.28089, 
32.82293,73.30507,77.04852,74.7905,55.56256,0.11663,1417.50146,0.95175,0.3042,0.163,18.95757,-3.8399,110.08419,86.34464,6.75317,8.87158,110.48866,13.90748,3.40221,196.91663,169.73041,1,1214.85168,93.68711,0,0,0,5.18762,1.46438,0.28228, 
32.9351,73.48399,77.23267,74.97168,55.53362,0.11692,1408.83496,0.97368,0.30867,0.15382,18.54446,-2.8936,109.95805,86.21844,7.16716,8.34719,110.72433,13.95921,3.5297,199.41724,172.20618,1,1225.36719,93.68862,0,0,0,5.26423,1.48941,0.28293, 
33.03519,73.74406,77.46308,75.19759,55.52813,0.11727,1402.44177,0.9976,0.31306,0.1403,18.16307,-2.02567,109.74754,86.00789,7.59591,7.68151,110.94015,14.04367,3.64045,201.65915,174.43423,1,1234.74768,93.69017,0,0,0,5.35287,1.51567,0.28315, 
33.12468,73.77567,77.2137,74.95742,55.53572,0.11689,1397.90759,0.98232,0.31067,0.11941,17.81845,-1.24189,109.49539,85.7557,7.44355,6.69757,111.12524,14.11114,3.72906,203.67531,176.43318,1,1243.13538,93.69173,0,0,0,5.45886,1.50221,0.27519, 
33.22802,73.77068,77.047,74.79794,55.55463,0.11665,1393.75452,0.97171,0.30729,0.08963,17.42742,-0.32104,109.158,85.41827,7.34469,5.50341,111.31682,14.15707,3.79516,206.01263,178.76778,1,1252.82373,93.6937,0,0,0,5.56208,1.49248,0.26833, 
33.31177,73.91362,77.07593,74.82778,55.57486,0.11669,1390.9823,0.96516,0.30397,0.06516,17.12193,0.46527,108.88044,85.14066,7.27525,4.54831,111.44639,14.17649,3.81311,207.91121,180.65826,1,1260.67798,93.69541,0,0,0,5.60082,1.48143,0.2645, 
33.42051,74.16391,77.27364,75.02225,55.60701,0.117,1387.95044,0.96707,0.3003,0.03725,16.73976,1.54469,108.5511,84.81128,7.14072,3.35195,111.59303,14.19287,3.79569,210.38025,183.11755,1,1270.88074,93.69778,0,0,0,5.69999,1.47795,0.25929, 
33.5196,74.56165,77.58549,75.32727,55.63932,0.11748,1385.66907,0.96464,0.29453,0.01343,16.39511,2.55041,108.30384,84.56396,6.83964,2.34857,111.7115,14.20296,3.74257,212.63365,185.34221,1,1280.18408,93.70007,0,0,0,5.77342,1.46405,0.25359, 
33.6166,75.08977,78.06176,75.79187,55.67055,0.1182,1383.76562,0.95488,0.28716,-0.00405,16.04927,3.53841,108.12888,84.38896,6.41976,1.48877,111.82201,14.19859,3.66285,214.841,187.53143,1,1289.2959,93.70242,0,0,0,5.81062,1.4336,0.24672, 
33.70568,75.65964,78.56421,76.28167,55.69526,0.11897,1382.12158,0.94387,0.27888,-0.0189,15.71745,4.44563,108.04164,84.3017,5.88138,0.90832,111.91941,14.17134,3.56917,216.86655,189.56598,1,1297.66846,93.70472,0,0,0,5.85441,1.40133,0.23936, 
33.80843,76.42303,79.19498,76.89651,55.71839,0.11993,1380.04932,0.92141,0.26836,-0.02771,15.30923,5.47766,108.03912,84.29913,5.12471,0.46509,112.03773,14.10102,3.44221,219.19566,191.89275,1,1307.32996,93.70749,0,0,0,5.89707,1.34935,0.22882, 
33.89167,76.99259,79.75323,77.44038,55.73648,0.12077,1377.93518,0.89978,0.26298,-0.0243,14.96386,6.24398,108.11061,84.37057,4.46489,0.29779,112.15125,14.00108,3.33553,221.07088,193.76726,1,1315.15955,93.70985,0,0,0,6.04579,1.30219,0.21539, 
34.0004,77.66234,80.39248,78.06367,55.75772,0.12175,1374.06335,0.86259,0.2517,-0.0246,14.53577,6.96386,108.28789,84.54779,3.62707,0.33018,112.32085,13.79867,3.20233,223.49425,196.19751,1,1325.39075,93.71306,0,0,0,5.98365,1.23149,0.20581, 
34.09935,78.11298,80.63293,78.29942,55.77623,0.12212,1368.9032,0.83651,0.24712,-0.02592,14.19574,7.35305,108.53794,84.79781,3.14543,0.32473,112.48614,13.55106,3.08463,225.66365,198.34103,1,1334.70471,93.71609,0,0,0,5.89666,1.1884,0.20154, 
34.21222,77.98247,80.42515,78.10012,55.80847,0.12181,1360.7168,0.82055,0.24938,-0.02244,13.89299,7.5935,108.95007,85.20988,3.10816,0.60578,112.67474,13.21889,2.94846,228.08501,200.75322,1,1345.33362,93.7196,0,0,0,5.78199,1.17074,0.20248, 
34.3125,77.44713,79.8443,77.53824,55.85823,0.12093,1351.27661,0.82526,0.25772,-0.00931,13.71525,7.7599,109.43355,85.69332,3.54401,1.22913,112.86568,12.91355,2.84408,230.18646,202.82709,1,1354.78369,93.72264,0,0,0,5.72406,1.19196,0.20824, 
34.41135,76.53376,78.94334,76.66534,55.93546,0.11957,1340.27515,0.84696,0.27113,0.00885,13.63485,7.98122,110.00787,86.26759,4.37033,2.01765,113.09602,12.6367,2.77148,232.21414,204.85086,1,1364.11047,93.7254,0,0,0,5.6929,1.24768,0.21916, 
34.50452,75.44848,77.90852,75.66219,56.03668,0.11801,1328.82922,0.86755,0.28559,0.03125,13.65933,8.29608,110.62064,86.88033,5.45371,2.82553,113.36221,12.40814,2.7334,234.09055,206.71605,1,1372.91675,93.72764,0,0,0,5.55951,1.30866,0.23539, 
34.61406,74.23668,76.95722,74.74051,56.18662,0.11657,1314.56653,0.89204,0.30118,0.05892,13.84344,8.80064,111.3904,87.65003,6.24952,3.91044,113.74842,12.17947,2.73351,236.26144,208.86214,1,1383.29199,93.72883,0,0,0,5.61872,1.3783,0.2453, 
34.71045,73.35862,76.23386,74.03976,56.33609,0.11548,1301.72058,0.91539,0.31225,0.08932,14.14821,9.34943,112.06311,88.3227,7.06521,4.74189,114.16805,12.01186,2.77615,238.14639,210.73201,1,1392.44836,93.72731,0,0,0,5.47685,1.43991,0.26291, 
34.8214,72.45299,75.61041,73.43639,56.52206,0.11454,1287.12854,0.95814,0.32617,0.1105,14.61669,10.11248,112.76563,89.02518,7.9845,5.37385,114.73687,11.88543,2.8654,240.29642,212.85263,1,1403.01892,93.72248,0,0,0,5.42443,1.53138,0.28231, 
34.92514,71.88673,75.20065,73.04036,56.70379,0.11392,1274.40088,1.00596,0.3376,0.11792,15.07989,10.93076,113.30398,89.56348,8.65131,5.63318,115.33614,11.85443,2.96248,242.30096,214.84636,1,1412.93408,93.71583,0,0,0,5.47554,1.62576,0.29691, 
35.01304,71.63018,75.04399,72.88976,56.85865,0.11369,1264.8512,1.02689,0.34177,0.11801,15.4037,11.6574,113.64033,89.8998,8.91299,5.59317,115.88181,11.88053,3.04351,244.00555,216.53851,1,1421.36072,93.70964,0,0,0,5.51967,1.66672,0.30196, 
35.11909,72.02657,75.69185,73.52108,57.03553,0.11467,1255.12354,1.04581,0.3365,0.10643,15.66697,12.53239,113.89453,90.15393,8.80071,5.08698,116.56049,11.938,3.13007,246.07538,218.74341,0,1431.55774,93.70304,0,0,0,5.64437,1.66891,0.29568, 
35.19859,72.96947,76.56232,74.36812,57.15384,0.11599,1249.17078,1.05535,0.32911,0.09732,15.77233,13.14421,113.98459,90.24397,8.52114,4.60299,117.07639,12.00082,3.17919,247.63889,220.20914,0,1439.21985,93.69905,0,0,0,5.74515,1.64652,0.28659, 
35.31193,75.18613,78.48992,76.24271,57.30452,0.11892,1242.57312,1.06888,0.32471,0.05679,15.84187,13.90587,114.01086,90.27018,8.41089,3.15953,117.77924,12.10525,3.2127,249.8884,222.3129,0,1450.17017,93.69476,0,0,0,5.76227,1.58161,0.27448, 
35.41198,75.22204,78.61536,76.36659,57.45143,0.11911,1238.78564,1.10133,0.33393,0.05095,15.9073,14.52443,114.02758,90.28687,8.98935,3.11203,118.39821,12.25436,3.20384,251.90059,224.39745,0,1459.86194,93.6923,0,0,0,5.75499,1.62356,0.28211, 
35.50982,75.24977,78.7626,76.51163,57.61303,0.11934,1237.28235,1.1242,0.33984,0.05043,15.96599,15.0737,114.05039,90.30963,9.37401,3.13926,119.0307,12.44389,3.18938,253.90149,226.53174,0,1469.36414,93.69099,0,0,0,5.7488,1.65083,0.28716, 
35.60643,75.39315,78.96886,76.71403,57.78547,0.11966,1238.09888,1.1425,0.34209,0.05184,16.0066,15.55832,114.07773,90.33692,9.53525,3.34833,119.68193,12.65737,3.17464,255.91591,228.53452,0,1478.776,93.69061,0,0,0,5.76427,1.66947,0.28962, 
35.70292,75.64828,79.31593,77.05325,57.96488,0.12019,1241.19739,1.14539,0.33888,0.05645,16.01591,15.98257,114.10446,90.36362,9.46125,3.56499,120.35735,12.87795,3.16291,257.96872,230.51517,0,1488.20398,93.69102,0,0,0,5.75505,1.65957,0.28837, 
35.7802,75.99467,79.64817,77.37772,58.10897,0.12069,1245.17383,1.13898,0.33283,0.063,16.01071,16.27113,114.12444,90.38356,9.21857,3.76699,120.9129,13.04038,3.15831,259.64197,231.90997,0,1495.7771,93.6919,0,0,0,5.74829,1.63714,0.28481, 
35.89317,76.69234,80.33199,78.04456,58.31795,0.12174,1252.88574,1.13426,0.32257,0.07757,16.01904,16.56538,114.13138,90.39046,8.74342,4.03669,121.75945,13.24998,3.169,262.13013,234.58418,0,1506.88013,93.69397,0,0,0,5.7549,1.60413,0.27874, 
35.99353,77.46931,81.05655,78.75083,58.49723,0.12284,1261.27454,1.12929,0.31213,0.08372,16.04585,16.71262,114.09505,90.3541,8.2355,4.07218,122.53071,13.41421,3.1914,264.37823,237.01328,0,1516.77783,93.6965,0,0,0,5.77862,1.56987,0.27167, 
36.08379,78.18521,82.01284,79.682,58.65142,0.12429,1269.7334,1.1309,0.30225,0.08835,16.08397,16.77435,114.01863,90.27763,7.80201,4.0123,123.22987,13.54838,3.21526,266.42786,238.71988,0,1525.70435,93.69934,0,0,0,5.80047,1.53638,0.26487, 
36.18808,80.03286,83.70325,81.32699,58.82664,0.12686,1280.52197,1.17293,0.29803,0.0874,16.13508,16.81113,113.86614,90.1251,7.6615,3.46096,124.06599,13.74385,3.24895,268.83017,241.36566,0,1536.04578,93.70318,0,0,0,5.87742,1.5293,0.2602, 
36.27242,80.89764,84.43077,82.03587,58.98389,0.12796,1290.42761,1.21694,0.30824,0.06607,16.17165,16.85514,113.69164,89.95056,8.09697,2.35723,124.74038,13.97465,3.2617,270.81009,243.20628,0,1544.43372,93.70672,0,0,0,5.9507,1.55792,0.2618, 
36.38152,80.89916,84.28691,81.89901,59.22888,0.12775,1305.78369,1.26672,0.33192,0.02164,16.20769,16.92012,113.43291,89.6918,8.99245,0.66603,125.57182,14.38624,3.23451,273.4404,246.03601,0,1555.3208,93.71176,0,0,0,6.00139,1.62597,0.27093, 
36.48114,79.90547,83.21683,80.86188,59.49004,0.12614,1323.13232,1.26765,0.34729,-0.01645,16.21222,16.92559,113.21117,89.47002,9.48722,-0.5281,126.26298,14.82109,3.16086,275.9259,248.39362,0,1565.30676,93.71657,0,0,0,5.99039,1.66999,0.27878, 
36.57835,78.46568,81.59735,79.29084,59.75443,0.12369,1343.08252,1.21818,0.34666,-0.03687,16.16668,16.82621,113.05066,89.30947,9.21164,-1.08086,126.86326,15.20725,3.05582,278.42969,250.94037,0,1575.09326,93.72117,0,0,0,6.0284,1.67168,0.2773, 
36.66791,77.11682,79.99337,77.73454,59.98154,0.12126,1363.2655,1.13924,0.33327,-0.04052,16.0561,16.6273,112.96927,89.22804,8.20738,-1.05049,127.35615,15.45762,2.94639,280.79391,253.35905,0,1584.14758,93.72514,0,0,0,6.17784,1.63049,0.26393, 
36.77127,75.72287,78.32925,76.12023,60.20016,0.11874,1387.00977,1.00913,0.30806,-0.03174,15.83025,16.3008,112.95499,89.21373,6.46746,-0.69064,127.85461,15.54924,2.82029,283.55991,256.14429,0,1594.63489,93.72917,0,0,0,6.29765,1.51105,0.23994, 
36.85516,74.94744,77.38083,75.20065,60.34003,0.11731,1405.00513,0.90944,0.28918,-0.02004,15.59169,15.98586,113.00466,89.26337,4.94656,-0.40009,128.20947,15.44969,2.72784,285.80649,258.22571,0,1603.17188,93.73198,0,0,0,6.37723,1.39945,0.21944, 
36.96397,74.4183,76.80553,74.6445,60.48246,0.11644,1424.52075,0.80672,0.27056,-0.00996,15.27811,15.53386,113.14323,89.4019,3.45176,-0.36739,128.61496,15.1262,2.62726,288.6839,261.08328,0,1614.2688,93.73499,0,0,0,6.25231,1.26387,0.20215, 
37.0626,74.44469,76.88017,74.71958,60.58922,0.11656,1437.15222,0.76549,0.26178,-0.01103,15.05069,15.14568,113.33573,89.59437,2.79209,-0.79135,128.94009,14.72271,2.54591,291.23236,263.73459,0,1624.3479,93.73717,0,0,0,6.17332,1.19826,0.1941, 
37.17478,73.92357,76.23505,74.09533,60.69703,0.11559,1445.31274,0.72214,0.26055,-0.03156,14.90895,14.79207,113.63825,89.89684,2.37105,-2.06393,129.2464,14.1951,2.4349,294.04327,266.54077,0,1635.83276,93.7392,0,0,0,5.99242,1.15087,0.19205, 
37.27566,73.71243,76.16405,74.02875,60.78412,0.11549,1446.9032,0.71933,0.25997,-0.05274,14.90424,14.57061,113.99949,90.25804,2.43914,-3.25012,129.46758,13.70539,2.29469,296.48514,268.89725,0,1646.1759,93.74075,0,0,0,5.85424,1.14822,0.19614, 
37.37266,73.87375,76.54222,74.39857,60.8597,0.11606,1443.85535,0.73415,0.25995,-0.07303,15.01984,14.44482,114.44361,90.70213,2.82891,-4.332,129.64726,13.26232,2.12408,298.75778,271.17322,0,1656.13477,93.74202,0,0,0,5.66567,1.15892,0.20455, 
37.45801,74.37376,77.31038,75.14706,60.9205,0.11723,1438.15466,0.78598,0.26363,-0.10114,15.22543,14.39503,114.92986,91.18835,3.55107,-5.60126,129.78659,12.9425,1.94688,300.70251,273.12854,1,1664.90723,93.74302,0,0,0,5.57946,1.21475,0.21772, 
37.56178,74.97691,78.08295,75.90041,60.98467,0.11841,1428.71155,0.82839,0.26531,-0.11711,15.57032,14.36856,115.65667,91.91512,4.01901,-6.16052,129.94498,12.65212,1.6994,303.01614,275.42813,1,1675.58374,93.74415,0,0,0,5.53295,1.25441,0.22672, 
37.63912,75.533,78.65993,76.463,61.026,0.11929,1420.5752,0.87326,0.26801,-0.12331,15.8672,14.36177,116.29598,92.55441,4.32406,-6.27776,130.0699,12.49982,1.51321,304.71356,277.11472,1,1683.5481,93.74496,0,0,0,5.64562,1.30305,0.23081, 
37.74986,76.30731,79.5051,77.28697,61.07708,0.12057,1408.45251,0.91896,0.26963,-0.12412,16.2485,14.35467,117.33591,93.59428,4.53806,-6.03404,130.27551,12.37889,1.25521,307.12024,279.51273,1,1694.96008,93.74616,0,0,0,5.79757,1.34236,0.23154, 
37.84713,76.98621,80.07234,77.84057,61.11159,0.12144,1398.05347,0.93834,0.2689,-0.11454,16.49948,14.33805,118.35399,94.61234,4.57463,-5.41957,130.48286,12.3189,1.04619,309.22186,281.60184,1,1704.99121,93.74728,0,0,0,5.90632,1.35143,0.22881, 
37.93593,77.46931,80.47157,78.23058,61.13745,0.12205,1389.00452,0.94681,0.26764,-0.09985,16.64854,14.30813,119.3593,95.61761,4.47143,-4.5552,130.69957,12.27914,0.8772,311.13391,283.50726,1,1714.1532,93.7484,0,0,0,6.05284,1.35049,0.22312, 
38.03695,77.88798,80.71388,78.46845,61.16411,0.12242,1379.26355,0.94455,0.26601,-0.07322,16.72998,14.25313,120.57027,96.82855,4.30248,-3.27295,130.98457,12.22783,0.72005,313.30188,285.68024,1,1724.57922,93.74977,0,0,0,6.20337,1.33943,0.21592, 
38.13217,77.96199,80.59061,78.35072,61.19308,0.12224,1370.43726,0.93795,0.26699,-0.0414,16.73369,14.18608,121.75276,98.01101,4.1217,-2.04272,131.29872,12.15893,0.61627,315.33594,287.70746,1,1734.41113,93.75115,0,0,0,6.38729,1.33466,0.20896, 
38.20768,77.76813,80.30539,78.07507,61.22233,0.12181,1363.50195,0.92515,0.2681,-0.01615,16.69801,14.13007,122.69758,98.9558,4.02524,-1.10642,131.5788,12.08011,0.5676,316.93948,289.30981,1,1742.21252,93.75229,0,0,0,6.44295,1.32598,0.2058, 
38.3172,77.31072,79.74551,77.53307,61.27605,0.12096,1353.12549,0.90175,0.27007,0.0221,16.63442,13.9581,124.04184,100.30003,3.9918,0.23264,132.03136,11.91222,0.55018,319.24197,291.63,1,1753.53528,93.75392,0,0,0,6.38731,1.31017,0.20512, 
38.41667,76.71473,79.14976,76.95595,61.33739,0.12006,1342.93042,0.89392,0.27468,0.05136,16.60238,13.64925,125.19699,101.45514,4.13281,1.28365,132.48642,11.72267,0.5906,321.30246,293.69171,1,1763.82837,93.75532,0,0,0,6.33717,1.3174,0.20788, 
38.50886,76.09311,78.53979,76.36473,61.40581,0.11914,1332.70496,0.89522,0.28077,0.07329,16.61064,13.27351,126.1834,102.44151,4.41456,2.07361,132.93877,11.53879,0.66478,323.18253,295.57904,1,1773.37805,93.75648,0,0,0,6.28511,1.3384,0.21295, 
38.61534,75.2514,77.8047,75.65218,61.49769,0.11803,1320.01184,0.90536,0.28956,0.09319,16.67107,12.77104,127.19915,103.45723,4.94111,2.7272,133.48732,11.33377,0.78416,325.32034,297.74261,1,1784.42432,93.7575,0,0,0,6.20414,1.37679,0.22192, 
38.71689,74.53694,77.1696,75.03665,61.59827,0.11707,1307.34436,0.92814,0.29957,0.10586,16.7556,12.23346,128.01581,104.27386,5.58437,3.06707,134.03191,11.17581,0.91961,327.32965,299.74231,1,1794.97424,93.75754,0,0,0,6.17484,1.43228,0.23195, 
38.81716,73.77899,76.45198,74.34079,61.70327,0.11599,1294.66248,0.92603,0.30513,0.10249,16.84584,11.67506,128.6662,104.92421,5.89966,2.81751,134.55522,11.0269,1.05602,329.2901,301.73499,1,1805.40955,93.75627,0,0,0,6.18331,1.45446,0.23522, 
38.91634,73.29167,76.08497,73.9858,61.81482,0.11543,1282.14575,0.95359,0.31425,0.09979,16.93126,11.117,129.1626,105.42058,6.67023,2.64496,135.06238,10.92629,1.18289,331.21048,303.7027,1,1815.74951,93.75381,0,0,0,6.14098,1.50957,0.24582, 
38.99719,73.0955,75.9917,73.89654,61.90968,0.11529,1272.35059,0.97645,0.32011,0.09421,16.98642,10.6581,129.46423,105.72219,7.17849,2.4041,135.4633,10.88667,1.27554,332.76935,305.26651,1,1824.1936,93.75123,0,0,0,6.13682,1.5481,0.25226, 
39.1026,73.1022,76.14891,74.05147,62.034,0.11554,1260.65015,1.00243,0.32337,0.08368,17.01926,10.04417,129.73024,105.98816,7.62401,2.03855,135.96208,10.88961,1.37799,334.80219,307.32913,1,1835.22119,93.74785,0,0,0,6.11677,1.58135,0.25853, 
39.19817,73.48732,76.60656,74.49834,62.1422,0.11624,1251.47778,1.02518,0.32433,0.07881,16.99709,9.4641,129.86555,106.12344,7.91425,2.13503,136.3909,10.93528,1.45423,336.65366,309.22034,1,1845.23816,93.74534,0,0,0,6.04279,1.59657,0.26421, 
39.30698,73.82389,76.9686,74.85249,62.27003,0.11679,1243.0874,1.05932,0.32947,0.07918,16.89044,8.78419,129.91412,106.17198,8.3024,2.44643,136.86534,11.05275,1.53174,338.78247,311.34564,1,1856.66418,93.74319,0,0,0,6.0132,1.63331,0.27162, 
39.40358,73.96008,77.19106,75.07075,62.39209,0.11713,1237.92249,1.0776,0.3319,0.08255,16.7053,8.15566,129.87404,106.13187,8.46298,2.86714,137.2753,11.2004,1.59802,340.70007,313.28818,1,1866.82849,93.74188,0,0,0,5.99603,1.65175,0.27547, 
39.49673,74.06952,77.30654,75.18492,62.51776,0.11731,1235.10645,1.08044,0.33032,0.08707,16.42898,7.47917,129.76071,106.01852,8.31451,3.22915,137.65913,11.35978,1.66421,342.57925,315.18472,1,1876.6499,93.74113,0,0,0,6.033,1.65196,0.27382, 
39.57941,74.15728,77.34682,75.22571,62.63381,0.11737,1234.25806,1.06675,0.3251,0.0903,16.09696,6.79299,129.59865,105.85643,7.90296,3.52271,137.98416,11.48919,1.72639,344.27243,316.86066,1,1885.38477,93.74085,0,0,0,6.10446,1.63081,0.26715, 
39.68072,74.38036,77.4303,75.30903,62.77525,0.1175,1234.90564,1.02515,0.31159,0.09245,15.59195,5.8428,129.32983,105.58757,6.98309,3.7523,138.35164,11.59618,1.80761,346.37253,318.96613,1,1896.10925,93.74097,0,0,0,6.19748,1.56655,0.25277, 
39.75647,74.57152,77.53053,75.4081,62.87637,0.11766,1236.08423,0.9813,0.29896,0.09265,15.15887,5.05042,129.08475,105.34248,6.09652,3.82772,138.5985,11.61768,1.8723,347.95322,320.55179,1,1904.14307,93.74134,0,0,0,6.25674,1.49822,0.23946, 
39.86521,74.94253,77.75299,75.62669,63.01007,0.118,1237.71729,0.90809,0.27967,0.08997,14.48374,3.74819,128.67424,104.93193,4.63516,3.74008,138.90363,11.5376,1.96992,350.21991,322.78659,1,1915.69788,93.74231,0,0,0,6.32124,1.38298,0.21878, 
39.96125,75.40291,78.07631,75.94319,63.11438,0.1185,1237.95825,0.83981,0.26361,0.08452,13.87009,2.43411,128.26936,104.52703,3.28678,3.52173,139.11801,11.34946,2.05851,352.19977,324.75656,1,1925.92249,93.74353,0,0,0,6.32555,1.27292,0.20123, 
40.0544,75.85727,78.43406,76.29307,63.2039,0.11904,1236.07227,0.76755,0.2505,0.07444,13.30524,1.0498,127.85325,104.11089,2.10414,3.09804,139.27141,11.05554,2.14241,354.07996,326.62302,1,1935.85339,93.74505,0,0,0,6.19351,1.15686,0.18679, 
40.13732,76.6347,79.55932,77.38921,63.27332,0.12075,1231.93616,0.72208,0.23722,0.07307,12.87535,-0.20159,127.47514,103.73275,1.13498,2.97722,139.36766,10.71306,2.2112,355.70462,328.22055,1,1944.70459,93.74666,0,0,0,5.99978,1.06125,0.17688, 
40.23857,78.40621,81.19678,78.98407,63.34495,0.12324,1223.09045,0.70488,0.22828,0.07313,12.49373,-1.72418,126.99936,103.25694,0.72778,2.85974,139.45604,10.24176,2.30395,357.61374,330.10818,1,1955.52502,93.74891,0,0,0,5.7631,0.99544,0.17273, 
40.3148,79.22526,81.91758,79.68671,63.39923,0.12434,1213.72571,0.73401,0.23134,0.07054,12.33599,-2.84507,126.62641,102.88397,1.24731,2.77987,139.49652,9.90625,2.36954,358.996,331.47263,1,1963.67944,93.75082,0,0,0,5.76015,1.0157,0.17633, 
40.42327,79.69786,82.3597,80.11877,63.4862,0.12502,1197.50171,0.82521,0.24588,0.06817,12.30972,-4.37195,126.06831,102.32584,2.88324,2.65354,139.5121,9.54988,2.44572,360.89484,333.34927,1,1975.29626,93.75385,0,0,0,5.84199,1.12294,0.19222, 
